Customer_ID,Recency,Frequency,Monetary,R_Score,F_Score,M_Score,RFM_Score,Segment,Cluster,Cluster_Label,prob_alive,predicted_purchases_12m,avg_order_value,clv_12m,clv_tier
12346,326,1,77183.6,1,1,5,115,Can't Lose Them,3,🟢 Promising Mid-Tier,1.0,0.41,77183.6,31616.55,Platinum
12347,2,7,4310.0,5,5,5,555,Champions,2,🏆 High Value Active,0.9999,5.66,615.71,22908.09,Platinum
12348,75,4,1437.24,2,4,4,244,At Risk,3,🟢 Promising Mid-Tier,0.9995,3.04,359.31,7227.96,Gold
12349,19,1,1457.55,4,1,4,414,New Customers,1,🟢 Promising Mid-Tier,1.0,0.41,1457.55,597.05,Silver
12350,310,1,294.4,1,1,2,112,Hibernating,0,❄️  Inactive / Lost,1.0,0.41,294.4,120.59,Bronze
12352,36,7,1385.74,3,5,4,354,Loyal Customers,3,🟢 Promising Mid-Tier,0.9998,5.66,197.96,7415.87,Gold
12353,204,1,89.0,1,1,1,111,Hibernating,0,❄️  Inactive / Lost,1.0,0.41,89.0,36.46,Bronze
12354,232,1,1079.4,1,1,4,114,Can't Lose Them,0,❄️  Inactive / Lost,1.0,0.41,1079.4,442.15,Bronze
12355,214,1,459.4,1,1,2,112,Hibernating,0,❄️  Inactive / Lost,1.0,0.41,459.4,188.18,Bronze
12356,23,3,2487.43,4,3,5,435,Loyal Customers,3,🟢 Promising Mid-Tier,0.9995,2.16,829.14,11832.52,Platinum
12357,33,1,6207.67,4,1,5,415,New Customers,3,🟢 Promising Mid-Tier,1.0,0.41,6207.67,2542.83,Silver
12358,2,2,928.06,5,2,4,524,New Customers,1,🟢 Promising Mid-Tier,0.9987,1.28,464.03,4018.83,Gold
12359,58,4,6372.58,3,4,5,345,Loyal Customers,3,🟢 Promising Mid-Tier,0.9996,3.04,1593.14,31772.8,Platinum
12360,52,3,2302.06,3,3,5,335,Loyal Customers,3,🟢 Promising Mid-Tier,0.9994,2.16,767.35,10956.12,Platinum
12361,287,1,174.9,1,1,1,111,Hibernating,0,❄️  Inactive / Lost,1.0,0.41,174.9,71.64,Bronze
12362,3,10,4737.23,5,5,5,555,Champions,2,🏆 High Value Active,0.9999,8.29,473.72,25783.28,Platinum
12363,110,2,552.0,2,2,3,223,Need Attention,0,❄️  Inactive / Lost,0.9979,1.28,276.0,2430.24,Silver
12364,8,4,1208.1,5,4,4,544,Champions,1,🟢 Promising Mid-Tier,0.9997,3.04,302.02,6089.8,Gold
12365,291,1,320.69,1,1,2,112,Hibernating,0,❄️  Inactive / Lost,1.0,0.41,320.69,131.36,Bronze
12367,4,1,150.9,5,1,1,511,New Customers,1,🟢 Promising Mid-Tier,1.0,0.41,150.9,61.81,Bronze
12370,51,4,3425.69,3,4,5,345,Loyal Customers,3,🟢 Promising Mid-Tier,0.9996,3.04,856.42,17117.83,Platinum
12371,60,1,1527.96,3,1,4,314,Need Attention,3,🟢 Promising Mid-Tier,1.0,0.41,1527.96,625.89,Silver
12372,72,3,1196.04,3,3,4,334,Loyal Customers,3,🟢 Promising Mid-Tier,0.9994,2.16,398.68,5733.28,Gold
12373,311,1,324.6,1,1,2,112,Hibernating,0,❄️  Inactive / Lost,1.0,0.41,324.6,132.97,Bronze
12374,25,1,622.93,4,1,3,413,New Customers,1,🟢 Promising Mid-Tier,1.0,0.41,622.93,255.17,Bronze
12375,11,2,377.5,5,2,2,522,New Customers,1,🟢 Promising Mid-Tier,0.9986,1.28,188.75,1695.66,Silver
12377,315,2,1548.12,1,2,4,124,Can't Lose Them,3,🟢 Promising Mid-Tier,0.9896,1.27,774.06,6574.89,Gold
12378,130,1,4008.62,2,1,5,215,Can't Lose Them,3,🟢 Promising Mid-Tier,1.0,0.41,4008.62,1642.04,Silver
12379,82,2,777.24,2,2,3,223,Need Attention,3,🟢 Promising Mid-Tier,0.9982,1.28,388.62,3380.78,Gold
12380,22,4,2427.81,4,4,5,445,Champions,3,🟢 Promising Mid-Tier,0.9997,3.04,606.95,12156.11,Platinum
12381,5,3,1474.81,5,3,4,534,Loyal Customers,1,🟢 Promising Mid-Tier,0.9996,2.16,491.6,7051.05,Gold
12383,185,5,1628.56,1,4,4,144,At Risk,3,🟢 Promising Mid-Tier,0.9977,3.9,325.71,8406.57,Gold
12384,29,2,425.27,4,2,2,422,New Customers,1,🟢 Promising Mid-Tier,0.9985,1.28,212.64,1897.04,Silver
12386,338,2,401.9,1,2,2,122,Hibernating,0,❄️  Inactive / Lost,0.9849,1.27,200.95,1773.9,Silver
12388,16,6,2780.66,4,5,5,455,Champions,2,🏆 High Value Active,0.9998,4.79,463.44,14606.83,Platinum
12390,80,1,504.84,2,1,3,213,Need Attention,0,❄️  Inactive / Lost,1.0,0.41,504.84,206.8,Bronze
12391,22,1,460.89,4,1,2,412,New Customers,1,🟢 Promising Mid-Tier,1.0,0.41,460.89,188.79,Bronze
12393,72,4,1582.6,3,4,4,344,Loyal Customers,3,🟢 Promising Mid-Tier,0.9995,3.04,395.65,7950.91,Gold
12394,64,2,1080.48,3,2,4,324,Potential Loyalists,3,🟢 Promising Mid-Tier,0.9983,1.28,540.24,4660.31,Gold
12395,19,12,2682.63,4,5,5,455,Champions,2,🏆 High Value Active,0.9999,10.04,223.55,14766.64,Platinum
12397,36,2,2214.9,3,2,5,325,Potential Loyalists,3,🟢 Promising Mid-Tier,0.9985,1.28,1107.45,9447.0,Gold
12398,46,1,1435.66,3,1,4,314,Need Attention,3,🟢 Promising Mid-Tier,1.0,0.41,1435.66,588.09,Silver
12399,119,4,1033.65,2,4,4,244,At Risk,3,🟢 Promising Mid-Tier,0.9992,3.04,258.41,5219.48,Gold
12401,303,1,69.3,1,1,1,111,Hibernating,0,❄️  Inactive / Lost,1.0,0.41,69.3,28.39,Bronze
12402,323,1,195.6,1,1,1,111,Hibernating,0,❄️  Inactive / Lost,1.0,0.41,195.6,80.12,Bronze
12403,50,1,391.7,3,1,2,312,Promising,0,❄️  Inactive / Lost,1.0,0.41,391.7,160.45,Bronze
12405,149,1,1390.39,2,1,4,214,Can't Lose Them,0,❄️  Inactive / Lost,1.0,0.41,1390.39,569.54,Silver
12406,22,2,3415.3,4,2,5,425,New Customers,3,🟢 Promising Mid-Tier,0.9986,1.28,1707.65,14512.34,Platinum
12407,50,5,1507.12,3,4,4,344,Loyal Customers,3,🟢 Promising Mid-Tier,0.9997,3.91,301.42,7801.04,Gold
12408,33,5,2618.55,4,4,5,445,Champions,3,🟢 Promising Mid-Tier,0.9998,3.91,523.71,13497.08,Platinum
12409,79,3,11072.67,2,3,5,235,At Risk,3,🟢 Promising Mid-Tier,0.9993,2.16,3690.89,52362.83,Platinum
12410,309,2,533.33,1,2,3,123,Need Attention,0,❄️  Inactive / Lost,0.9904,1.27,266.67,2333.84,Silver
12412,75,3,1142.88,2,3,4,234,At Risk,3,🟢 Promising Mid-Tier,0.9994,2.16,380.96,5482.22,Gold
12413,67,3,686.1,3,3,3,333,Loyal Customers,3,🟢 Promising Mid-Tier,0.9994,2.16,228.7,3325.74,Gold
12414,217,3,442.41,1,3,2,132,Need Attention,0,❄️  Inactive / Lost,0.9976,2.16,147.47,2171.18,Silver
12415,24,20,124564.53,4,5,5,455,Champions,2,🏆 High Value Active,0.9999,17.05,6228.23,694897.91,Platinum
12417,3,9,3226.1,5,5,5,555,Champions,2,🏆 High Value Active,0.9999,7.42,358.46,17474.19,Platinum
12418,113,1,668.58,2,1,3,213,Need Attention,0,❄️  Inactive / Lost,1.0,0.41,668.58,273.87,Bronze
12420,64,1,600.39,3,1,3,313,Need Attention,0,❄️  Inactive / Lost,1.0,0.41,600.39,245.94,Bronze
12421,16,4,639.04,4,4,3,443,Loyal Customers,1,🟢 Promising Mid-Tier,0.9997,3.04,159.76,3259.3,Gold
12422,96,3,683.56,2,3,3,233,At Risk,3,🟢 Promising Mid-Tier,0.9992,2.16,227.85,3313.26,Gold
12423,1,8,1634.31,5,5,4,554,Champions,2,🏆 High Value Active,0.9999,6.54,204.29,8820.74,Gold
12424,163,2,1760.96,2,2,4,224,Can't Lose Them,3,🟢 Promising Mid-Tier,0.9973,1.28,880.48,7522.67,Gold
12425,78,1,777.2,2,1,3,213,Need Attention,0,❄️  Inactive / Lost,1.0,0.41,777.2,318.36,Bronze
12426,195,1,510.73,1,1,3,113,Need Attention,0,❄️  Inactive / Lost,1.0,0.41,510.73,209.21,Bronze
12427,22,3,699.8,4,3,3,433,Loyal Customers,1,🟢 Promising Mid-Tier,0.9995,2.16,233.27,3390.96,Gold
12428,26,8,6405.26,4,5,5,455,Champions,2,🏆 High Value Active,0.9999,6.54,800.66,34351.17,Platinum
12429,9,4,3388.4,5,4,5,545,Champions,2,🏆 High Value Active,0.9997,3.04,847.1,16934.34,Platinum
12430,43,1,216.4,3,1,1,311,Promising,0,❄️  Inactive / Lost,1.0,0.41,216.4,88.64,Bronze
12431,36,15,6382.45,3,5,5,355,Loyal Customers,2,🏆 High Value Active,0.9998,12.67,425.5,35350.37,Platinum
12432,43,4,4359.32,3,4,5,345,Loyal Customers,3,🟢 Promising Mid-Tier,0.9997,3.04,1089.83,21761.64,Platinum
12433,1,7,13375.87,5,5,5,555,Champions,2,🏆 High Value Active,0.9999,5.66,1910.84,70935.75,Platinum
12434,85,2,806.14,2,2,3,223,Need Attention,3,🟢 Promising Mid-Tier,0.9982,1.28,403.07,3502.58,Gold
12435,80,2,7829.89,2,2,5,225,Can't Lose Them,3,🟢 Promising Mid-Tier,0.9982,1.28,3914.94,33125.44,Platinum
12436,100,1,429.01,2,1,2,212,Hibernating,0,❄️  Inactive / Lost,1.0,0.41,429.01,175.73,Bronze
12437,2,18,4447.41,5,5,5,555,Champions,2,🏆 High Value Active,1.0,15.3,247.08,24806.48,Platinum
12438,14,2,2466.85,4,2,5,425,New Customers,3,🟢 Promising Mid-Tier,0.9986,1.28,1233.42,10511.17,Platinum
12441,367,1,155.55,1,1,1,111,Hibernating,0,❄️  Inactive / Lost,1.0,0.41,155.55,63.72,Bronze
12442,3,1,144.06,5,1,1,511,New Customers,1,🟢 Promising Mid-Tier,1.0,0.41,144.06,59.01,Bronze
12444,21,5,4085.46,4,4,5,445,Champions,3,🟢 Promising Mid-Tier,0.9998,3.91,817.09,21015.05,Platinum
12445,22,1,77.4,4,1,1,411,New Customers,1,🟢 Promising Mid-Tier,1.0,0.41,77.4,31.71,Bronze
12446,58,1,1002.31,3,1,4,314,Need Attention,0,❄️  Inactive / Lost,1.0,0.41,1002.31,410.57,Bronze
12447,243,1,431.49,1,1,2,112,Hibernating,0,❄️  Inactive / Lost,1.0,0.41,431.49,176.75,Bronze
12448,44,1,365.45,3,1,2,312,Promising,1,🟢 Promising Mid-Tier,1.0,0.41,365.45,149.7,Bronze
12449,22,4,3596.29,4,4,5,445,Champions,3,🟢 Promising Mid-Tier,0.9997,3.04,899.07,17967.82,Platinum
12450,156,2,197.88,2,2,1,221,Hibernating,0,❄️  Inactive / Lost,0.9974,1.28,98.94,936.61,Silver
12451,11,5,8995.52,5,4,5,545,Champions,2,🏆 High Value Active,0.9998,3.91,1799.1,46178.9,Platinum
12452,17,1,348.57,4,1,2,412,New Customers,1,🟢 Promising Mid-Tier,1.0,0.41,348.57,142.78,Bronze
12453,134,1,707.09,2,1,3,213,Need Attention,0,❄️  Inactive / Lost,1.0,0.41,707.09,289.64,Bronze
12454,56,1,3528.34,3,1,5,315,Need Attention,3,🟢 Promising Mid-Tier,1.0,0.41,3528.34,1445.31,Silver
12455,73,5,2339.86,2,4,5,245,At Risk,3,🟢 Promising Mid-Tier,0.9996,3.91,467.97,12067.07,Platinum
12456,44,3,2581.04,3,3,5,335,Loyal Customers,3,🟢 Promising Mid-Tier,0.9995,2.16,860.35,12273.76,Platinum
12457,66,6,2043.23,3,5,4,354,Loyal Customers,3,🟢 Promising Mid-Tier,0.9997,4.79,340.54,10751.54,Platinum
12458,71,2,787.4,3,2,3,323,Potential Loyalists,3,🟢 Promising Mid-Tier,0.9983,1.28,393.7,3423.92,Gold
12461,155,1,626.88,2,1,3,213,Need Attention,0,❄️  Inactive / Lost,1.0,0.41,626.88,256.79,Bronze
12462,19,2,937.59,4,2,4,424,New Customers,1,🟢 Promising Mid-Tier,0.9986,1.28,468.8,4058.7,Gold
12463,53,4,1200.78,3,4,4,344,Loyal Customers,3,🟢 Promising Mid-Tier,0.9996,3.04,300.2,6052.63,Gold
12464,10,8,957.05,5,5,4,554,Champions,2,🏆 High Value Active,0.9999,6.54,119.63,5196.23,Gold
12465,17,2,682.19,4,2,3,423,New Customers,1,🟢 Promising Mid-Tier,0.9986,1.28,341.1,2981.16,Silver
12468,188,2,657.54,1,2,3,123,Need Attention,0,❄️  Inactive / Lost,0.9968,1.28,328.77,2872.02,Silver
12471,2,27,17424.05,5,5,5,555,Champions,2,🏆 High Value Active,1.0,23.18,645.34,97952.72,Platinum
12472,32,7,6068.11,4,5,5,455,Champions,2,🏆 High Value Active,0.9998,5.66,866.87,32219.71,Platinum
12473,54,3,2596.23,3,3,5,335,Loyal Customers,3,🟢 Promising Mid-Tier,0.9994,2.16,865.41,12345.03,Platinum
12474,17,18,6745.79,4,5,5,455,Champions,2,🏆 High Value Active,0.9999,15.3,374.77,37587.86,Platinum
12475,54,1,669.38,3,1,3,313,Need Attention,0,❄️  Inactive / Lost,1.0,0.41,669.38,274.2,Bronze
12476,16,11,5898.42,4,5,5,455,Champions,2,🏆 High Value Active,0.9999,9.17,536.22,32246.21,Platinum
12477,23,6,13219.74,4,5,5,455,Champions,2,🏆 High Value Active,0.9998,4.79,2203.29,69155.36,Platinum
12478,4,1,545.99,5,1,3,513,New Customers,1,🟢 Promising Mid-Tier,1.0,0.41,545.99,223.65,Bronze
12479,11,1,473.2,5,1,2,512,New Customers,1,🟢 Promising Mid-Tier,1.0,0.41,473.2,193.84,Bronze
12480,28,4,2885.63,4,4,5,445,Champions,3,🟢 Promising Mid-Tier,0.9997,3.04,721.41,14432.96,Platinum
12481,23,10,5020.32,4,5,5,455,Champions,2,🏆 High Value Active,0.9999,8.29,502.03,27318.48,Platinum
12483,17,8,1910.98,4,5,4,454,Champions,2,🏆 High Value Active,0.9999,6.54,238.87,10301.05,Platinum
12484,35,4,3953.72,3,4,5,345,Loyal Customers,3,🟢 Promising Mid-Tier,0.9997,3.04,988.43,19744.89,Platinum
12488,10,3,1244.66,5,3,4,534,Loyal Customers,1,🟢 Promising Mid-Tier,0.9996,2.16,414.89,5964.11,Gold
12489,336,1,298.93,1,1,2,112,Hibernating,0,❄️  Inactive / Lost,1.0,0.41,298.93,122.45,Bronze
12490,5,10,4859.93,5,5,5,555,Champions,2,🏆 High Value Active,0.9999,8.29,485.99,26449.11,Platinum
12491,39,1,424.4,3,1,2,312,Promising,1,🟢 Promising Mid-Tier,1.0,0.41,424.4,173.85,Bronze
12492,63,2,227.21,3,2,1,321,Potential Loyalists,0,❄️  Inactive / Lost,0.9983,1.28,113.6,1061.21,Silver
12493,166,2,415.74,2,2,2,222,Hibernating,0,❄️  Inactive / Lost,0.9972,1.28,207.87,1854.39,Silver
12494,16,7,1084.1,4,5,4,454,Champions,3,🟢 Promising Mid-Tier,0.9999,5.66,154.87,5818.33,Gold
12497,82,1,953.1,2,1,4,214,Can't Lose Them,0,❄️  Inactive / Lost,1.0,0.41,953.1,390.42,Bronze
12498,21,3,349.7,4,3,2,432,Need Attention,1,🟢 Promising Mid-Tier,0.9995,2.16,116.57,1737.71,Silver
12500,23,11,4059.82,4,5,5,455,Champions,2,🏆 High Value Active,0.9999,9.17,369.07,22217.11,Platinum
12501,337,1,2025.39,1,1,4,114,Can't Lose Them,0,❄️  Inactive / Lost,1.0,0.41,2025.39,829.66,Silver
12502,96,5,2995.87,2,4,5,245,At Risk,3,🟢 Promising Mid-Tier,0.9995,3.91,599.17,15426.14,Platinum
12504,18,2,428.05,4,2,2,422,New Customers,1,🟢 Promising Mid-Tier,0.9986,1.28,214.02,1908.88,Silver
12506,233,1,73.5,1,1,1,111,Hibernating,0,❄️  Inactive / Lost,1.0,0.41,73.5,30.11,Bronze
12507,134,3,1052.81,2,3,4,234,At Risk,3,🟢 Promising Mid-Tier,0.999,2.16,350.94,5055.01,Gold
12508,26,2,398.27,4,2,2,422,New Customers,1,🟢 Promising Mid-Tier,0.9985,1.28,199.14,1783.16,Silver
12509,284,1,158.5,1,1,1,111,Hibernating,0,❄️  Inactive / Lost,1.0,0.41,158.5,64.93,Bronze
12510,143,2,814.57,2,2,3,223,Need Attention,0,❄️  Inactive / Lost,0.9975,1.28,407.28,3536.0,Gold
12512,66,2,138.03,3,2,1,321,Potential Loyalists,0,❄️  Inactive / Lost,0.9983,1.28,69.02,685.03,Silver
12513,113,1,558.29,2,1,3,213,Need Attention,0,❄️  Inactive / Lost,1.0,0.41,558.29,228.69,Bronze
12514,267,1,1017.68,1,1,4,114,Can't Lose Them,0,❄️  Inactive / Lost,1.0,0.41,1017.68,416.87,Bronze
12515,353,1,278.7,1,1,2,112,Hibernating,0,❄️  Inactive / Lost,1.0,0.41,278.7,114.16,Bronze
12516,78,2,1186.06,2,2,4,224,Can't Lose Them,3,🟢 Promising Mid-Tier,0.9982,1.28,593.03,5105.11,Gold
12517,28,4,2322.84,4,4,5,445,Champions,3,🟢 Promising Mid-Tier,0.9997,3.04,580.71,11633.84,Platinum
12518,1,5,1840.89,5,4,4,544,Champions,2,🏆 High Value Active,0.9998,3.91,368.18,9512.58,Gold
12519,64,1,286.84,3,1,2,312,Promising,0,❄️  Inactive / Lost,1.0,0.41,286.84,117.5,Bronze
12520,79,5,2346.26,2,4,5,245,At Risk,3,🟢 Promising Mid-Tier,0.9996,3.91,469.25,12099.47,Platinum
12521,143,1,545.68,2,1,3,213,Need Attention,0,❄️  Inactive / Lost,1.0,0.41,545.68,223.53,Bronze
12522,39,2,156.72,3,2,1,321,Potential Loyalists,1,🟢 Promising Mid-Tier,0.9985,1.28,78.36,764.0,Silver
12523,19,11,1699.77,4,5,4,454,Champions,2,🏆 High Value Active,0.9999,9.17,154.52,9344.5,Gold
12524,9,8,3945.72,5,5,5,555,Champions,2,🏆 High Value Active,0.9999,6.54,493.22,21190.2,Platinum
12526,1,3,1172.66,5,3,4,534,Loyal Customers,1,🟢 Promising Mid-Tier,0.9996,2.16,390.89,5624.22,Gold
12527,82,3,330.71,2,3,2,232,Need Attention,0,❄️  Inactive / Lost,0.9993,2.16,110.24,1647.65,Silver
12528,9,6,1645.48,5,5,4,554,Champions,2,🏆 High Value Active,0.9999,4.79,274.25,8675.05,Gold
12530,60,4,1500.28,3,4,4,344,Loyal Customers,3,🟢 Promising Mid-Tier,0.9996,3.04,375.07,7541.93,Gold
12531,15,1,125.22,4,1,1,411,New Customers,1,🟢 Promising Mid-Tier,1.0,0.41,125.22,51.29,Bronze
12532,30,1,313.83,4,1,2,412,New Customers,1,🟢 Promising Mid-Tier,1.0,0.41,313.83,128.55,Bronze
12534,131,1,981.18,2,1,4,214,Can't Lose Them,0,❄️  Inactive / Lost,1.0,0.41,981.18,401.92,Bronze
12535,92,2,716.35,2,2,3,223,Need Attention,3,🟢 Promising Mid-Tier,0.9981,1.28,358.18,3123.72,Gold
12536,59,1,4279.71,3,1,5,315,Need Attention,3,🟢 Promising Mid-Tier,1.0,0.41,4279.71,1753.09,Silver
12538,29,1,363.95,4,1,2,412,New Customers,1,🟢 Promising Mid-Tier,1.0,0.41,363.95,149.08,Bronze
12539,22,4,5568.35,4,4,5,445,Champions,3,🟢 Promising Mid-Tier,0.9997,3.04,1392.09,27776.32,Platinum
12540,20,17,11580.24,4,5,5,455,Champions,2,🏆 High Value Active,0.9999,14.42,681.19,64359.28,Platinum
12541,30,3,841.18,4,3,3,433,Loyal Customers,3,🟢 Promising Mid-Tier,0.9995,2.16,280.39,4058.49,Gold
12544,36,1,316.7,3,1,2,312,Promising,1,🟢 Promising Mid-Tier,1.0,0.41,316.7,129.73,Bronze
12545,75,2,832.39,2,2,3,223,Need Attention,3,🟢 Promising Mid-Tier,0.9982,1.28,416.2,3613.57,Gold
12546,47,2,1021.5,3,2,4,324,Potential Loyalists,3,🟢 Promising Mid-Tier,0.9984,1.28,510.75,4412.03,Gold
12547,198,2,151.8,1,2,1,121,Hibernating,0,❄️  Inactive / Lost,0.9966,1.28,75.9,741.85,Silver
12548,166,1,67.2,2,1,1,211,Hibernating,0,❄️  Inactive / Lost,1.0,0.41,67.2,27.53,Bronze
12550,79,1,824.83,2,1,3,213,Need Attention,0,❄️  Inactive / Lost,1.0,0.41,824.83,337.87,Bronze
12551,358,1,168.0,1,1,1,111,Hibernating,0,❄️  Inactive / Lost,1.0,0.41,168.0,68.82,Bronze
12552,40,1,317.82,3,1,2,312,Promising,1,🟢 Promising Mid-Tier,1.0,0.41,317.82,130.19,Bronze
12553,8,10,3278.28,5,5,5,555,Champions,2,🏆 High Value Active,0.9999,8.29,327.83,17865.15,Platinum
12556,50,2,603.71,3,2,3,323,Potential Loyalists,1,🟢 Promising Mid-Tier,0.9984,1.28,301.86,2649.53,Silver
12557,16,5,11990.96,4,4,5,445,Champions,2,🏆 High Value Active,0.9998,3.91,2398.19,61529.46,Platinum
12558,8,1,269.96,5,1,2,512,New Customers,1,🟢 Promising Mid-Tier,1.0,0.41,269.96,110.58,Bronze
12559,311,2,525.71,1,2,3,123,Need Attention,0,❄️  Inactive / Lost,0.9902,1.27,262.86,2301.34,Silver
12560,5,2,1918.01,5,2,4,524,New Customers,1,🟢 Promising Mid-Tier,0.9987,1.28,959.0,8195.83,Gold
12561,303,1,238.85,1,1,1,111,Hibernating,0,❄️  Inactive / Lost,1.0,0.41,238.85,97.84,Bronze
12562,8,7,3385.74,5,5,5,555,Champions,2,🏆 High Value Active,0.9999,5.66,483.68,18011.51,Platinum
12564,261,1,402.9,1,1,2,112,Hibernating,0,❄️  Inactive / Lost,1.0,0.41,402.9,165.04,Bronze
12565,289,1,145.92,1,1,1,111,Hibernating,0,❄️  Inactive / Lost,1.0,0.41,145.92,59.77,Bronze
12566,86,1,297.65,2,1,2,212,Hibernating,0,❄️  Inactive / Lost,1.0,0.41,297.65,121.93,Bronze
12567,23,10,8609.28,4,5,5,455,Champions,2,🏆 High Value Active,0.9999,8.29,860.93,46795.55,Platinum
12569,2,32,3152.69,5,5,5,555,Champions,2,🏆 High Value Active,1.0,27.56,98.52,17836.7,Platinum
12571,40,2,519.61,3,2,3,323,Potential Loyalists,1,🟢 Promising Mid-Tier,0.9985,1.28,259.8,2294.91,Silver
12572,9,2,912.42,5,2,3,523,New Customers,1,🟢 Promising Mid-Tier,0.9986,1.28,456.21,3952.71,Gold
12573,227,1,160.54,1,1,1,111,Hibernating,0,❄️  Inactive / Lost,1.0,0.41,160.54,65.76,Bronze
12574,316,1,182.45,1,1,1,111,Hibernating,0,❄️  Inactive / Lost,1.0,0.41,182.45,74.74,Bronze
12576,36,5,1315.83,3,4,4,344,Loyal Customers,3,🟢 Promising Mid-Tier,0.9998,3.91,263.17,6821.12,Gold
12577,35,3,653.85,3,3,3,333,Loyal Customers,3,🟢 Promising Mid-Tier,0.9995,2.16,217.95,3173.85,Gold
12578,21,2,2402.51,4,2,5,425,New Customers,3,🟢 Promising Mid-Tier,0.9986,1.28,1201.26,10239.33,Platinum
12579,78,1,386.42,2,1,2,212,Hibernating,0,❄️  Inactive / Lost,1.0,0.41,386.42,158.29,Bronze
12580,247,1,379.7,1,1,2,112,Hibernating,0,❄️  Inactive / Lost,1.0,0.41,379.7,155.54,Bronze
12581,40,1,179.71,3,1,1,311,Promising,0,❄️  Inactive / Lost,1.0,0.41,179.71,73.61,Bronze
12582,239,2,351.36,1,2,2,122,Hibernating,0,❄️  Inactive / Lost,0.9954,1.28,175.68,1580.23,Silver
12583,3,15,6705.38,5,5,5,555,Champions,2,🏆 High Value Active,1.0,12.67,447.03,37139.4,Platinum
12584,4,9,2254.15,5,5,5,555,Champions,2,🏆 High Value Active,0.9999,7.42,250.46,12231.88,Platinum
12585,234,2,1824.1,1,2,4,124,Can't Lose Them,3,🟢 Promising Mid-Tier,0.9956,1.28,912.05,7775.52,Gold
12586,17,1,196.94,4,1,1,411,New Customers,1,🟢 Promising Mid-Tier,1.0,0.41,196.94,80.67,Bronze
12587,8,1,104.0,5,1,1,511,New Customers,1,🟢 Promising Mid-Tier,1.0,0.41,104.0,42.6,Bronze
12588,39,1,174.9,3,1,1,311,Promising,0,❄️  Inactive / Lost,1.0,0.41,174.9,71.64,Bronze
12589,29,2,574.68,4,2,3,423,New Customers,1,🟢 Promising Mid-Tier,0.9985,1.28,287.34,2527.39,Silver
12590,211,1,9341.26,1,1,5,115,Can't Lose Them,3,🟢 Promising Mid-Tier,1.0,0.41,9341.26,3826.44,Gold
12591,317,1,368.85,1,1,2,112,Hibernating,0,❄️  Inactive / Lost,1.0,0.41,368.85,151.09,Bronze
12592,92,2,401.6,2,2,2,222,Hibernating,0,❄️  Inactive / Lost,0.9981,1.28,200.8,1796.39,Silver
12593,109,3,382.1,2,3,2,232,Need Attention,0,❄️  Inactive / Lost,0.9992,2.16,127.37,1889.98,Silver
12594,38,9,3208.22,3,5,5,355,Loyal Customers,2,🏆 High Value Active,0.9998,7.42,356.47,17376.18,Platinum
12596,51,2,450.27,3,2,2,322,Potential Loyalists,1,🟢 Promising Mid-Tier,0.9984,1.28,225.14,2002.25,Silver
12597,19,4,3195.22,4,4,5,445,Champions,3,🟢 Promising Mid-Tier,0.9997,3.04,798.8,15973.12,Platinum
12598,10,7,2807.08,5,5,5,555,Champions,2,🏆 High Value Active,0.9999,5.66,401.01,14945.97,Platinum
12599,29,7,888.58,4,5,3,453,Loyal Customers,3,🟢 Promising Mid-Tier,0.9998,5.66,126.94,4782.42,Gold
12600,29,10,2311.04,4,5,5,455,Champions,2,🏆 High Value Active,0.9999,8.29,231.1,12615.15,Platinum
12601,190,5,487.06,1,4,3,143,At Risk,3,🟢 Promising Mid-Tier,0.9975,3.9,97.41,2568.2,Silver
12602,59,1,153.12,3,1,1,311,Promising,0,❄️  Inactive / Lost,1.0,0.41,153.12,62.72,Bronze
12603,22,1,613.2,4,1,3,413,New Customers,1,🟢 Promising Mid-Tier,1.0,0.41,613.2,251.18,Bronze
12604,79,2,236.18,2,2,1,221,Hibernating,0,❄️  Inactive / Lost,0.9982,1.28,118.09,1098.92,Silver
12607,60,1,1579.51,3,1,4,314,Need Attention,3,🟢 Promising Mid-Tier,1.0,0.41,1579.51,647.01,Silver
12609,78,3,964.85,2,3,4,234,At Risk,3,🟢 Promising Mid-Tier,0.9993,2.16,321.62,4641.62,Gold
12610,23,4,1747.54,4,4,4,444,Champions,3,🟢 Promising Mid-Tier,0.9997,3.04,436.88,8772.61,Gold
12611,52,1,1193.32,3,1,4,314,Need Attention,3,🟢 Promising Mid-Tier,1.0,0.41,1193.32,488.82,Bronze
12612,74,1,668.04,2,1,3,213,Need Attention,0,❄️  Inactive / Lost,1.0,0.41,668.04,273.65,Bronze
12613,57,4,3092.38,3,4,5,345,Loyal Customers,3,🟢 Promising Mid-Tier,0.9996,3.04,773.1,15459.84,Platinum
12614,278,1,315.6,1,1,2,112,Hibernating,0,❄️  Inactive / Lost,1.0,0.41,315.6,129.28,Bronze
12615,2,4,2093.19,5,4,5,545,Champions,2,🏆 High Value Active,0.9998,3.04,523.3,10492.27,Platinum
12616,95,2,641.3,2,2,3,223,Need Attention,0,❄️  Inactive / Lost,0.9981,1.28,320.65,2807.15,Silver
12617,29,1,355.53,4,1,2,412,New Customers,1,🟢 Promising Mid-Tier,1.0,0.41,355.53,145.63,Bronze
12618,22,1,137.31,4,1,1,411,New Customers,1,🟢 Promising Mid-Tier,1.0,0.41,137.31,56.25,Bronze
12619,16,8,2945.56,4,5,5,455,Champions,2,🏆 High Value Active,0.9999,6.54,368.2,15837.59,Platinum
12620,15,3,1303.41,4,3,4,434,Loyal Customers,3,🟢 Promising Mid-Tier,0.9996,2.16,434.47,6241.46,Gold
12621,2,20,12411.67,5,5,5,555,Champions,2,🏆 High Value Active,1.0,17.05,620.58,69308.85,Platinum
12622,232,1,162.1,1,1,1,111,Hibernating,0,❄️  Inactive / Lost,1.0,0.41,162.1,66.4,Bronze
12623,276,1,269.1,1,1,2,112,Hibernating,0,❄️  Inactive / Lost,1.0,0.41,269.1,110.23,Bronze
12624,106,2,569.13,2,2,3,223,Need Attention,0,❄️  Inactive / Lost,0.998,1.28,284.56,2502.56,Silver
12625,212,2,2413.82,1,2,5,125,Can't Lose Them,3,🟢 Promising Mid-Tier,0.9963,1.28,1206.91,10263.13,Platinum
12626,23,9,5954.48,4,5,5,455,Champions,2,🏆 High Value Active,0.9999,7.42,661.61,32188.56,Platinum
12627,11,6,4082.53,5,5,5,555,Champions,2,🏆 High Value Active,0.9999,4.79,680.42,21410.01,Platinum
12628,4,3,732.46,5,3,3,533,Loyal Customers,1,🟢 Promising Mid-Tier,0.9996,2.16,244.15,3545.35,Gold
12630,10,2,1030.88,5,2,4,524,New Customers,1,🟢 Promising Mid-Tier,0.9986,1.28,515.44,4452.51,Gold
12631,57,1,480.5,3,1,2,312,Promising,0,❄️  Inactive / Lost,1.0,0.41,480.5,196.83,Bronze
12633,59,4,1929.98,3,4,4,344,Loyal Customers,3,🟢 Promising Mid-Tier,0.9996,3.04,482.5,9678.92,Gold
12635,90,2,1509.18,2,2,4,224,Can't Lose Them,3,🟢 Promising Mid-Tier,0.9981,1.28,754.59,6467.27,Gold
12637,67,8,5823.9,3,5,5,355,Loyal Customers,3,🟢 Promising Mid-Tier,0.9997,6.54,727.99,31234.35,Platinum
12638,33,1,511.69,4,1,3,413,New Customers,1,🟢 Promising Mid-Tier,1.0,0.41,511.69,209.6,Bronze
12639,239,1,366.1,1,1,2,112,Hibernating,0,❄️  Inactive / Lost,1.0,0.41,366.1,149.96,Bronze
12640,24,3,994.58,4,3,4,434,Loyal Customers,3,🟢 Promising Mid-Tier,0.9995,2.16,331.53,4782.95,Gold
12641,115,1,145.9,2,1,1,211,Hibernating,0,❄️  Inactive / Lost,1.0,0.41,145.9,59.76,Bronze
12642,25,3,905.26,4,3,3,433,Loyal Customers,3,🟢 Promising Mid-Tier,0.9995,2.16,301.75,4361.15,Gold
12643,128,6,3041.64,2,5,5,255,At Risk,3,🟢 Promising Mid-Tier,0.999,4.79,506.94,15957.86,Platinum
12644,130,1,477.91,2,1,2,212,Hibernating,0,❄️  Inactive / Lost,1.0,0.41,477.91,195.77,Bronze
12645,34,4,1631.18,3,4,4,344,Loyal Customers,3,🟢 Promising Mid-Tier,0.9997,3.04,407.8,8193.63,Gold
12646,5,2,1346.97,5,2,4,524,New Customers,1,🟢 Promising Mid-Tier,0.9987,1.28,673.48,5786.35,Gold
12647,22,12,3146.82,4,5,5,455,Champions,2,🏆 High Value Active,0.9999,10.04,262.24,17309.05,Platinum
12648,155,1,300.05,2,1,2,212,Hibernating,0,❄️  Inactive / Lost,1.0,0.41,300.05,122.91,Bronze
12649,107,3,569.51,2,3,3,233,At Risk,3,🟢 Promising Mid-Tier,0.9992,2.16,189.84,2774.66,Silver
12650,3,1,242.44,5,1,1,511,New Customers,1,🟢 Promising Mid-Tier,1.0,0.41,242.44,99.31,Bronze
12651,335,1,114.0,1,1,1,111,Hibernating,0,❄️  Inactive / Lost,1.0,0.41,114.0,46.7,Bronze
12652,331,1,793.98,1,1,3,113,Need Attention,0,❄️  Inactive / Lost,1.0,0.41,793.98,325.24,Bronze
12653,149,2,2209.85,2,2,5,225,Can't Lose Them,3,🟢 Promising Mid-Tier,0.9975,1.28,1104.92,9416.06,Gold
12654,11,5,529.98,5,4,3,543,Loyal Customers,1,🟢 Promising Mid-Tier,0.9998,3.91,106.0,2794.16,Silver
12656,17,5,3619.17,4,4,5,445,Champions,2,🏆 High Value Active,0.9998,3.91,723.83,18625.6,Platinum
12657,11,4,1427.18,5,4,4,544,Champions,3,🟢 Promising Mid-Tier,0.9997,3.04,356.8,7179.43,Gold
12658,19,1,632.05,4,1,3,413,New Customers,1,🟢 Promising Mid-Tier,1.0,0.41,632.05,258.91,Bronze
12659,30,1,73.68,4,1,1,411,New Customers,1,🟢 Promising Mid-Tier,1.0,0.41,73.68,30.18,Bronze
12660,11,1,227.1,5,1,1,511,New Customers,1,🟢 Promising Mid-Tier,1.0,0.41,227.1,93.03,Bronze
12662,1,11,3543.78,5,5,5,555,Champions,2,🏆 High Value Active,0.9999,9.17,322.16,19403.33,Platinum
12664,8,9,4391.88,5,5,5,555,Champions,2,🏆 High Value Active,0.9999,7.42,487.99,23761.71,Platinum
12665,325,1,45.0,1,1,1,111,Hibernating,0,❄️  Inactive / Lost,1.0,0.41,45.0,18.43,Bronze
12667,58,1,460.13,3,1,2,312,Promising,0,❄️  Inactive / Lost,1.0,0.41,460.13,188.48,Bronze
12668,12,4,3177.15,5,4,5,545,Champions,3,🟢 Promising Mid-Tier,0.9997,3.04,794.29,15883.5,Platinum
12669,151,2,1427.73,2,2,4,224,Can't Lose Them,3,🟢 Promising Mid-Tier,0.9974,1.28,713.86,6119.68,Gold
12670,10,5,2744.05,5,4,5,545,Champions,2,🏆 High Value Active,0.9998,3.91,548.81,14141.0,Platinum
12672,330,1,225.9,1,1,1,111,Hibernating,0,❄️  Inactive / Lost,1.0,0.41,225.9,92.53,Bronze
12673,5,2,574.52,5,2,3,523,New Customers,1,🟢 Promising Mid-Tier,0.9987,1.28,287.26,2527.03,Silver
12674,39,4,1844.6,3,4,4,344,Loyal Customers,3,🟢 Promising Mid-Tier,0.9997,3.04,461.15,9254.95,Gold
12676,25,6,1091.39,4,5,4,454,Champions,3,🟢 Promising Mid-Tier,0.9998,4.79,181.9,5779.4,Gold
12678,42,10,16481.46,3,5,5,355,Loyal Customers,2,🏆 High Value Active,0.9998,8.29,1648.15,89511.22,Platinum
12679,59,4,951.02,3,4,4,344,Loyal Customers,3,🟢 Promising Mid-Tier,0.9996,3.04,237.76,4810.4,Gold
12680,1,4,790.81,5,4,3,543,Loyal Customers,1,🟢 Promising Mid-Tier,0.9998,3.04,197.7,4014.3,Gold
12681,15,22,12365.54,4,5,5,455,Champions,2,🏆 High Value Active,0.9999,18.8,562.07,69219.28,Platinum
12682,4,31,11028.22,5,5,5,555,Champions,2,🏆 High Value Active,1.0,26.69,355.75,62182.46,Platinum
12683,4,14,7612.57,5,5,5,555,Champions,2,🏆 High Value Active,0.9999,11.8,543.76,42044.8,Platinum
12684,8,6,2073.63,5,5,5,555,Champions,2,🏆 High Value Active,0.9999,4.79,345.6,10912.41,Platinum
12685,28,6,2575.08,4,5,5,455,Champions,3,🟢 Promising Mid-Tier,0.9998,4.79,429.18,13532.18,Platinum
12686,372,1,71.14,1,1,1,111,Hibernating,0,❄️  Inactive / Lost,1.0,0.41,71.14,29.14,Bronze
12688,114,1,4873.81,2,1,5,215,Can't Lose Them,3,🟢 Promising Mid-Tier,1.0,0.41,4873.81,1996.45,Silver
12689,26,2,1139.61,4,2,4,424,New Customers,3,🟢 Promising Mid-Tier,0.9985,1.28,569.8,4910.87,Gold
12690,206,1,335.01,1,1,2,112,Hibernating,0,❄️  Inactive / Lost,1.0,0.41,335.01,137.23,Bronze
12691,28,5,927.8,4,4,4,444,Champions,3,🟢 Promising Mid-Tier,0.9998,3.91,185.56,4832.74,Gold
12693,127,4,711.91,2,4,3,243,At Risk,3,🟢 Promising Mid-Tier,0.9992,3.04,177.98,3619.72,Gold
12694,70,2,761.67,3,2,3,323,Potential Loyalists,3,🟢 Promising Mid-Tier,0.9983,1.28,380.84,3315.42,Gold
12695,7,4,582.1,5,4,3,543,Loyal Customers,1,🟢 Promising Mid-Tier,0.9998,3.04,145.52,2976.15,Silver
12697,29,3,757.59,4,3,3,433,Loyal Customers,3,🟢 Promising Mid-Tier,0.9995,2.16,252.53,3663.78,Gold
12700,8,4,4525.99,5,4,5,545,Champions,2,🏆 High Value Active,0.9997,3.04,1131.5,22592.63,Platinum
12701,80,2,725.71,2,2,3,223,Need Attention,3,🟢 Promising Mid-Tier,0.9982,1.28,362.86,3163.51,Gold
12702,20,1,201.0,4,1,1,411,New Customers,1,🟢 Promising Mid-Tier,1.0,0.41,201.0,82.34,Bronze
12703,71,1,265.55,3,1,2,312,Promising,0,❄️  Inactive / Lost,1.0,0.41,265.55,108.78,Bronze
12704,7,8,1740.84,5,5,4,554,Champions,2,🏆 High Value Active,0.9999,6.54,217.6,9390.75,Gold
12705,15,8,6382.29,4,5,5,455,Champions,2,🏆 High Value Active,0.9999,6.54,797.79,34229.17,Platinum
12707,292,1,603.42,1,1,3,113,Need Attention,0,❄️  Inactive / Lost,1.0,0.41,603.42,247.18,Bronze
12708,30,10,2442.91,4,5,5,455,Champions,2,🏆 High Value Active,0.9999,8.29,244.29,13330.74,Platinum
12709,15,15,9430.52,4,5,5,455,Champions,2,🏆 High Value Active,0.9999,12.67,628.7,52202.62,Platinum
12710,97,3,1023.02,2,3,4,234,At Risk,3,🟢 Promising Mid-Tier,0.9992,2.16,341.01,4915.75,Gold
12712,29,13,3928.13,4,5,5,455,Champions,2,🏆 High Value Active,0.9999,10.92,302.16,21663.89,Platinum
12713,1,1,794.55,5,1,3,513,New Customers,1,🟢 Promising Mid-Tier,1.0,0.41,794.55,325.47,Bronze
12714,9,5,4294.86,5,4,5,545,Champions,2,🏆 High Value Active,0.9998,3.91,858.97,22088.75,Platinum
12715,106,1,273.86,2,1,2,212,Hibernating,0,❄️  Inactive / Lost,1.0,0.41,273.86,112.18,Bronze
12716,4,2,963.49,5,2,4,524,New Customers,1,🟢 Promising Mid-Tier,0.9987,1.28,481.74,4168.29,Gold
12717,151,2,830.98,2,2,3,223,Need Attention,0,❄️  Inactive / Lost,0.9974,1.28,415.49,3604.77,Gold
12718,71,1,202.25,3,1,1,311,Promising,0,❄️  Inactive / Lost,1.0,0.41,202.25,82.85,Bronze
12719,5,2,572.95,5,2,3,523,New Customers,1,🟢 Promising Mid-Tier,0.9987,1.28,286.48,2520.4,Silver
12720,3,25,5115.73,5,5,5,555,Champions,2,🏆 High Value Active,1.0,21.43,204.63,28763.51,Platinum
12721,32,6,2386.13,4,5,5,455,Champions,3,🟢 Promising Mid-Tier,0.9998,4.79,397.69,12544.71,Platinum
12722,85,4,979.63,2,4,4,244,At Risk,3,🟢 Promising Mid-Tier,0.9995,3.04,244.91,4952.09,Gold
12723,4,5,707.07,5,4,3,543,Loyal Customers,1,🟢 Promising Mid-Tier,0.9998,3.91,141.41,3701.77,Gold
12724,5,4,923.41,5,4,3,543,Loyal Customers,1,🟢 Promising Mid-Tier,0.9998,3.04,230.85,4673.81,Gold
12725,371,1,371.8,1,1,2,112,Hibernating,0,❄️  Inactive / Lost,1.0,0.41,371.8,152.3,Bronze
12726,28,7,2411.1,4,5,5,455,Champions,3,🟢 Promising Mid-Tier,0.9998,5.66,344.44,12847.71,Platinum
12727,11,7,3440.7,5,5,5,555,Champions,2,🏆 High Value Active,0.9999,5.66,491.53,18302.56,Platinum
12728,71,4,728.33,3,4,3,343,Loyal Customers,3,🟢 Promising Mid-Tier,0.9996,3.04,182.08,3702.74,Gold
12729,114,1,417.01,2,1,2,212,Hibernating,0,❄️  Inactive / Lost,1.0,0.41,417.01,170.82,Bronze
12731,24,12,18751.91,4,5,5,455,Champions,2,🏆 High Value Active,0.9999,10.04,1562.66,102782.84,Platinum
12732,180,1,218.26,1,1,1,111,Hibernating,0,❄️  Inactive / Lost,1.0,0.41,218.26,89.41,Bronze
12733,234,1,383.95,1,1,2,112,Hibernating,0,❄️  Inactive / Lost,1.0,0.41,383.95,157.28,Bronze
12734,353,1,110.4,1,1,1,111,Hibernating,0,❄️  Inactive / Lost,1.0,0.41,110.4,45.22,Bronze
12735,315,2,689.57,1,2,3,123,Need Attention,0,❄️  Inactive / Lost,0.9896,1.27,344.78,2985.15,Silver
12736,333,1,144.0,1,1,1,111,Hibernating,0,❄️  Inactive / Lost,1.0,0.41,144.0,58.99,Bronze
12738,372,1,137.35,1,1,1,111,Hibernating,0,❄️  Inactive / Lost,1.0,0.41,137.35,56.26,Bronze
12739,99,1,975.54,2,1,4,214,Can't Lose Them,0,❄️  Inactive / Lost,1.0,0.41,975.54,399.61,Bronze
12740,64,1,427.6,3,1,2,312,Promising,0,❄️  Inactive / Lost,1.0,0.41,427.6,175.16,Bronze
12743,134,2,546.43,2,2,3,223,Need Attention,0,❄️  Inactive / Lost,0.9977,1.28,273.21,2406.12,Silver
12744,56,4,9120.39,3,4,5,345,Loyal Customers,3,🟢 Promising Mid-Tier,0.9996,3.04,2280.1,45438.5,Platinum
12747,2,11,4196.01,5,5,5,555,Champions,2,🏆 High Value Active,0.9999,9.17,381.46,22961.0,Platinum
12748,1,206,32317.32,5,5,5,555,Champions,2,🏆 High Value Active,1.0,179.99,156.88,184763.26,Platinum
12749,4,5,4090.88,5,4,5,545,Champions,2,🏆 High Value Active,0.9998,3.91,818.18,21043.58,Platinum
12750,129,1,275.88,2,1,2,212,Hibernating,0,❄️  Inactive / Lost,1.0,0.41,275.88,113.01,Bronze
12752,81,1,4366.78,2,1,5,215,Can't Lose Them,3,🟢 Promising Mid-Tier,1.0,0.41,4366.78,1788.75,Silver
12753,23,6,21429.39,4,5,5,455,Champions,2,🏆 High Value Active,0.9998,4.79,3571.56,112054.37,Platinum
12754,236,3,3010.74,1,3,5,135,At Risk,3,🟢 Promising Mid-Tier,0.9969,2.15,1003.58,14265.54,Platinum
12755,281,2,3811.95,1,2,5,125,Can't Lose Them,3,🟢 Promising Mid-Tier,0.9932,1.28,1905.98,16098.24,Platinum
12756,87,1,112.08,2,1,1,211,Hibernating,0,❄️  Inactive / Lost,1.0,0.41,112.08,45.91,Bronze
12757,16,9,4199.2,4,5,5,455,Champions,2,🏆 High Value Active,0.9999,7.42,466.58,22722.11,Platinum
12758,117,2,2791.59,2,2,5,225,Can't Lose Them,3,🟢 Promising Mid-Tier,0.9979,1.28,1395.8,11872.37,Platinum
12759,52,3,1411.44,3,3,4,334,Loyal Customers,3,🟢 Promising Mid-Tier,0.9994,2.16,470.48,6750.82,Gold
12762,8,2,1702.52,5,2,4,524,New Customers,1,🟢 Promising Mid-Tier,0.9986,1.28,851.26,7286.47,Gold
12763,138,2,494.08,2,2,3,223,Need Attention,0,❄️  Inactive / Lost,0.9976,1.28,247.04,2185.34,Silver
12764,317,1,1693.88,1,1,4,114,Can't Lose Them,0,❄️  Inactive / Lost,1.0,0.41,1693.88,693.86,Silver
12766,4,7,6457.63,5,5,5,555,Champions,2,🏆 High Value Active,0.9999,5.66,922.52,34285.3,Platinum
12769,239,1,1143.6,1,1,4,114,Can't Lose Them,0,❄️  Inactive / Lost,1.0,0.41,1143.6,468.45,Bronze
12770,211,1,1351.45,1,1,4,114,Can't Lose Them,0,❄️  Inactive / Lost,1.0,0.41,1351.45,553.59,Silver
12772,60,1,752.47,3,1,3,313,Need Attention,0,❄️  Inactive / Lost,1.0,0.41,752.47,308.23,Bronze
12775,17,5,1281.04,4,4,4,444,Champions,3,🟢 Promising Mid-Tier,0.9998,3.91,256.21,6643.16,Gold
12778,20,6,693.23,4,5,3,453,Loyal Customers,3,🟢 Promising Mid-Tier,0.9998,4.79,115.54,3698.89,Gold
12779,38,8,3981.36,3,5,5,355,Loyal Customers,2,🏆 High Value Active,0.9998,6.54,497.67,21379.29,Platinum
12781,64,2,786.74,3,2,3,323,Potential Loyalists,3,🟢 Promising Mid-Tier,0.9983,1.28,393.37,3421.31,Gold
12782,5,5,1938.92,5,4,4,544,Champions,2,🏆 High Value Active,0.9998,3.91,387.78,10014.91,Platinum
12783,2,4,1295.87,5,4,4,544,Champions,2,🏆 High Value Active,0.9998,3.04,323.97,6526.44,Gold
12784,15,1,518.42,4,1,3,413,New Customers,1,🟢 Promising Mid-Tier,1.0,0.41,518.42,212.36,Bronze
12785,364,1,255.95,1,1,2,112,Hibernating,0,❄️  Inactive / Lost,1.0,0.41,255.95,104.84,Bronze
12787,10,3,418.66,5,3,2,532,Need Attention,1,🟢 Promising Mid-Tier,0.9996,2.16,139.55,2063.42,Silver
12789,65,1,76.85,3,1,1,311,Promising,0,❄️  Inactive / Lost,1.0,0.41,76.85,31.48,Bronze
12790,192,1,294.92,1,1,2,112,Hibernating,0,❄️  Inactive / Lost,1.0,0.41,294.92,120.81,Bronze
12791,374,1,177.6,1,1,1,111,Hibernating,0,❄️  Inactive / Lost,1.0,0.41,177.6,72.75,Bronze
12792,257,1,344.54,1,1,2,112,Hibernating,0,❄️  Inactive / Lost,1.0,0.41,344.54,141.13,Bronze
12793,335,2,461.48,1,2,2,122,Hibernating,0,❄️  Inactive / Lost,0.9857,1.27,230.74,2023.47,Silver
12794,53,2,860.41,3,2,3,323,Potential Loyalists,3,🟢 Promising Mid-Tier,0.9984,1.28,430.2,3732.33,Gold
12795,19,1,318.48,4,1,2,412,New Customers,1,🟢 Promising Mid-Tier,1.0,0.41,318.48,130.46,Bronze
12797,366,1,226.03,1,1,1,111,Hibernating,0,❄️  Inactive / Lost,1.0,0.41,226.03,92.59,Bronze
12798,10,3,6977.04,5,3,5,535,Loyal Customers,2,🏆 High Value Active,0.9996,2.16,2325.68,33034.6,Platinum
12802,187,1,397.58,1,1,2,112,Hibernating,0,❄️  Inactive / Lost,1.0,0.41,397.58,162.86,Bronze
12808,37,3,455.65,3,3,2,332,Potential Loyalists,1,🟢 Promising Mid-Tier,0.9995,2.16,151.88,2237.92,Silver
12809,178,1,405.31,2,1,2,212,Hibernating,0,❄️  Inactive / Lost,1.0,0.41,405.31,166.03,Bronze
12811,262,2,458.85,1,2,2,122,Hibernating,0,❄️  Inactive / Lost,0.9944,1.28,229.42,2030.19,Silver
12812,45,1,229.64,3,1,1,311,Promising,0,❄️  Inactive / Lost,1.0,0.41,229.64,94.07,Bronze
12814,102,1,85.92,2,1,1,211,Hibernating,0,❄️  Inactive / Lost,1.0,0.41,85.92,35.2,Bronze
12815,148,2,863.46,2,2,3,223,Need Attention,0,❄️  Inactive / Lost,0.9975,1.28,431.73,3741.81,Gold
12816,96,2,452.2,2,2,2,222,Hibernating,0,❄️  Inactive / Lost,0.9981,1.28,226.1,2009.71,Silver
12817,281,1,126.04,1,1,1,111,Hibernating,0,❄️  Inactive / Lost,1.0,0.41,126.04,51.63,Bronze
12818,262,1,1182.08,1,1,4,114,Can't Lose Them,0,❄️  Inactive / Lost,1.0,0.41,1182.08,484.21,Bronze
12820,3,4,942.34,5,4,4,544,Champions,1,🟢 Promising Mid-Tier,0.9998,3.04,235.58,4767.99,Gold
12821,214,1,92.72,1,1,1,111,Hibernating,0,❄️  Inactive / Lost,1.0,0.41,92.72,37.98,Bronze
12822,71,2,948.88,3,2,4,324,Potential Loyalists,3,🟢 Promising Mid-Tier,0.9983,1.28,474.44,4105.01,Gold
12823,75,5,1759.5,2,4,4,244,At Risk,3,🟢 Promising Mid-Tier,0.9996,3.91,351.9,9093.32,Gold
12824,60,1,397.12,3,1,2,312,Promising,0,❄️  Inactive / Lost,1.0,0.41,397.12,162.67,Bronze
12826,3,7,1474.72,5,5,4,554,Champions,2,🏆 High Value Active,0.9999,5.66,210.67,7887.83,Gold
12827,6,3,430.15,5,3,2,532,Need Attention,1,🟢 Promising Mid-Tier,0.9996,2.16,143.38,2117.7,Silver
12828,3,6,1018.71,5,5,4,554,Champions,2,🏆 High Value Active,0.9999,4.79,169.78,5399.86,Gold
12829,337,2,293.0,1,2,2,122,Hibernating,0,❄️  Inactive / Lost,0.9852,1.27,146.5,1321.09,Silver
12830,38,6,6814.64,3,5,5,355,Loyal Customers,3,🟢 Promising Mid-Tier,0.9998,4.79,1135.77,35684.43,Platinum
12831,262,1,215.05,1,1,1,111,Hibernating,0,❄️  Inactive / Lost,1.0,0.41,215.05,88.09,Bronze
12832,32,2,383.03,4,2,2,422,New Customers,1,🟢 Promising Mid-Tier,0.9985,1.28,191.52,1718.8,Silver
12833,145,1,417.38,2,1,2,212,Hibernating,0,❄️  Inactive / Lost,1.0,0.41,417.38,170.97,Bronze
12834,283,1,312.38,1,1,2,112,Hibernating,0,❄️  Inactive / Lost,1.0,0.41,312.38,127.96,Bronze
12836,59,4,2612.86,3,4,5,345,Loyal Customers,3,🟢 Promising Mid-Tier,0.9996,3.04,653.22,13075.0,Platinum
12837,173,1,134.1,2,1,1,211,Hibernating,0,❄️  Inactive / Lost,1.0,0.41,134.1,54.93,Bronze
12838,34,2,683.13,3,2,3,323,Potential Loyalists,1,🟢 Promising Mid-Tier,0.9985,1.28,341.56,2984.85,Silver
12839,3,14,5591.42,5,5,5,555,Champions,2,🏆 High Value Active,0.9999,11.8,399.39,30901.11,Platinum
12840,144,4,2726.77,2,4,5,245,At Risk,3,🟢 Promising Mid-Tier,0.999,3.03,681.69,13633.01,Platinum
12841,5,25,4022.35,5,5,5,555,Champions,2,🏆 High Value Active,1.0,21.43,160.89,22631.05,Platinum
12842,70,2,1118.99,3,2,4,324,Potential Loyalists,3,🟢 Promising Mid-Tier,0.9983,1.28,559.5,4822.53,Gold
12843,66,8,1702.26,3,5,4,354,Loyal Customers,3,🟢 Promising Mid-Tier,0.9997,6.54,212.78,9182.26,Gold
12844,29,2,325.96,4,2,2,422,New Customers,1,🟢 Promising Mid-Tier,0.9985,1.28,162.98,1478.06,Silver
12845,267,4,354.09,1,4,2,142,Need Attention,0,❄️  Inactive / Lost,0.9919,3.01,88.52,1827.56,Silver
12847,22,1,871.54,4,1,3,413,New Customers,1,🟢 Promising Mid-Tier,1.0,0.41,871.54,357.01,Bronze
12849,31,2,1033.25,4,2,4,424,New Customers,3,🟢 Promising Mid-Tier,0.9985,1.28,516.62,4462.02,Gold
12851,97,1,135.18,2,1,1,211,Hibernating,0,❄️  Inactive / Lost,1.0,0.41,135.18,55.37,Bronze
12852,295,1,311.55,1,1,2,112,Hibernating,0,❄️  Inactive / Lost,1.0,0.41,311.55,127.62,Bronze
12853,135,6,1957.1,2,5,4,254,At Risk,3,🟢 Promising Mid-Tier,0.9989,4.78,326.18,10293.68,Platinum
12854,79,3,1324.5,2,3,4,234,At Risk,3,🟢 Promising Mid-Tier,0.9993,2.16,441.5,6339.58,Gold
12855,373,1,38.1,1,1,1,111,Hibernating,0,❄️  Inactive / Lost,1.0,0.41,38.1,15.61,Bronze
12856,8,6,2179.93,5,5,5,555,Champions,2,🏆 High Value Active,0.9999,4.79,363.32,11467.89,Platinum
12857,211,2,1106.4,1,2,4,124,Can't Lose Them,0,❄️  Inactive / Lost,0.9963,1.28,553.2,4759.92,Gold
12863,52,1,521.2,3,1,3,313,Need Attention,0,❄️  Inactive / Lost,1.0,0.41,521.2,213.5,Bronze
12864,138,1,147.12,2,1,1,211,Hibernating,0,❄️  Inactive / Lost,1.0,0.41,147.12,60.26,Bronze
12865,26,2,1568.23,4,2,4,424,New Customers,3,🟢 Promising Mid-Tier,0.9985,1.28,784.12,6719.22,Gold
12866,283,1,499.12,1,1,3,113,Need Attention,0,❄️  Inactive / Lost,1.0,0.41,499.12,204.45,Bronze
12867,26,7,4036.82,4,5,5,455,Champions,2,🏆 High Value Active,0.9998,5.66,576.69,21459.79,Platinum
12868,186,6,1607.06,1,5,4,154,At Risk,3,🟢 Promising Mid-Tier,0.9967,4.77,267.84,8447.94,Gold
12871,84,2,380.64,2,2,2,222,Hibernating,0,❄️  Inactive / Lost,0.9982,1.28,190.32,1708.12,Silver
12872,327,2,599.97,1,2,3,123,Need Attention,0,❄️  Inactive / Lost,0.9875,1.27,299.98,2605.02,Silver
12873,282,1,374.0,1,1,2,112,Hibernating,0,❄️  Inactive / Lost,1.0,0.41,374.0,153.2,Bronze
12875,143,2,343.23,2,2,2,222,Hibernating,0,❄️  Inactive / Lost,0.9975,1.28,171.62,1549.4,Silver
12876,58,2,2053.02,3,2,5,325,Potential Loyalists,3,🟢 Promising Mid-Tier,0.9984,1.28,1026.51,8762.85,Gold
12877,4,12,1535.77,5,5,4,554,Champions,2,🏆 High Value Active,0.9999,10.04,127.98,8485.12,Gold
12878,236,2,854.99,1,2,3,123,Need Attention,0,❄️  Inactive / Lost,0.9955,1.28,427.5,3698.75,Gold
12879,45,3,573.22,3,3,3,333,Loyal Customers,3,🟢 Promising Mid-Tier,0.9995,2.16,191.07,2793.02,Silver
12881,276,1,298.0,1,1,2,112,Hibernating,0,❄️  Inactive / Lost,1.0,0.41,298.0,122.07,Bronze
12882,9,2,1463.04,5,2,4,524,New Customers,1,🟢 Promising Mid-Tier,0.9986,1.28,731.52,6275.98,Gold
12883,25,4,703.47,4,4,3,443,Loyal Customers,3,🟢 Promising Mid-Tier,0.9997,3.04,175.87,3579.68,Gold
12884,88,1,309.05,2,1,2,212,Hibernating,0,❄️  Inactive / Lost,1.0,0.41,309.05,126.6,Bronze
12885,63,3,1175.22,3,3,4,334,Loyal Customers,3,🟢 Promising Mid-Tier,0.9994,2.16,391.74,5635.2,Gold
12886,68,2,1378.4,3,2,4,324,Potential Loyalists,3,🟢 Promising Mid-Tier,0.9983,1.28,689.2,5916.77,Gold
12888,214,2,354.12,1,2,2,122,Hibernating,0,❄️  Inactive / Lost,0.9962,1.28,177.06,1593.13,Silver
12890,24,1,380.47,4,1,2,412,New Customers,1,🟢 Promising Mid-Tier,1.0,0.41,380.47,155.85,Bronze
12891,186,3,331.0,1,3,2,132,Need Attention,0,❄️  Inactive / Lost,0.9983,2.16,110.33,1647.33,Silver
12893,31,1,188.14,4,1,1,411,New Customers,1,🟢 Promising Mid-Tier,1.0,0.41,188.14,77.07,Bronze
12895,42,2,372.8,3,2,2,322,Potential Loyalists,1,🟢 Promising Mid-Tier,0.9985,1.28,186.4,1675.55,Silver
12897,205,2,216.5,1,2,1,121,Hibernating,0,❄️  Inactive / Lost,0.9964,1.28,108.25,1014.12,Silver
12901,9,28,17654.54,5,5,5,555,Champions,2,🏆 High Value Active,1.0,24.06,630.52,99316.66,Platinum
12902,265,1,138.68,1,1,1,111,Hibernating,0,❄️  Inactive / Lost,1.0,0.41,138.68,56.81,Bronze
12904,18,2,509.58,4,2,3,423,New Customers,1,🟢 Promising Mid-Tier,0.9986,1.28,254.79,2252.87,Silver
12906,12,5,2919.81,5,4,5,545,Champions,2,🏆 High Value Active,0.9998,3.91,583.96,15041.68,Platinum
12908,176,2,750.0,2,2,3,223,Need Attention,0,❄️  Inactive / Lost,0.997,1.28,375.0,3262.19,Gold
12909,40,5,2178.67,3,4,5,345,Loyal Customers,3,🟢 Promising Mid-Tier,0.9997,3.91,435.73,11242.65,Platinum
12910,23,8,3075.04,4,5,5,455,Champions,2,🏆 High Value Active,0.9999,6.54,384.38,16530.22,Platinum
12912,3,5,1662.3,5,4,4,544,Champions,2,🏆 High Value Active,0.9998,3.91,332.46,8597.28,Gold
12913,5,5,2483.63,5,4,5,545,Champions,2,🏆 High Value Active,0.9998,3.91,496.73,12806.5,Platinum
12915,149,2,363.65,2,2,2,222,Hibernating,0,❄️  Inactive / Lost,0.9975,1.28,181.82,1635.33,Silver
12916,139,4,3006.15,2,4,5,245,At Risk,3,🟢 Promising Mid-Tier,0.999,3.03,751.54,15022.48,Platinum
12917,128,1,594.0,2,1,3,213,Need Attention,0,❄️  Inactive / Lost,1.0,0.41,594.0,243.32,Bronze
12919,8,6,1335.19,5,5,4,554,Champions,2,🏆 High Value Active,0.9999,4.79,222.53,7053.61,Gold
12920,17,1,164.23,4,1,1,411,New Customers,1,🟢 Promising Mid-Tier,1.0,0.41,164.23,67.27,Bronze
12921,9,37,16587.09,5,5,5,555,Champions,2,🏆 High Value Active,1.0,31.94,448.3,93751.41,Platinum
12922,161,1,405.38,2,1,2,212,Hibernating,0,❄️  Inactive / Lost,1.0,0.41,405.38,166.05,Bronze
12923,64,1,175.72,3,1,1,311,Promising,0,❄️  Inactive / Lost,1.0,0.41,175.72,71.98,Bronze
12924,88,4,925.75,2,4,3,243,At Risk,3,🟢 Promising Mid-Tier,0.9995,3.04,231.44,4684.09,Gold
12925,5,2,694.05,5,2,3,523,New Customers,1,🟢 Promising Mid-Tier,0.9987,1.28,347.02,3031.38,Gold
12928,35,5,2062.7,3,4,5,345,Loyal Customers,3,🟢 Promising Mid-Tier,0.9998,3.91,412.54,10648.52,Platinum
12929,312,1,117.85,1,1,1,111,Hibernating,0,❄️  Inactive / Lost,1.0,0.41,117.85,48.27,Bronze
12930,78,2,415.8,2,2,2,222,Hibernating,0,❄️  Inactive / Lost,0.9982,1.28,207.9,1856.49,Silver
12931,22,15,42055.96,4,5,5,455,Champions,2,🏆 High Value Active,0.9999,12.67,2803.73,232546.03,Platinum
12933,24,3,607.53,4,3,3,433,Loyal Customers,1,🟢 Promising Mid-Tier,0.9995,2.16,202.51,2955.22,Silver
12935,2,7,2160.7,5,5,5,555,Champions,2,🏆 High Value Active,0.9999,5.66,308.67,11521.91,Platinum
12936,17,4,1063.9,4,4,4,444,Champions,3,🟢 Promising Mid-Tier,0.9997,3.04,265.98,5372.45,Gold
12937,15,4,1504.27,4,4,4,444,Champions,3,🟢 Promising Mid-Tier,0.9997,3.04,376.07,7562.8,Gold
12938,26,1,114.14,4,1,1,411,New Customers,1,🟢 Promising Mid-Tier,1.0,0.41,114.14,46.75,Bronze
12939,64,8,11581.8,3,5,5,355,Loyal Customers,2,🏆 High Value Active,0.9997,6.54,1447.72,62042.31,Platinum
12940,55,2,913.54,3,2,3,323,Potential Loyalists,3,🟢 Promising Mid-Tier,0.9984,1.28,456.77,3956.39,Gold
12942,131,3,683.9,2,3,3,233,At Risk,3,🟢 Promising Mid-Tier,0.999,2.16,227.97,3314.03,Gold
12944,36,2,604.51,3,2,3,323,Potential Loyalists,1,🟢 Promising Mid-Tier,0.9985,1.28,302.26,2653.14,Silver
12945,288,1,462.95,1,1,2,112,Hibernating,0,❄️  Inactive / Lost,1.0,0.41,462.95,189.64,Bronze
12947,144,6,1603.99,2,5,4,254,At Risk,3,🟢 Promising Mid-Tier,0.9987,4.78,267.33,8448.42,Gold
12948,16,7,2064.95,4,5,5,455,Champions,2,🏆 High Value Active,0.9999,5.66,294.99,11014.36,Platinum
12949,31,8,4167.22,4,5,5,455,Champions,2,🏆 High Value Active,0.9998,6.54,520.9,22374.37,Platinum
12950,2,3,1843.0,5,3,4,534,Loyal Customers,1,🟢 Promising Mid-Tier,0.9996,2.16,614.33,8789.87,Gold
12951,9,6,1064.07,5,5,4,554,Champions,2,🏆 High Value Active,0.9999,4.79,177.34,5636.84,Gold
12952,6,4,1387.79,5,4,4,544,Champions,1,🟢 Promising Mid-Tier,0.9998,3.04,346.95,6983.59,Gold
12953,10,1,329.85,5,1,2,512,New Customers,1,🟢 Promising Mid-Tier,1.0,0.41,329.85,135.12,Bronze
12955,1,11,4757.16,5,5,5,555,Champions,2,🏆 High Value Active,0.9999,9.17,432.47,26021.94,Platinum
12956,306,1,108.07,1,1,1,111,Hibernating,0,❄️  Inactive / Lost,1.0,0.41,108.07,44.27,Bronze
12957,10,8,4017.54,5,5,5,555,Champions,2,🏆 High Value Active,0.9999,6.54,502.19,21574.51,Platinum
12962,7,2,266.39,5,2,2,522,New Customers,1,🟢 Promising Mid-Tier,0.9986,1.28,133.2,1226.88,Silver
12963,8,8,1856.63,5,5,4,554,Champions,2,🏆 High Value Active,0.9999,6.54,232.08,10010.39,Platinum
12965,89,1,771.91,2,1,3,213,Need Attention,0,❄️  Inactive / Lost,1.0,0.41,771.91,316.2,Bronze
12966,10,1,160.18,5,1,1,511,New Customers,1,🟢 Promising Mid-Tier,1.0,0.41,160.18,65.61,Bronze
12967,358,2,1660.9,1,2,4,124,Can't Lose Them,3,🟢 Promising Mid-Tier,0.977,1.26,830.45,6956.44,Gold
12968,112,1,135.95,2,1,1,211,Hibernating,0,❄️  Inactive / Lost,1.0,0.41,135.95,55.69,Bronze
12970,7,4,452.24,5,4,2,542,Need Attention,1,🟢 Promising Mid-Tier,0.9998,3.04,113.06,2330.24,Silver
12971,4,86,11189.91,5,5,5,555,Champions,2,🏆 High Value Active,1.0,74.87,130.12,63790.71,Platinum
12974,198,1,144.8,1,1,1,111,Hibernating,0,❄️  Inactive / Lost,1.0,0.41,144.8,59.31,Bronze
12976,212,1,738.6,1,1,3,113,Need Attention,0,❄️  Inactive / Lost,1.0,0.41,738.6,302.55,Bronze
12977,156,1,39.24,2,1,1,211,Hibernating,0,❄️  Inactive / Lost,1.0,0.41,39.24,16.07,Bronze
12980,158,9,7374.9,2,5,5,255,At Risk,3,🟢 Promising Mid-Tier,0.9957,7.39,819.43,39681.77,Platinum
12981,30,2,372.22,4,2,2,422,New Customers,1,🟢 Promising Mid-Tier,0.9985,1.28,186.11,1673.22,Silver
12982,243,1,390.54,1,1,2,112,Hibernating,0,❄️  Inactive / Lost,1.0,0.41,390.54,159.98,Bronze
12984,19,1,97.5,4,1,1,411,New Customers,1,🟢 Promising Mid-Tier,1.0,0.41,97.5,39.94,Bronze
12985,1,2,1239.38,5,2,4,524,New Customers,1,🟢 Promising Mid-Tier,0.9987,1.28,619.69,5332.48,Gold
12987,74,2,558.7,2,2,3,223,Need Attention,0,❄️  Inactive / Lost,0.9982,1.28,279.35,2459.25,Silver
12988,292,1,535.32,1,1,3,113,Need Attention,0,❄️  Inactive / Lost,1.0,0.41,535.32,219.28,Bronze
12989,3,15,6924.11,5,5,5,555,Champions,2,🏆 High Value Active,1.0,12.67,461.61,38348.54,Platinum
12990,31,3,409.5,4,3,2,432,Need Attention,1,🟢 Promising Mid-Tier,0.9995,2.16,136.5,2020.04,Silver
12991,23,2,503.76,4,2,3,423,New Customers,1,🟢 Promising Mid-Tier,0.9986,1.28,251.88,2228.26,Silver
12993,23,4,414.76,4,4,2,442,Need Attention,1,🟢 Promising Mid-Tier,0.9997,3.04,103.69,2143.74,Silver
12994,4,3,974.42,5,3,4,534,Loyal Customers,1,🟢 Promising Mid-Tier,0.9996,2.16,324.81,4688.0,Gold
12995,85,1,211.32,2,1,1,211,Hibernating,0,❄️  Inactive / Lost,1.0,0.41,211.32,86.56,Bronze
12997,22,4,1226.89,4,4,4,444,Champions,3,🟢 Promising Mid-Tier,0.9997,3.04,306.72,6183.06,Gold
12999,196,3,455.88,1,3,2,132,Need Attention,0,❄️  Inactive / Lost,0.9981,2.16,151.96,2235.85,Silver
13000,107,3,534.85,2,3,3,233,At Risk,3,🟢 Promising Mid-Tier,0.9992,2.16,178.28,2611.05,Silver
13001,4,13,9818.82,5,5,5,555,Champions,2,🏆 High Value Active,0.9999,10.92,755.29,54046.16,Platinum
13002,318,1,120.95,1,1,1,111,Hibernating,0,❄️  Inactive / Lost,1.0,0.41,120.95,49.54,Bronze
13003,106,3,149.05,2,3,1,231,Need Attention,0,❄️  Inactive / Lost,0.9992,2.16,49.68,789.9,Silver
13004,12,18,5655.91,5,5,5,555,Champions,2,🏆 High Value Active,0.9999,15.3,314.22,31527.04,Platinum
13005,174,2,513.7,2,2,3,223,Need Attention,0,❄️  Inactive / Lost,0.9971,1.28,256.85,2266.82,Silver
13006,56,1,81.57,3,1,1,311,Promising,0,❄️  Inactive / Lost,1.0,0.41,81.57,33.41,Bronze
13008,323,1,229.47,1,1,1,111,Hibernating,0,❄️  Inactive / Lost,1.0,0.41,229.47,94.0,Bronze
13011,372,1,50.55,1,1,1,111,Hibernating,0,❄️  Inactive / Lost,1.0,0.41,50.55,20.71,Bronze
13012,9,8,1661.84,5,5,4,554,Champions,2,🏆 High Value Active,0.9999,6.54,207.73,8967.94,Gold
13013,1,13,4810.94,5,5,5,555,Champions,2,🏆 High Value Active,0.9999,10.92,370.07,26518.22,Platinum
13014,11,10,3466.28,5,5,5,555,Champions,2,🏆 High Value Active,0.9999,8.29,346.63,18885.34,Platinum
13015,53,5,3346.28,3,4,5,345,Loyal Customers,3,🟢 Promising Mid-Tier,0.9997,3.91,669.26,17225.28,Platinum
13016,73,3,789.89,2,3,3,233,At Risk,3,🟢 Promising Mid-Tier,0.9994,2.16,263.3,3815.68,Gold
13017,7,1,204.0,5,1,1,511,New Customers,1,🟢 Promising Mid-Tier,1.0,0.41,204.0,83.56,Bronze
13018,16,28,7277.7,4,5,5,455,Champions,2,🏆 High Value Active,0.9999,24.06,259.92,40981.92,Platinum
13021,4,9,2616.38,5,5,5,555,Champions,2,🏆 High Value Active,0.9999,7.42,290.71,14185.59,Platinum
13023,64,2,599.9,3,2,3,323,Potential Loyalists,3,🟢 Promising Mid-Tier,0.9983,1.28,299.95,2633.21,Silver
13026,1,5,975.36,5,4,4,544,Champions,2,🏆 High Value Active,0.9998,3.91,195.07,5076.77,Gold
13027,114,6,6912.0,2,5,5,255,At Risk,3,🟢 Promising Mid-Tier,0.9993,4.79,1152.0,36174.28,Platinum
13028,23,2,661.32,4,2,3,423,New Customers,1,🟢 Promising Mid-Tier,0.9986,1.28,330.66,2893.01,Silver
13029,31,3,1247.5,4,3,4,434,Loyal Customers,3,🟢 Promising Mid-Tier,0.9995,2.16,415.83,5977.16,Gold
13030,11,2,799.48,5,2,3,523,New Customers,1,🟢 Promising Mid-Tier,0.9986,1.28,399.74,3476.14,Gold
13032,52,2,1010.18,3,2,4,324,Potential Loyalists,3,🟢 Promising Mid-Tier,0.9984,1.28,505.09,4364.13,Gold
13033,357,1,190.55,1,1,1,111,Hibernating,0,❄️  Inactive / Lost,1.0,0.41,190.55,78.05,Bronze
13034,55,2,642.77,3,2,3,323,Potential Loyalists,3,🟢 Promising Mid-Tier,0.9984,1.28,321.38,2814.21,Silver
13035,74,2,921.88,2,2,3,223,Need Attention,3,🟢 Promising Mid-Tier,0.9982,1.28,460.94,3991.04,Gold
13037,138,3,881.07,2,3,3,233,At Risk,3,🟢 Promising Mid-Tier,0.9989,2.16,293.69,4244.33,Gold
13038,80,3,908.46,2,3,3,233,At Risk,3,🟢 Promising Mid-Tier,0.9993,2.16,302.82,4375.34,Gold
13040,9,2,676.99,5,2,3,523,New Customers,1,🟢 Promising Mid-Tier,0.9986,1.28,338.5,2959.34,Silver
13043,273,1,516.42,1,1,3,113,Need Attention,0,❄️  Inactive / Lost,1.0,0.41,516.42,211.54,Bronze
13044,291,1,560.47,1,1,3,113,Need Attention,0,❄️  Inactive / Lost,1.0,0.41,560.47,229.58,Bronze
13045,99,1,305.28,2,1,2,212,Hibernating,0,❄️  Inactive / Lost,1.0,0.41,305.28,125.05,Bronze
13046,31,2,629.31,4,2,3,423,New Customers,1,🟢 Promising Mid-Tier,0.9985,1.28,314.65,2757.84,Silver
13047,57,9,3232.59,3,5,5,355,Loyal Customers,3,🟢 Promising Mid-Tier,0.9997,7.42,359.18,17505.96,Platinum
13048,14,4,1835.91,4,4,4,444,Champions,3,🟢 Promising Mid-Tier,0.9997,3.04,458.98,9212.34,Gold
13049,64,2,656.68,3,2,3,323,Potential Loyalists,3,🟢 Promising Mid-Tier,0.9983,1.28,328.34,2872.71,Silver
13050,15,17,5833.11,4,5,5,455,Champions,2,🏆 High Value Active,0.9999,14.42,343.12,32454.75,Platinum
13052,212,1,348.15,1,1,2,112,Hibernating,0,❄️  Inactive / Lost,1.0,0.41,348.15,142.61,Bronze
13055,78,3,1214.41,2,3,4,234,At Risk,3,🟢 Promising Mid-Tier,0.9993,2.16,404.8,5819.85,Gold
13058,25,3,271.4,4,3,2,432,Need Attention,1,🟢 Promising Mid-Tier,0.9995,2.16,90.47,1367.94,Silver
13059,250,1,183.4,1,1,1,111,Hibernating,0,❄️  Inactive / Lost,1.0,0.41,183.4,75.13,Bronze
13060,254,1,307.53,1,1,2,112,Hibernating,0,❄️  Inactive / Lost,1.0,0.41,307.53,125.97,Bronze
13061,72,1,248.61,3,1,2,312,Promising,0,❄️  Inactive / Lost,1.0,0.41,248.61,101.84,Bronze
13062,191,1,346.98,1,1,2,112,Hibernating,0,❄️  Inactive / Lost,1.0,0.41,346.98,142.13,Bronze
13064,13,4,1119.49,5,4,4,544,Champions,3,🟢 Promising Mid-Tier,0.9997,3.04,279.87,5649.0,Gold
13065,373,1,205.86,1,1,1,111,Hibernating,0,❄️  Inactive / Lost,1.0,0.41,205.86,84.33,Bronze
13066,24,2,470.8,4,2,2,422,New Customers,1,🟢 Promising Mid-Tier,0.9986,1.28,235.4,2089.18,Silver
13067,82,1,115.46,2,1,1,211,Hibernating,0,❄️  Inactive / Lost,1.0,0.41,115.46,47.3,Bronze
13068,10,2,344.0,5,2,2,522,New Customers,1,🟢 Promising Mid-Tier,0.9986,1.28,172.0,1554.32,Silver
13069,1,24,4436.12,5,5,5,555,Champions,2,🏆 High Value Active,1.0,20.56,184.84,24929.6,Platinum
13070,192,1,228.8,1,1,1,111,Hibernating,0,❄️  Inactive / Lost,1.0,0.41,228.8,93.72,Bronze
13072,267,1,177.15,1,1,1,111,Hibernating,0,❄️  Inactive / Lost,1.0,0.41,177.15,72.57,Bronze
13075,130,1,919.61,2,1,3,213,Need Attention,0,❄️  Inactive / Lost,1.0,0.41,919.61,376.7,Bronze
13077,1,4,729.27,5,4,3,543,Loyal Customers,1,🟢 Promising Mid-Tier,0.9998,3.04,182.32,3708.2,Gold
13078,3,26,12627.94,5,5,5,555,Champions,2,🏆 High Value Active,1.0,22.31,485.69,70955.53,Platinum
13079,4,5,220.1,5,4,1,541,Need Attention,1,🟢 Promising Mid-Tier,0.9998,3.91,44.02,1206.09,Silver
13080,179,1,58.08,2,1,1,211,Hibernating,0,❄️  Inactive / Lost,1.0,0.41,58.08,23.79,Bronze
13081,12,11,28337.38,5,5,5,555,Champions,2,🏆 High Value Active,0.9999,9.17,2576.13,154641.45,Platinum
13082,126,9,3613.63,2,5,5,255,At Risk,3,🟢 Promising Mid-Tier,0.9984,7.41,401.51,19534.33,Platinum
13083,4,2,303.75,5,2,2,522,New Customers,1,🟢 Promising Mid-Tier,0.9987,1.28,151.88,1384.53,Silver
13085,158,2,416.08,2,2,2,222,Hibernating,0,❄️  Inactive / Lost,0.9973,1.28,208.04,1856.05,Silver
13089,3,97,58825.83,5,5,5,555,Champions,2,🏆 High Value Active,1.0,84.5,606.45,335287.01,Platinum
13090,9,13,8895.82,5,5,5,555,Champions,2,🏆 High Value Active,0.9999,10.92,684.29,48972.03,Platinum
13091,28,1,345.82,4,1,2,412,New Customers,1,🟢 Promising Mid-Tier,1.0,0.41,345.82,141.66,Bronze
13092,71,5,477.83,3,4,2,342,Potential Loyalists,3,🟢 Promising Mid-Tier,0.9996,3.91,95.57,2526.41,Silver
13093,276,8,7832.47,1,5,5,155,At Risk,3,🟢 Promising Mid-Tier,0.772,5.05,979.06,32417.82,Platinum
13094,21,12,1927.32,4,5,4,454,Champions,2,🏆 High Value Active,0.9999,10.04,160.61,10629.46,Platinum
13095,71,1,74.4,3,1,1,311,Promising,0,❄️  Inactive / Lost,1.0,0.41,74.4,30.48,Bronze
13097,33,10,6010.42,4,5,5,455,Champions,2,🏆 High Value Active,0.9999,8.29,601.04,32690.65,Platinum
13098,1,28,28882.44,5,5,5,555,Champions,2,🏆 High Value Active,1.0,24.06,1031.52,162437.33,Platinum
13099,99,1,207.36,2,1,1,211,Hibernating,0,❄️  Inactive / Lost,1.0,0.41,207.36,84.94,Bronze
13101,234,1,101.19,1,1,1,111,Hibernating,0,❄️  Inactive / Lost,1.0,0.41,101.19,41.45,Bronze
13102,1,24,6424.09,5,5,5,555,Champions,2,🏆 High Value Active,1.0,20.56,267.67,36069.42,Platinum
13103,40,1,243.94,3,1,1,311,Promising,1,🟢 Promising Mid-Tier,1.0,0.41,243.94,99.92,Bronze
13104,3,6,1098.48,5,5,4,554,Champions,2,🏆 High Value Active,0.9999,4.79,183.08,5816.71,Gold
13106,133,1,76.5,2,1,1,211,Hibernating,0,❄️  Inactive / Lost,1.0,0.41,76.5,31.34,Bronze
13107,44,4,1531.62,3,4,4,344,Loyal Customers,3,🟢 Promising Mid-Tier,0.9997,3.04,382.9,7698.22,Gold
13108,373,1,350.06,1,1,2,112,Hibernating,0,❄️  Inactive / Lost,1.0,0.41,350.06,143.39,Bronze
13109,60,2,786.54,3,2,3,323,Potential Loyalists,3,🟢 Promising Mid-Tier,0.9983,1.28,393.27,3420.56,Gold
13110,31,7,1488.67,4,5,4,454,Champions,3,🟢 Promising Mid-Tier,0.9998,5.66,212.67,7961.23,Gold
13113,1,24,12245.96,5,5,5,555,Champions,2,🏆 High Value Active,1.0,20.56,510.25,68692.96,Platinum
13115,12,4,2294.78,5,4,5,545,Champions,3,🟢 Promising Mid-Tier,0.9997,3.04,573.7,11494.73,Platinum
13116,138,1,501.14,2,1,3,213,Need Attention,0,❄️  Inactive / Lost,1.0,0.41,501.14,205.28,Bronze
13117,22,8,984.91,4,5,4,454,Champions,3,🟢 Promising Mid-Tier,0.9999,6.54,123.11,5345.18,Gold
13118,20,5,1197.81,4,4,4,444,Champions,3,🟢 Promising Mid-Tier,0.9998,3.91,239.56,6216.58,Gold
13120,239,1,30.6,1,1,1,111,Hibernating,0,❄️  Inactive / Lost,1.0,0.41,30.6,12.53,Bronze
13121,269,1,283.73,1,1,2,112,Hibernating,0,❄️  Inactive / Lost,1.0,0.41,283.73,116.22,Bronze
13122,94,2,922.39,2,2,3,223,Need Attention,3,🟢 Promising Mid-Tier,0.9981,1.28,461.2,3992.54,Gold
13124,90,3,3866.33,2,3,5,235,At Risk,3,🟢 Promising Mid-Tier,0.9993,2.16,1288.78,18339.07,Platinum
13126,5,8,2099.64,5,5,5,555,Champions,2,🏆 High Value Active,0.9999,6.54,262.46,11310.93,Platinum
13127,78,1,259.17,2,1,2,212,Hibernating,0,❄️  Inactive / Lost,1.0,0.41,259.17,106.16,Bronze
13130,94,1,64.0,2,1,1,211,Hibernating,0,❄️  Inactive / Lost,1.0,0.41,64.0,26.22,Bronze
13131,23,3,1073.3,4,3,4,434,Loyal Customers,3,🟢 Promising Mid-Tier,0.9995,2.16,357.77,5154.7,Gold
13132,262,1,77.3,1,1,1,111,Hibernating,0,❄️  Inactive / Lost,1.0,0.41,77.3,31.66,Bronze
13133,274,2,109.8,1,2,1,121,Hibernating,0,❄️  Inactive / Lost,0.9936,1.28,54.9,563.32,Silver
13134,86,4,1793.58,2,4,4,244,At Risk,3,🟢 Promising Mid-Tier,0.9995,3.04,448.4,8999.46,Gold
13135,197,1,3096.0,1,1,5,115,Can't Lose Them,3,🟢 Promising Mid-Tier,1.0,0.41,3096.0,1268.21,Silver
13136,56,5,2607.61,3,4,5,345,Loyal Customers,3,🟢 Promising Mid-Tier,0.9997,3.91,521.52,13439.99,Platinum
13137,11,8,3650.41,5,5,5,555,Champions,2,🏆 High Value Active,0.9999,6.54,456.3,19609.77,Platinum
13138,22,6,962.39,4,5,4,454,Champions,3,🟢 Promising Mid-Tier,0.9998,4.79,160.4,5105.36,Gold
13139,16,7,5064.94,4,5,5,455,Champions,2,🏆 High Value Active,0.9999,5.66,723.56,26906.75,Platinum
13140,108,3,423.72,2,3,2,232,Need Attention,0,❄️  Inactive / Lost,0.9992,2.16,141.24,2086.45,Silver
13141,85,5,2388.75,2,4,5,245,At Risk,3,🟢 Promising Mid-Tier,0.9995,3.91,477.75,12316.74,Platinum
13142,19,1,307.09,4,1,2,412,New Customers,1,🟢 Promising Mid-Tier,1.0,0.41,307.09,125.79,Bronze
13144,333,1,110.95,1,1,1,111,Hibernating,0,❄️  Inactive / Lost,1.0,0.41,110.95,45.45,Bronze
13145,40,4,618.52,3,4,3,343,Loyal Customers,3,🟢 Promising Mid-Tier,0.9997,3.04,154.63,3157.03,Gold
13146,26,1,228.91,4,1,1,411,New Customers,1,🟢 Promising Mid-Tier,1.0,0.41,228.91,93.77,Bronze
13147,10,4,712.8,5,4,3,543,Loyal Customers,1,🟢 Promising Mid-Tier,0.9997,3.04,178.2,3626.21,Gold
13148,29,12,3707.12,4,5,5,455,Champions,2,🏆 High Value Active,0.9999,10.04,308.93,20377.53,Platinum
13149,14,4,1676.06,4,4,4,444,Champions,3,🟢 Promising Mid-Tier,0.9997,3.04,419.02,8417.27,Gold
13151,296,1,1257.87,1,1,4,114,Can't Lose Them,0,❄️  Inactive / Lost,1.0,0.41,1257.87,515.26,Silver
13153,6,1,486.22,5,1,3,513,New Customers,1,🟢 Promising Mid-Tier,1.0,0.41,486.22,199.17,Bronze
13155,33,4,971.76,4,4,4,444,Champions,3,🟢 Promising Mid-Tier,0.9997,3.04,242.94,4913.97,Gold
13157,49,4,1741.22,3,4,4,344,Loyal Customers,3,🟢 Promising Mid-Tier,0.9996,3.04,435.3,8740.51,Gold
13158,95,4,1201.06,2,4,4,244,At Risk,3,🟢 Promising Mid-Tier,0.9994,3.04,300.26,6052.82,Gold
13159,9,4,1437.85,5,4,4,544,Champions,3,🟢 Promising Mid-Tier,0.9997,3.04,359.46,7232.53,Gold
13160,22,1,91.8,4,1,1,411,New Customers,1,🟢 Promising Mid-Tier,1.0,0.41,91.8,37.6,Bronze
13161,313,1,112.75,1,1,1,111,Hibernating,0,❄️  Inactive / Lost,1.0,0.41,112.75,46.19,Bronze
13162,122,4,1688.29,2,4,4,244,At Risk,3,🟢 Promising Mid-Tier,0.9992,3.04,422.07,8473.73,Gold
13165,46,2,1021.48,3,2,4,324,Potential Loyalists,3,🟢 Promising Mid-Tier,0.9984,1.28,510.74,4411.97,Gold
13166,283,1,417.2,1,1,2,112,Hibernating,0,❄️  Inactive / Lost,1.0,0.41,417.2,170.9,Bronze
13167,19,4,779.33,4,4,3,443,Loyal Customers,3,🟢 Promising Mid-Tier,0.9997,3.04,194.83,3957.04,Gold
13168,36,4,1319.19,3,4,4,344,Loyal Customers,3,🟢 Promising Mid-Tier,0.9997,3.04,329.8,6641.88,Gold
13169,64,2,712.88,3,2,3,323,Potential Loyalists,3,🟢 Promising Mid-Tier,0.9983,1.28,356.44,3109.77,Gold
13170,27,1,116.01,4,1,1,411,New Customers,1,🟢 Promising Mid-Tier,1.0,0.41,116.01,47.52,Bronze
13171,22,3,468.41,4,3,2,432,Need Attention,1,🟢 Promising Mid-Tier,0.9995,2.16,156.14,2298.28,Silver
13173,4,2,353.65,5,2,2,522,New Customers,1,🟢 Promising Mid-Tier,0.9987,1.28,176.82,1595.09,Silver
13174,16,3,2813.03,4,3,5,435,Loyal Customers,3,🟢 Promising Mid-Tier,0.9996,2.16,937.68,13370.34,Platinum
13176,46,1,492.84,3,1,3,313,Need Attention,1,🟢 Promising Mid-Tier,1.0,0.41,492.84,201.88,Bronze
13177,65,1,282.45,3,1,2,312,Promising,0,❄️  Inactive / Lost,1.0,0.41,282.45,115.7,Bronze
13178,26,11,5725.47,4,5,5,455,Champions,2,🏆 High Value Active,0.9999,9.17,520.5,31301.99,Platinum
13182,45,1,121.18,3,1,1,311,Promising,0,❄️  Inactive / Lost,1.0,0.41,121.18,49.64,Bronze
13183,8,9,3957.78,5,5,5,555,Champions,2,🏆 High Value Active,0.9999,7.42,439.75,21420.38,Platinum
13184,15,10,1700.29,4,5,4,454,Champions,2,🏆 High Value Active,0.9999,8.29,170.03,9301.06,Gold
13185,268,1,71.4,1,1,1,111,Hibernating,0,❄️  Inactive / Lost,1.0,0.41,71.4,29.25,Bronze
13186,40,3,1575.89,3,3,4,334,Loyal Customers,3,🟢 Promising Mid-Tier,0.9995,2.16,525.3,7527.64,Gold
13187,337,1,236.02,1,1,1,111,Hibernating,0,❄️  Inactive / Lost,1.0,0.41,236.02,96.68,Bronze
13188,11,1,114.6,5,1,1,511,New Customers,1,🟢 Promising Mid-Tier,1.0,0.41,114.6,46.94,Bronze
13189,19,2,260.68,4,2,2,422,New Customers,1,🟢 Promising Mid-Tier,0.9986,1.28,130.34,1202.71,Silver
13192,95,2,911.94,2,2,3,223,Need Attention,3,🟢 Promising Mid-Tier,0.9981,1.28,455.97,3948.44,Gold
13193,61,1,117.88,3,1,1,311,Promising,0,❄️  Inactive / Lost,1.0,0.41,117.88,48.29,Bronze
13194,136,1,60.7,2,1,1,211,Hibernating,0,❄️  Inactive / Lost,1.0,0.41,60.7,24.86,Bronze
13196,11,4,1797.78,5,4,4,544,Champions,3,🟢 Promising Mid-Tier,0.9997,3.04,449.44,9022.74,Gold
13198,10,6,3401.24,5,5,5,555,Champions,2,🏆 High Value Active,0.9999,4.79,566.87,17849.91,Platinum
13199,4,37,9802.12,5,5,5,555,Champions,2,🏆 High Value Active,1.0,31.94,264.92,55431.93,Platinum
13200,19,4,870.09,4,4,3,443,Loyal Customers,3,🟢 Promising Mid-Tier,0.9997,3.04,217.52,4408.46,Gold
13203,10,4,869.46,5,4,3,543,Loyal Customers,1,🟢 Promising Mid-Tier,0.9997,3.04,217.36,4405.42,Gold
13207,15,2,250.26,4,2,2,422,New Customers,1,🟢 Promising Mid-Tier,0.9986,1.28,125.13,1158.77,Silver
13208,59,5,1199.42,3,4,4,344,Loyal Customers,3,🟢 Promising Mid-Tier,0.9997,3.91,239.88,6224.07,Gold
13209,30,8,5891.61,4,5,5,455,Champions,2,🏆 High Value Active,0.9998,6.54,736.45,31602.1,Platinum
13210,94,1,353.48,2,1,2,212,Hibernating,0,❄️  Inactive / Lost,1.0,0.41,353.48,144.8,Bronze
13211,10,3,1197.42,5,3,4,534,Loyal Customers,1,🟢 Promising Mid-Tier,0.9996,2.16,399.14,5741.02,Gold
13212,20,3,788.08,4,3,3,433,Loyal Customers,1,🟢 Promising Mid-Tier,0.9996,2.16,262.69,3807.86,Gold
13213,57,5,1520.58,3,4,4,344,Loyal Customers,3,🟢 Promising Mid-Tier,0.9997,3.91,304.12,7869.8,Gold
13216,268,1,333.74,1,1,2,112,Hibernating,0,❄️  Inactive / Lost,1.0,0.41,333.74,136.71,Bronze
13217,122,3,533.98,2,3,3,233,At Risk,3,🟢 Promising Mid-Tier,0.9991,2.16,177.99,2606.66,Silver
13218,127,1,62.64,2,1,1,211,Hibernating,0,❄️  Inactive / Lost,1.0,0.41,62.64,25.66,Bronze
13220,78,4,819.29,2,4,3,243,At Risk,3,🟢 Promising Mid-Tier,0.9995,3.04,204.82,4154.94,Gold
13221,240,2,844.86,1,2,3,123,Need Attention,0,❄️  Inactive / Lost,0.9954,1.28,422.43,3655.59,Gold
13223,200,2,163.2,1,2,1,121,Hibernating,0,❄️  Inactive / Lost,0.9965,1.28,81.6,789.81,Silver
13224,60,2,2152.95,3,2,5,325,Potential Loyalists,3,🟢 Promising Mid-Tier,0.9983,1.28,1076.47,9184.25,Gold
13225,3,7,6463.84,5,5,5,555,Champions,2,🏆 High Value Active,0.9999,5.66,923.41,34318.26,Platinum
13226,273,1,108.21,1,1,1,111,Hibernating,0,❄️  Inactive / Lost,1.0,0.41,108.21,44.33,Bronze
13227,202,1,257.7,1,1,2,112,Hibernating,0,❄️  Inactive / Lost,1.0,0.41,257.7,105.56,Bronze
13228,81,1,358.0,2,1,2,212,Hibernating,0,❄️  Inactive / Lost,1.0,0.41,358.0,146.65,Bronze
13229,226,1,160.95,1,1,1,111,Hibernating,0,❄️  Inactive / Lost,1.0,0.41,160.95,65.93,Bronze
13230,4,14,2806.97,5,5,5,555,Champions,2,🏆 High Value Active,0.9999,11.8,200.5,15548.8,Platinum
13232,13,7,1357.0,5,5,4,554,Champions,2,🏆 High Value Active,0.9999,5.66,193.86,7264.06,Gold
13233,74,2,605.12,2,2,3,223,Need Attention,0,❄️  Inactive / Lost,0.9982,1.28,302.56,2655.04,Silver
13235,212,1,1031.07,1,1,4,114,Can't Lose Them,0,❄️  Inactive / Lost,1.0,0.41,1031.07,422.35,Bronze
13236,25,2,744.85,4,2,3,423,New Customers,1,🟢 Promising Mid-Tier,0.9986,1.28,372.42,3245.4,Gold
13238,17,4,700.73,4,4,3,443,Loyal Customers,1,🟢 Promising Mid-Tier,0.9997,3.04,175.18,3566.12,Gold
13239,262,1,329.56,1,1,2,112,Hibernating,0,❄️  Inactive / Lost,1.0,0.41,329.56,135.0,Bronze
13240,96,4,648.7,2,4,3,243,At Risk,3,🟢 Promising Mid-Tier,0.9994,3.04,162.18,3306.31,Gold
13242,112,3,270.4,2,3,2,232,Need Attention,0,❄️  Inactive / Lost,0.9991,2.16,90.13,1362.68,Silver
13243,203,1,600.07,1,1,3,113,Need Attention,0,❄️  Inactive / Lost,1.0,0.41,600.07,245.81,Bronze
13244,93,1,121.74,2,1,1,211,Hibernating,0,❄️  Inactive / Lost,1.0,0.41,121.74,49.87,Bronze
13245,51,1,430.5,3,1,2,312,Promising,0,❄️  Inactive / Lost,1.0,0.41,430.5,176.34,Bronze
13246,18,6,1987.3,4,5,4,454,Champions,3,🟢 Promising Mid-Tier,0.9998,4.79,331.22,10461.07,Platinum
13247,18,4,501.12,4,4,3,443,Loyal Customers,1,🟢 Promising Mid-Tier,0.9997,3.04,125.28,2573.3,Silver
13248,125,2,465.68,2,2,2,222,Hibernating,0,❄️  Inactive / Lost,0.9978,1.28,232.84,2065.95,Silver
13249,92,3,711.41,2,3,3,233,At Risk,3,🟢 Promising Mid-Tier,0.9993,2.16,237.14,3444.81,Gold
13253,157,2,1030.4,2,2,4,224,Can't Lose Them,3,🟢 Promising Mid-Tier,0.9974,1.28,515.2,4444.81,Gold
13255,9,2,399.51,5,2,2,522,New Customers,1,🟢 Promising Mid-Tier,0.9986,1.28,199.76,1788.55,Silver
13258,12,3,698.58,5,3,3,533,Loyal Customers,1,🟢 Promising Mid-Tier,0.9996,2.16,232.86,3385.29,Gold
13259,62,1,292.32,3,1,2,312,Promising,0,❄️  Inactive / Lost,1.0,0.41,292.32,119.74,Bronze
13260,61,1,557.62,3,1,3,313,Need Attention,0,❄️  Inactive / Lost,1.0,0.41,557.62,228.42,Bronze
13261,269,2,944.1,1,2,4,124,Can't Lose Them,0,❄️  Inactive / Lost,0.994,1.28,472.05,4067.25,Gold
13262,263,1,200.29,1,1,1,111,Hibernating,0,❄️  Inactive / Lost,1.0,0.41,200.29,82.04,Bronze
13263,1,35,7443.85,5,5,5,555,Champions,2,🏆 High Value Active,1.0,30.19,212.68,42078.21,Platinum
13265,53,5,2107.66,3,4,5,345,Loyal Customers,3,🟢 Promising Mid-Tier,0.9997,3.91,421.53,10878.27,Platinum
13266,11,12,3834.26,5,5,5,555,Champions,2,🏆 High Value Active,0.9999,10.04,319.52,21074.97,Platinum
13267,3,19,4521.49,5,5,5,555,Champions,2,🏆 High Value Active,1.0,16.18,237.97,25258.33,Platinum
13268,18,10,3192.65,4,5,5,455,Champions,2,🏆 High Value Active,0.9999,8.29,319.26,17400.05,Platinum
13269,1,15,5346.23,5,5,5,555,Champions,2,🏆 High Value Active,1.0,12.67,356.42,29626.14,Platinum
13270,366,1,590.0,1,1,3,113,Need Attention,0,❄️  Inactive / Lost,1.0,0.41,590.0,241.68,Bronze
13271,37,1,217.38,3,1,1,311,Promising,1,🟢 Promising Mid-Tier,1.0,0.41,217.38,89.04,Bronze
13272,31,2,276.56,4,2,2,422,New Customers,1,🟢 Promising Mid-Tier,0.9985,1.28,138.28,1269.63,Silver
13273,113,1,138.98,2,1,1,211,Hibernating,0,❄️  Inactive / Lost,1.0,0.41,138.98,56.93,Bronze
13276,64,2,590.93,3,2,3,323,Potential Loyalists,3,🟢 Promising Mid-Tier,0.9983,1.28,295.46,2595.38,Silver
13277,16,4,258.4,4,4,2,442,Need Attention,1,🟢 Promising Mid-Tier,0.9997,3.04,64.6,1366.07,Silver
13278,41,1,542.73,3,1,3,313,Need Attention,1,🟢 Promising Mid-Tier,1.0,0.41,542.73,222.32,Bronze
13279,78,1,137.75,2,1,1,211,Hibernating,0,❄️  Inactive / Lost,1.0,0.41,137.75,56.43,Bronze
13280,122,3,814.86,2,3,3,233,At Risk,3,🟢 Promising Mid-Tier,0.9991,2.16,271.62,3932.41,Gold
13282,18,3,1132.14,4,3,4,434,Loyal Customers,3,🟢 Promising Mid-Tier,0.9996,2.16,377.38,5432.63,Gold
13283,60,2,93.66,3,2,1,321,Potential Loyalists,0,❄️  Inactive / Lost,0.9983,1.28,46.83,497.9,Bronze
13284,331,1,201.19,1,1,1,111,Hibernating,0,❄️  Inactive / Lost,1.0,0.41,201.19,82.41,Bronze
13285,23,4,2709.12,4,4,5,445,Champions,3,🟢 Promising Mid-Tier,0.9997,3.04,677.28,13555.24,Platinum
13291,156,1,361.11,2,1,2,212,Hibernating,0,❄️  Inactive / Lost,1.0,0.41,361.11,147.92,Bronze
13292,39,2,578.94,3,2,3,323,Potential Loyalists,1,🟢 Promising Mid-Tier,0.9985,1.28,289.47,2545.22,Silver
13294,190,2,873.74,1,2,3,123,Need Attention,0,❄️  Inactive / Lost,0.9968,1.28,436.87,3782.43,Gold
13295,360,1,201.2,1,1,1,111,Hibernating,0,❄️  Inactive / Lost,1.0,0.41,201.2,82.42,Bronze
13296,137,1,87.4,2,1,1,211,Hibernating,0,❄️  Inactive / Lost,1.0,0.41,87.4,35.8,Bronze
13297,8,4,2089.85,5,4,5,545,Champions,2,🏆 High Value Active,0.9997,3.04,522.46,10475.53,Platinum
13298,1,1,360.0,5,1,2,512,New Customers,1,🟢 Promising Mid-Tier,1.0,0.41,360.0,147.47,Bronze
13299,268,1,142.5,1,1,1,111,Hibernating,0,❄️  Inactive / Lost,1.0,0.41,142.5,58.37,Bronze
13300,169,1,371.89,2,1,2,212,Hibernating,0,❄️  Inactive / Lost,1.0,0.41,371.89,152.34,Bronze
13301,104,4,600.19,2,4,3,243,At Risk,3,🟢 Promising Mid-Tier,0.9994,3.04,150.05,3064.94,Gold
13302,155,1,63.75,2,1,1,211,Hibernating,0,❄️  Inactive / Lost,1.0,0.41,63.75,26.11,Bronze
13304,351,1,300.42,1,1,2,112,Hibernating,0,❄️  Inactive / Lost,1.0,0.41,300.42,123.06,Bronze
13305,4,10,2000.86,5,5,4,554,Champions,2,🏆 High Value Active,0.9999,8.29,200.09,10932.51,Platinum
13307,120,1,15.0,2,1,1,211,Hibernating,0,❄️  Inactive / Lost,1.0,0.41,15.0,6.14,Bronze
13308,23,3,1385.51,4,3,4,434,Loyal Customers,3,🟢 Promising Mid-Tier,0.9995,2.16,461.84,6629.02,Gold
13309,7,5,1456.79,5,4,4,544,Champions,2,🏆 High Value Active,0.9998,3.91,291.36,7544.0,Gold
13310,28,3,1132.03,4,3,4,434,Loyal Customers,3,🟢 Promising Mid-Tier,0.9995,2.16,377.34,5431.95,Gold
13311,4,2,598.57,5,2,3,523,New Customers,1,🟢 Promising Mid-Tier,0.9987,1.28,299.29,2628.52,Silver
13313,22,5,1555.32,4,4,4,444,Champions,3,🟢 Promising Mid-Tier,0.9998,3.91,311.06,8048.69,Gold
13314,2,3,775.94,5,3,3,533,Loyal Customers,1,🟢 Promising Mid-Tier,0.9996,2.16,258.65,3750.7,Gold
13316,37,4,5977.73,3,4,5,345,Loyal Customers,3,🟢 Promising Mid-Tier,0.9997,3.04,1494.43,29811.25,Platinum
13317,66,6,2273.68,3,5,5,355,Loyal Customers,3,🟢 Promising Mid-Tier,0.9997,4.79,378.95,11955.56,Platinum
13318,1,3,640.76,5,3,3,533,Loyal Customers,1,🟢 Promising Mid-Tier,0.9996,2.16,213.59,3112.33,Gold
13319,5,26,10845.55,5,5,5,555,Champions,2,🏆 High Value Active,1.0,22.31,417.14,60950.22,Platinum
13320,78,4,1548.7,2,4,4,244,At Risk,3,🟢 Promising Mid-Tier,0.9995,3.04,387.18,7782.11,Gold
13321,72,2,567.36,3,2,3,323,Potential Loyalists,0,❄️  Inactive / Lost,0.9983,1.28,283.68,2495.82,Silver
13322,17,1,199.48,4,1,1,411,New Customers,1,🟢 Promising Mid-Tier,1.0,0.41,199.48,81.71,Bronze
13323,3,5,787.85,5,4,3,543,Loyal Customers,1,🟢 Promising Mid-Tier,0.9998,3.91,157.57,4115.77,Gold
13324,36,10,7121.95,3,5,5,355,Loyal Customers,2,🏆 High Value Active,0.9998,8.29,712.2,38722.22,Platinum
13325,82,1,675.3,2,1,3,213,Need Attention,0,❄️  Inactive / Lost,1.0,0.41,675.3,276.62,Bronze
13327,39,8,3627.77,3,5,5,355,Loyal Customers,3,🟢 Promising Mid-Tier,0.9998,6.54,453.47,19487.12,Platinum
13328,316,1,1308.48,1,1,4,114,Can't Lose Them,0,❄️  Inactive / Lost,1.0,0.41,1308.48,535.99,Silver
13329,32,2,789.0,4,2,3,423,New Customers,1,🟢 Promising Mid-Tier,0.9985,1.28,394.5,3431.53,Gold
13330,93,3,1140.93,2,3,4,234,At Risk,3,🟢 Promising Mid-Tier,0.9993,2.16,380.31,5472.5,Gold
13332,14,1,350.9,4,1,2,412,New Customers,1,🟢 Promising Mid-Tier,1.0,0.41,350.9,143.74,Bronze
13334,82,3,3536.82,2,3,5,235,At Risk,3,🟢 Promising Mid-Tier,0.9993,2.16,1178.94,16784.18,Platinum
13336,77,1,795.12,2,1,3,213,Need Attention,0,❄️  Inactive / Lost,1.0,0.41,795.12,325.7,Bronze
13338,158,1,487.02,2,1,3,213,Need Attention,0,❄️  Inactive / Lost,1.0,0.41,487.02,199.5,Bronze
13339,201,1,860.12,1,1,3,113,Need Attention,0,❄️  Inactive / Lost,1.0,0.41,860.12,352.33,Bronze
13340,45,7,10736.48,3,5,5,355,Loyal Customers,2,🏆 High Value Active,0.9998,5.66,1533.78,56946.79,Platinum
13341,261,1,775.85,1,1,3,113,Need Attention,0,❄️  Inactive / Lost,1.0,0.41,775.85,317.81,Bronze
13343,178,1,353.43,2,1,2,212,Hibernating,0,❄️  Inactive / Lost,1.0,0.41,353.43,144.77,Bronze
13344,68,3,2543.72,3,3,5,335,Loyal Customers,3,🟢 Promising Mid-Tier,0.9994,2.16,847.91,12096.4,Platinum
13345,288,1,389.5,1,1,2,112,Hibernating,0,❄️  Inactive / Lost,1.0,0.41,389.5,159.55,Bronze
13347,70,1,341.36,3,1,2,312,Promising,0,❄️  Inactive / Lost,1.0,0.41,341.36,139.83,Bronze
13348,64,1,233.76,3,1,1,311,Promising,0,❄️  Inactive / Lost,1.0,0.41,233.76,95.75,Bronze
13349,11,1,247.32,5,1,1,511,New Customers,1,🟢 Promising Mid-Tier,1.0,0.41,247.32,101.31,Bronze
13350,16,2,979.12,4,2,4,424,New Customers,1,🟢 Promising Mid-Tier,0.9986,1.28,489.56,4233.99,Gold
13351,66,1,373.94,3,1,2,312,Promising,0,❄️  Inactive / Lost,1.0,0.41,373.94,153.18,Bronze
13352,60,1,397.98,3,1,2,312,Promising,0,❄️  Inactive / Lost,1.0,0.41,397.98,163.02,Bronze
13354,71,1,743.53,3,1,3,313,Need Attention,0,❄️  Inactive / Lost,1.0,0.41,743.53,304.57,Bronze
13355,122,1,674.7,2,1,3,213,Need Attention,0,❄️  Inactive / Lost,1.0,0.41,674.7,276.38,Bronze
13356,80,1,768.24,2,1,3,213,Need Attention,0,❄️  Inactive / Lost,1.0,0.41,768.24,314.69,Bronze
13357,257,1,609.95,1,1,3,113,Need Attention,0,❄️  Inactive / Lost,1.0,0.41,609.95,249.85,Bronze
13358,269,1,439.03,1,1,2,112,Hibernating,0,❄️  Inactive / Lost,1.0,0.41,439.03,179.84,Bronze
13359,64,1,439.56,3,1,2,312,Promising,0,❄️  Inactive / Lost,1.0,0.41,439.56,180.06,Bronze
13362,9,4,3090.74,5,4,5,545,Champions,2,🏆 High Value Active,0.9997,3.04,772.68,15453.81,Platinum
13363,18,2,992.5,4,2,4,424,New Customers,1,🟢 Promising Mid-Tier,0.9986,1.28,496.25,4290.4,Gold
13364,71,1,134.96,3,1,1,311,Promising,0,❄️  Inactive / Lost,1.0,0.41,134.96,55.28,Bronze
13365,34,2,2225.37,3,2,5,325,Potential Loyalists,3,🟢 Promising Mid-Tier,0.9985,1.28,1112.68,9491.28,Gold
13366,50,1,56.16,3,1,1,311,Promising,0,❄️  Inactive / Lost,1.0,0.41,56.16,23.0,Bronze
13368,257,2,623.4,1,2,3,123,Need Attention,0,❄️  Inactive / Lost,0.9946,1.28,311.7,2722.21,Silver
13369,366,1,308.28,1,1,2,112,Hibernating,0,❄️  Inactive / Lost,1.0,0.41,308.28,126.28,Bronze
13370,372,1,754.87,1,1,3,113,Need Attention,0,❄️  Inactive / Lost,1.0,0.41,754.87,309.22,Bronze
13372,90,1,378.64,2,1,2,212,Hibernating,0,❄️  Inactive / Lost,1.0,0.41,378.64,155.1,Bronze
13373,61,3,3312.25,3,3,5,335,Loyal Customers,3,🟢 Promising Mid-Tier,0.9994,2.16,1104.08,15725.45,Platinum
13375,89,1,778.65,2,1,3,213,Need Attention,0,❄️  Inactive / Lost,1.0,0.41,778.65,318.96,Bronze
13376,99,3,1019.76,2,3,4,234,At Risk,3,🟢 Promising Mid-Tier,0.9992,2.16,339.92,4900.3,Gold
13379,26,3,572.56,4,3,3,433,Loyal Customers,1,🟢 Promising Mid-Tier,0.9995,2.16,190.85,2790.07,Silver
13381,32,6,3639.31,4,5,5,455,Champions,3,🟢 Promising Mid-Tier,0.9998,4.79,606.55,19092.97,Platinum
13382,281,1,222.99,1,1,1,111,Hibernating,0,❄️  Inactive / Lost,1.0,0.41,222.99,91.34,Bronze
13384,31,7,4151.93,4,5,5,455,Champions,2,🏆 High Value Active,0.9998,5.66,593.13,22069.26,Platinum
13385,330,1,534.57,1,1,3,113,Need Attention,0,❄️  Inactive / Lost,1.0,0.41,534.57,218.97,Bronze
13388,131,2,677.1,2,2,3,223,Need Attention,0,❄️  Inactive / Lost,0.9977,1.28,338.55,2957.03,Silver
13389,11,3,797.96,5,3,3,533,Loyal Customers,1,🟢 Promising Mid-Tier,0.9996,2.16,265.99,3854.61,Gold
13390,75,1,544.08,2,1,3,213,Need Attention,0,❄️  Inactive / Lost,1.0,0.41,544.08,222.87,Bronze
13391,204,1,59.8,1,1,1,111,Hibernating,0,❄️  Inactive / Lost,1.0,0.41,59.8,24.5,Bronze
13394,2,8,2520.02,5,5,5,555,Champions,2,🏆 High Value Active,0.9999,6.54,315.0,13560.69,Platinum
13395,185,1,307.72,1,1,2,112,Hibernating,0,❄️  Inactive / Lost,1.0,0.41,307.72,126.05,Bronze
13396,29,2,1360.99,4,2,4,424,New Customers,3,🟢 Promising Mid-Tier,0.9985,1.28,680.5,5844.78,Gold
13397,73,5,1544.13,2,4,4,244,At Risk,3,🟢 Promising Mid-Tier,0.9996,3.91,308.83,7989.9,Gold
13398,192,1,457.34,1,1,2,112,Hibernating,0,❄️  Inactive / Lost,1.0,0.41,457.34,187.34,Bronze
13402,127,2,621.23,2,2,3,223,Need Attention,0,❄️  Inactive / Lost,0.9977,1.28,310.62,2721.64,Silver
13403,18,1,75.0,4,1,1,411,New Customers,1,🟢 Promising Mid-Tier,1.0,0.41,75.0,30.72,Bronze
13404,1,2,252.49,5,2,2,522,New Customers,1,🟢 Promising Mid-Tier,0.9987,1.28,126.24,1168.26,Silver
13405,74,3,572.45,2,3,3,233,At Risk,3,🟢 Promising Mid-Tier,0.9994,2.16,190.82,2789.05,Silver
13408,2,62,28117.04,5,5,5,555,Champions,2,🏆 High Value Active,1.0,53.84,453.5,159799.63,Platinum
13410,24,5,1003.06,4,4,4,444,Champions,3,🟢 Promising Mid-Tier,0.9998,3.91,200.61,5218.48,Gold
13411,107,1,213.55,2,1,1,211,Hibernating,0,❄️  Inactive / Lost,1.0,0.41,213.55,87.48,Bronze
13414,134,3,1390.5,2,3,4,234,At Risk,3,🟢 Promising Mid-Tier,0.999,2.16,463.5,6648.73,Gold
13416,44,2,712.5,3,2,3,323,Potential Loyalists,3,🟢 Promising Mid-Tier,0.9984,1.28,356.25,3108.57,Gold
13417,5,2,640.83,5,2,3,523,New Customers,1,🟢 Promising Mid-Tier,0.9987,1.28,320.42,2806.82,Silver
13418,12,18,6127.43,5,5,5,555,Champions,2,🏆 High Value Active,0.9999,15.3,340.41,34149.39,Platinum
13419,64,1,221.06,3,1,1,311,Promising,0,❄️  Inactive / Lost,1.0,0.41,221.06,90.55,Bronze
13420,150,2,159.85,2,2,1,221,Hibernating,0,❄️  Inactive / Lost,0.9975,1.28,79.92,776.41,Silver
13421,40,2,1840.58,3,2,4,324,Potential Loyalists,3,🟢 Promising Mid-Tier,0.9985,1.28,920.29,7867.64,Gold
13422,64,1,2626.3,3,1,5,315,Need Attention,3,🟢 Promising Mid-Tier,1.0,0.41,2626.3,1075.81,Silver
13425,108,3,1624.21,2,3,4,234,At Risk,3,🟢 Promising Mid-Tier,0.9992,2.16,541.4,7753.29,Gold
13426,1,10,3641.32,5,5,5,555,Champions,2,🏆 High Value Active,0.9999,8.29,364.13,19835.65,Platinum
13427,19,3,582.6,4,3,3,433,Loyal Customers,1,🟢 Promising Mid-Tier,0.9996,2.16,194.2,2837.54,Silver
13428,10,1,218.47,5,1,1,511,New Customers,1,🟢 Promising Mid-Tier,1.0,0.41,218.47,89.49,Bronze
13429,11,4,1006.8,5,4,4,544,Champions,1,🟢 Promising Mid-Tier,0.9997,3.04,251.7,5088.52,Gold
13430,19,2,679.45,4,2,3,423,New Customers,1,🟢 Promising Mid-Tier,0.9986,1.28,339.72,2969.57,Silver
13431,67,2,1269.1,3,2,4,324,Potential Loyalists,3,🟢 Promising Mid-Tier,0.9983,1.28,634.55,5455.79,Gold
13434,74,2,534.24,2,2,3,223,Need Attention,0,❄️  Inactive / Lost,0.9982,1.28,267.12,2356.09,Silver
13435,5,7,3809.89,5,5,5,555,Champions,2,🏆 High Value Active,0.9999,5.66,544.27,20258.59,Platinum
13436,2,1,196.89,5,1,1,511,New Customers,1,🟢 Promising Mid-Tier,1.0,0.41,196.89,80.65,Bronze
13437,14,7,3408.06,4,5,5,455,Champions,2,🏆 High Value Active,0.9999,5.66,486.87,18129.54,Platinum
13439,255,1,283.71,1,1,2,112,Hibernating,0,❄️  Inactive / Lost,1.0,0.41,283.71,116.22,Bronze
13441,92,1,296.64,2,1,2,212,Hibernating,0,❄️  Inactive / Lost,1.0,0.41,296.64,121.51,Bronze
13447,23,3,1129.14,4,3,4,434,Loyal Customers,3,🟢 Promising Mid-Tier,0.9995,2.16,376.38,5418.38,Gold
13448,17,6,3539.37,4,5,5,455,Champions,2,🏆 High Value Active,0.9998,4.79,589.9,18571.45,Platinum
13449,24,1,291.88,4,1,2,412,New Customers,1,🟢 Promising Mid-Tier,1.0,0.41,291.88,119.56,Bronze
13450,27,6,2043.72,4,5,5,455,Champions,3,🟢 Promising Mid-Tier,0.9998,4.79,340.62,10755.66,Platinum
13451,26,5,2976.15,4,4,5,445,Champions,3,🟢 Promising Mid-Tier,0.9998,3.91,595.23,15329.92,Platinum
13452,259,2,590.0,1,2,3,123,Need Attention,0,❄️  Inactive / Lost,0.9945,1.28,295.0,2581.59,Silver
13453,166,2,356.98,2,2,2,222,Hibernating,0,❄️  Inactive / Lost,0.9972,1.28,178.49,1606.81,Silver
13455,25,2,1058.34,4,2,4,424,New Customers,1,🟢 Promising Mid-Tier,0.9986,1.28,529.17,4568.02,Gold
13456,18,6,1766.72,4,5,4,454,Champions,3,🟢 Promising Mid-Tier,0.9998,4.79,294.45,9308.43,Gold
13458,7,14,9646.57,5,5,5,555,Champions,2,🏆 High Value Active,0.9999,11.8,689.04,53259.12,Platinum
13460,29,2,183.44,4,2,1,421,New Customers,1,🟢 Promising Mid-Tier,0.9985,1.28,91.72,876.77,Silver
13461,39,3,1445.0,3,3,4,334,Loyal Customers,3,🟢 Promising Mid-Tier,0.9995,2.16,481.67,6909.6,Gold
13462,253,1,151.5,1,1,1,111,Hibernating,0,❄️  Inactive / Lost,1.0,0.41,151.5,62.06,Bronze
13464,58,1,674.68,3,1,3,313,Need Attention,0,❄️  Inactive / Lost,1.0,0.41,674.68,276.37,Bronze
13466,184,1,307.9,1,1,2,112,Hibernating,0,❄️  Inactive / Lost,1.0,0.41,307.9,126.12,Bronze
13467,11,2,1083.71,5,2,4,524,New Customers,1,🟢 Promising Mid-Tier,0.9986,1.28,541.86,4675.4,Gold
13468,2,37,5704.97,5,5,5,555,Champions,2,🏆 High Value Active,1.0,31.94,154.19,32291.85,Platinum
13470,99,2,165.0,2,2,1,221,Hibernating,0,❄️  Inactive / Lost,0.998,1.28,82.5,798.58,Silver
13471,1,4,2531.58,5,4,5,545,Champions,2,🏆 High Value Active,0.9998,3.04,632.9,12672.83,Platinum
13473,61,2,422.64,3,2,2,322,Potential Loyalists,0,❄️  Inactive / Lost,0.9983,1.28,211.32,1885.57,Silver
13474,236,1,229.59,1,1,1,111,Hibernating,0,❄️  Inactive / Lost,1.0,0.41,229.59,94.05,Bronze
13475,191,4,1431.78,1,4,4,144,At Risk,3,🟢 Promising Mid-Tier,0.998,3.03,357.94,7190.02,Gold
13476,179,2,1238.47,2,2,4,224,Can't Lose Them,3,🟢 Promising Mid-Tier,0.997,1.28,619.24,5319.65,Gold
13477,38,6,1454.58,3,5,4,354,Loyal Customers,3,🟢 Promising Mid-Tier,0.9998,4.79,242.43,7676.93,Gold
13479,201,2,300.95,1,2,2,122,Hibernating,0,❄️  Inactive / Lost,0.9965,1.28,150.48,1369.79,Silver
13481,46,5,1804.56,3,4,4,344,Loyal Customers,3,🟢 Promising Mid-Tier,0.9997,3.91,360.91,9325.34,Gold
13482,232,1,184.64,1,1,1,111,Hibernating,0,❄️  Inactive / Lost,1.0,0.41,184.64,75.63,Bronze
13483,66,1,140.34,3,1,1,311,Promising,0,❄️  Inactive / Lost,1.0,0.41,140.34,57.49,Bronze
13484,241,1,313.8,1,1,2,112,Hibernating,0,❄️  Inactive / Lost,1.0,0.41,313.8,128.54,Bronze
13485,233,1,454.24,1,1,2,112,Hibernating,0,❄️  Inactive / Lost,1.0,0.41,454.24,186.07,Bronze
13486,78,3,1122.41,2,3,4,234,At Risk,3,🟢 Promising Mid-Tier,0.9993,2.16,374.14,5385.49,Gold
13487,58,3,575.4,3,3,3,333,Loyal Customers,3,🟢 Promising Mid-Tier,0.9994,2.16,191.8,2803.17,Silver
13488,17,13,8968.31,4,5,5,455,Champions,2,🏆 High Value Active,0.9999,10.92,689.87,49369.59,Platinum
13489,105,4,449.52,2,4,2,242,Need Attention,3,🟢 Promising Mid-Tier,0.9994,3.04,112.38,2315.8,Silver
13491,52,10,1215.82,3,5,4,354,Loyal Customers,3,🟢 Promising Mid-Tier,0.9998,8.29,121.58,6670.86,Gold
13492,136,3,1269.84,2,3,4,234,At Risk,3,🟢 Promising Mid-Tier,0.9989,2.16,423.28,6079.17,Gold
13493,275,2,498.63,1,2,3,123,Need Attention,0,❄️  Inactive / Lost,0.9936,1.28,249.32,2195.61,Silver
13494,312,1,316.26,1,1,2,112,Hibernating,0,❄️  Inactive / Lost,1.0,0.41,316.26,129.55,Bronze
13495,8,5,2044.87,5,4,5,545,Champions,2,🏆 High Value Active,0.9998,3.91,408.97,10557.83,Platinum
13496,11,2,653.33,5,2,3,523,New Customers,1,🟢 Promising Mid-Tier,0.9986,1.28,326.67,2859.48,Silver
13497,283,2,348.05,1,2,2,122,Hibernating,0,❄️  Inactive / Lost,0.993,1.28,174.02,1562.57,Silver
13499,18,5,1159.11,4,4,4,444,Champions,3,🟢 Promising Mid-Tier,0.9998,3.91,231.82,6018.28,Gold
13500,23,3,1166.77,4,3,4,434,Loyal Customers,3,🟢 Promising Mid-Tier,0.9995,2.16,388.92,5596.08,Gold
13501,288,1,1340.32,1,1,4,114,Can't Lose Them,0,❄️  Inactive / Lost,1.0,0.41,1340.32,549.03,Silver
13502,17,3,292.0,4,3,2,432,Need Attention,1,🟢 Promising Mid-Tier,0.9996,2.16,97.33,1465.25,Silver
13503,71,1,216.85,3,1,1,311,Promising,0,❄️  Inactive / Lost,1.0,0.41,216.85,88.83,Bronze
13504,64,1,295.93,3,1,2,312,Promising,0,❄️  Inactive / Lost,1.0,0.41,295.93,121.22,Bronze
13505,73,4,3633.63,2,4,5,245,At Risk,3,🟢 Promising Mid-Tier,0.9995,3.04,908.41,18150.37,Platinum
13506,316,2,458.52,1,2,2,122,Hibernating,0,❄️  Inactive / Lost,0.9894,1.27,229.26,2018.78,Silver
13507,3,4,2479.16,5,4,5,545,Champions,2,🏆 High Value Active,0.9998,3.04,619.79,12412.04,Platinum
13508,244,1,110.97,1,1,1,111,Hibernating,0,❄️  Inactive / Lost,1.0,0.41,110.97,45.46,Bronze
13509,9,6,964.72,5,5,4,554,Champions,2,🏆 High Value Active,0.9999,4.79,160.79,5117.67,Gold
13510,1,4,1791.56,5,4,4,544,Champions,2,🏆 High Value Active,0.9998,3.04,447.89,8991.99,Gold
13512,261,1,251.21,1,1,2,112,Hibernating,0,❄️  Inactive / Lost,1.0,0.41,251.21,102.9,Bronze
13513,127,1,205.1,2,1,1,211,Hibernating,0,❄️  Inactive / Lost,1.0,0.41,205.1,84.01,Bronze
13514,74,1,152.2,2,1,1,211,Hibernating,0,❄️  Inactive / Lost,1.0,0.41,152.2,62.35,Bronze
13515,73,4,891.12,2,4,3,243,At Risk,3,🟢 Promising Mid-Tier,0.9995,3.04,222.78,4512.24,Gold
13516,21,3,1389.41,4,3,4,434,Loyal Customers,3,🟢 Promising Mid-Tier,0.9995,2.16,463.14,6647.47,Gold
13517,60,3,2128.42,3,3,5,335,Loyal Customers,3,🟢 Promising Mid-Tier,0.9994,2.16,709.47,10135.92,Platinum
13518,86,1,659.44,2,1,3,213,Need Attention,0,❄️  Inactive / Lost,1.0,0.41,659.44,270.12,Bronze
13519,78,1,122.75,2,1,1,211,Hibernating,0,❄️  Inactive / Lost,1.0,0.41,122.75,50.28,Bronze
13520,59,6,2984.35,3,5,5,355,Loyal Customers,3,🟢 Promising Mid-Tier,0.9997,4.79,497.39,15669.07,Platinum
13521,1,3,1092.39,5,3,4,534,Loyal Customers,1,🟢 Promising Mid-Tier,0.9996,2.16,364.13,5245.15,Gold
13522,30,1,125.8,4,1,1,411,New Customers,1,🟢 Promising Mid-Tier,1.0,0.41,125.8,51.53,Bronze
13523,33,5,3964.88,4,4,5,445,Champions,3,🟢 Promising Mid-Tier,0.9998,3.91,792.98,20396.47,Platinum
13524,41,5,680.18,3,4,3,343,Loyal Customers,3,🟢 Promising Mid-Tier,0.9997,3.91,136.04,3563.64,Gold
13525,15,2,628.78,4,2,3,423,New Customers,1,🟢 Promising Mid-Tier,0.9986,1.28,314.39,2755.84,Silver
13527,34,7,2287.51,3,5,5,355,Loyal Customers,3,🟢 Promising Mid-Tier,0.9998,5.66,326.79,12192.8,Platinum
13529,79,2,307.76,2,2,2,222,Hibernating,0,❄️  Inactive / Lost,0.9982,1.28,153.88,1400.81,Silver
13531,205,2,483.8,1,2,2,122,Hibernating,0,❄️  Inactive / Lost,0.9964,1.28,241.9,2139.47,Silver
13532,34,1,210.31,3,1,1,311,Promising,1,🟢 Promising Mid-Tier,1.0,0.41,210.31,86.15,Bronze
13533,183,3,270.79,1,3,2,132,Need Attention,0,❄️  Inactive / Lost,0.9983,2.16,90.26,1363.43,Silver
13534,2,25,5870.08,5,5,5,555,Champions,2,🏆 High Value Active,1.0,21.43,234.8,32994.45,Platinum
13536,1,7,3448.29,5,5,5,555,Champions,2,🏆 High Value Active,0.9999,5.66,492.61,18343.1,Platinum
13538,43,7,1280.85,3,5,4,354,Loyal Customers,3,🟢 Promising Mid-Tier,0.9998,5.66,182.98,6860.08,Gold
13539,86,3,631.34,2,3,3,233,At Risk,3,🟢 Promising Mid-Tier,0.9993,2.16,210.45,3066.91,Gold
13544,40,2,291.41,3,2,2,322,Potential Loyalists,1,🟢 Promising Mid-Tier,0.9985,1.28,145.71,1332.21,Silver
13546,12,3,626.99,5,3,3,533,Loyal Customers,1,🟢 Promising Mid-Tier,0.9996,2.16,209.0,3047.22,Gold
13548,96,2,682.41,2,2,3,223,Need Attention,0,❄️  Inactive / Lost,0.9981,1.28,341.2,2980.49,Silver
13549,26,7,918.2,4,5,3,453,Loyal Customers,3,🟢 Promising Mid-Tier,0.9998,5.66,131.17,4939.36,Gold
13551,319,1,91.8,1,1,1,111,Hibernating,0,❄️  Inactive / Lost,1.0,0.41,91.8,37.6,Bronze
13552,66,12,3740.07,3,5,5,355,Loyal Customers,2,🏆 High Value Active,0.9996,10.04,311.67,20552.46,Platinum
13555,74,4,4149.28,2,4,5,245,At Risk,3,🟢 Promising Mid-Tier,0.9995,3.04,1037.32,20714.54,Platinum
13557,28,2,584.06,4,2,3,423,New Customers,1,🟢 Promising Mid-Tier,0.9985,1.28,292.03,2566.98,Silver
13558,6,4,605.06,5,4,3,543,Loyal Customers,1,🟢 Promising Mid-Tier,0.9998,3.04,151.26,3090.35,Gold
13560,7,1,174.37,5,1,1,511,New Customers,1,🟢 Promising Mid-Tier,1.0,0.41,174.37,71.43,Bronze
13561,216,1,141.86,1,1,1,111,Hibernating,0,❄️  Inactive / Lost,1.0,0.41,141.86,58.11,Bronze
13562,82,3,1799.33,2,3,4,234,At Risk,3,🟢 Promising Mid-Tier,0.9993,2.16,599.78,8581.23,Gold
13563,84,2,777.53,2,2,3,223,Need Attention,3,🟢 Promising Mid-Tier,0.9982,1.28,388.76,3381.95,Gold
13564,354,2,1198.38,1,2,4,124,Can't Lose Them,0,❄️  Inactive / Lost,0.979,1.26,599.19,5058.04,Gold
13565,19,2,240.22,4,2,1,421,New Customers,1,🟢 Promising Mid-Tier,0.9986,1.28,120.11,1116.39,Silver
13566,41,2,874.71,3,2,3,323,Potential Loyalists,3,🟢 Promising Mid-Tier,0.9985,1.28,437.36,3792.93,Gold
13568,173,1,192.85,2,1,1,211,Hibernating,0,❄️  Inactive / Lost,1.0,0.41,192.85,79.0,Bronze
13569,17,2,372.25,4,2,2,422,New Customers,1,🟢 Promising Mid-Tier,0.9986,1.28,186.12,1673.46,Silver
13570,243,1,239.49,1,1,1,111,Hibernating,0,❄️  Inactive / Lost,1.0,0.41,239.49,98.1,Bronze
13571,13,12,2092.32,5,5,5,555,Champions,2,🏆 High Value Active,0.9999,10.04,174.36,11533.46,Platinum
13572,206,1,1384.25,1,1,4,114,Can't Lose Them,0,❄️  Inactive / Lost,1.0,0.41,1384.25,567.03,Silver
13573,50,2,294.4,3,2,2,322,Potential Loyalists,1,🟢 Promising Mid-Tier,0.9984,1.28,147.2,1344.74,Silver
13575,23,5,732.07,4,4,3,443,Loyal Customers,3,🟢 Promising Mid-Tier,0.9998,3.91,146.41,3829.74,Gold
13576,10,18,6717.34,5,5,5,555,Champions,2,🏆 High Value Active,0.9999,15.3,373.19,37430.34,Platinum
13577,25,4,1687.6,4,4,4,444,Champions,3,🟢 Promising Mid-Tier,0.9997,3.04,421.9,8474.44,Gold
13579,15,2,467.04,4,2,2,422,New Customers,1,🟢 Promising Mid-Tier,0.9986,1.28,233.52,2073.42,Silver
13581,309,1,118.0,1,1,1,111,Hibernating,0,❄️  Inactive / Lost,1.0,0.41,118.0,48.34,Bronze
13583,156,1,781.03,2,1,3,213,Need Attention,0,❄️  Inactive / Lost,1.0,0.41,781.03,319.93,Bronze
13584,307,1,142.4,1,1,1,111,Hibernating,0,❄️  Inactive / Lost,1.0,0.41,142.4,58.33,Bronze
13587,64,1,712.4,3,1,3,313,Need Attention,0,❄️  Inactive / Lost,1.0,0.41,712.4,291.82,Bronze
13588,16,9,2478.95,4,5,5,455,Champions,2,🏆 High Value Active,0.9999,7.42,275.44,13444.04,Platinum
13589,15,2,379.65,4,2,2,422,New Customers,1,🟢 Promising Mid-Tier,0.9986,1.28,189.82,1704.7,Silver
13590,11,6,1981.92,5,5,4,554,Champions,2,🏆 High Value Active,0.9999,4.79,330.32,10433.11,Platinum
13591,65,3,1117.13,3,3,4,334,Loyal Customers,3,🟢 Promising Mid-Tier,0.9994,2.16,372.38,5360.88,Gold
13592,36,4,247.96,3,4,1,341,Potential Loyalists,1,🟢 Promising Mid-Tier,0.9997,3.04,61.99,1314.07,Silver
13593,108,5,2037.08,2,4,4,244,At Risk,3,🟢 Promising Mid-Tier,0.9994,3.91,407.42,10513.14,Platinum
13594,53,1,396.97,3,1,2,312,Promising,0,❄️  Inactive / Lost,1.0,0.41,396.97,162.61,Bronze
13596,6,2,697.04,5,2,3,523,New Customers,1,🟢 Promising Mid-Tier,0.9986,1.28,348.52,3043.98,Gold
13598,47,1,180.17,3,1,1,311,Promising,0,❄️  Inactive / Lost,1.0,0.41,180.17,73.8,Bronze
13599,1,21,5153.67,5,5,5,555,Champions,2,🏆 High Value Active,1.0,17.93,245.41,28857.89,Platinum
13600,312,1,219.52,1,1,1,111,Hibernating,0,❄️  Inactive / Lost,1.0,0.41,219.52,89.92,Bronze
13601,45,2,693.32,3,2,3,323,Potential Loyalists,3,🟢 Promising Mid-Tier,0.9984,1.28,346.66,3027.64,Gold
13602,65,1,428.89,3,1,2,312,Promising,0,❄️  Inactive / Lost,1.0,0.41,428.89,175.69,Bronze
13603,26,1,164.34,4,1,1,411,New Customers,1,🟢 Promising Mid-Tier,1.0,0.41,164.34,67.32,Bronze
13606,29,3,280.54,4,3,2,432,Need Attention,1,🟢 Promising Mid-Tier,0.9995,2.16,93.51,1411.09,Silver
13607,40,1,678.01,3,1,3,313,Need Attention,1,🟢 Promising Mid-Tier,1.0,0.41,678.01,277.73,Bronze
13610,12,7,1131.88,5,5,4,554,Champions,2,🏆 High Value Active,0.9999,5.66,161.7,6071.5,Gold
13611,89,3,1171.8,2,3,4,234,At Risk,3,🟢 Promising Mid-Tier,0.9993,2.16,390.6,5618.36,Gold
13614,24,4,1610.46,4,4,4,444,Champions,3,🟢 Promising Mid-Tier,0.9997,3.04,402.62,8090.79,Gold
13615,319,1,417.69,1,1,2,112,Hibernating,0,❄️  Inactive / Lost,1.0,0.41,417.69,171.1,Bronze
13617,40,3,544.18,3,3,3,333,Loyal Customers,3,🟢 Promising Mid-Tier,0.9995,2.16,181.39,2655.94,Silver
13618,174,1,177.34,2,1,1,211,Hibernating,0,❄️  Inactive / Lost,1.0,0.41,177.34,72.64,Bronze
13621,117,1,213.85,2,1,1,211,Hibernating,0,❄️  Inactive / Lost,1.0,0.41,213.85,87.6,Bronze
13623,31,5,747.78,4,4,3,443,Loyal Customers,3,🟢 Promising Mid-Tier,0.9998,3.91,149.56,3910.17,Gold
13626,253,1,257.23,1,1,2,112,Hibernating,0,❄️  Inactive / Lost,1.0,0.41,257.23,105.37,Bronze
13627,59,5,1638.47,3,4,4,344,Loyal Customers,3,🟢 Promising Mid-Tier,0.9997,3.91,327.69,8473.82,Gold
13629,23,11,7792.36,4,5,5,455,Champions,2,🏆 High Value Active,0.9999,9.17,708.4,42575.97,Platinum
13630,5,7,2031.78,5,5,4,554,Champions,2,🏆 High Value Active,0.9999,5.66,290.25,10838.88,Platinum
13631,100,11,3070.42,2,5,5,255,At Risk,3,🟢 Promising Mid-Tier,0.9989,9.16,279.13,16804.38,Platinum
13632,25,5,2121.27,4,4,5,445,Champions,3,🟢 Promising Mid-Tier,0.9998,3.91,424.25,10948.96,Platinum
13634,33,5,1575.16,4,4,4,444,Champions,3,🟢 Promising Mid-Tier,0.9998,3.91,315.03,8150.13,Gold
13635,68,1,1071.03,3,1,4,314,Need Attention,0,❄️  Inactive / Lost,1.0,0.41,1071.03,438.72,Bronze
13636,37,5,949.12,3,4,4,344,Loyal Customers,3,🟢 Promising Mid-Tier,0.9997,3.91,189.82,4941.88,Gold
13637,52,3,809.25,3,3,3,333,Loyal Customers,3,🟢 Promising Mid-Tier,0.9994,2.16,269.75,3907.42,Gold
13638,16,1,122.64,4,1,1,411,New Customers,1,🟢 Promising Mid-Tier,1.0,0.41,122.64,50.24,Bronze
13639,74,1,1033.34,2,1,4,214,Can't Lose Them,0,❄️  Inactive / Lost,1.0,0.41,1033.34,423.28,Bronze
13642,216,1,354.8,1,1,2,112,Hibernating,0,❄️  Inactive / Lost,1.0,0.41,354.8,145.34,Bronze
13643,31,3,519.44,4,3,3,433,Loyal Customers,1,🟢 Promising Mid-Tier,0.9995,2.16,173.15,2539.19,Silver
13644,16,4,2624.26,4,4,5,445,Champions,3,🟢 Promising Mid-Tier,0.9997,3.04,656.06,13133.39,Platinum
13645,120,1,252.1,2,1,2,212,Hibernating,0,❄️  Inactive / Lost,1.0,0.41,252.1,103.27,Bronze
13647,10,4,1678.12,5,4,4,544,Champions,3,🟢 Promising Mid-Tier,0.9997,3.04,419.53,8427.59,Gold
13649,257,2,346.6,1,2,2,122,Hibernating,0,❄️  Inactive / Lost,0.9946,1.28,173.3,1558.99,Silver
13650,17,6,1836.34,4,5,4,454,Champions,3,🟢 Promising Mid-Tier,0.9998,4.79,306.06,9672.25,Gold
13651,35,2,94.2,3,2,1,321,Potential Loyalists,1,🟢 Promising Mid-Tier,0.9985,1.28,47.1,500.26,Silver
13652,46,3,1095.08,3,3,4,334,Loyal Customers,3,🟢 Promising Mid-Tier,0.9995,2.16,365.03,5257.16,Gold
13654,43,6,2707.33,3,5,5,355,Loyal Customers,3,🟢 Promising Mid-Tier,0.9998,4.79,451.22,14222.59,Platinum
13655,114,2,932.97,2,2,4,224,Can't Lose Them,3,🟢 Promising Mid-Tier,0.9979,1.28,466.48,4036.39,Gold
13656,165,2,379.65,2,2,2,222,Hibernating,0,❄️  Inactive / Lost,0.9972,1.28,189.82,1702.35,Silver
13657,11,2,382.14,5,2,2,522,New Customers,1,🟢 Promising Mid-Tier,0.9986,1.28,191.07,1715.24,Silver
13658,10,5,2639.17,5,4,5,545,Champions,2,🏆 High Value Active,0.9998,3.91,527.83,13603.5,Platinum
13659,206,2,1573.2,1,2,4,124,Can't Lose Them,3,🟢 Promising Mid-Tier,0.9964,1.28,786.6,6725.75,Gold
13662,86,3,897.76,2,3,3,233,At Risk,3,🟢 Promising Mid-Tier,0.9993,2.16,299.25,4324.69,Gold
13663,179,1,189.47,2,1,1,211,Hibernating,0,❄️  Inactive / Lost,1.0,0.41,189.47,77.61,Bronze
13666,60,3,84.65,3,3,1,331,Potential Loyalists,0,❄️  Inactive / Lost,0.9994,2.16,28.22,486.02,Bronze
13667,149,1,305.02,2,1,2,212,Hibernating,0,❄️  Inactive / Lost,1.0,0.41,305.02,124.94,Bronze
13668,3,21,6363.59,5,5,5,555,Champions,2,🏆 High Value Active,1.0,17.93,303.03,35615.92,Platinum
13669,51,2,218.55,3,2,1,321,Potential Loyalists,0,❄️  Inactive / Lost,0.9984,1.28,109.28,1024.77,Silver
13670,75,1,349.7,2,1,2,212,Hibernating,0,❄️  Inactive / Lost,1.0,0.41,349.7,143.25,Bronze
13672,301,2,186.39,1,2,1,121,Hibernating,0,❄️  Inactive / Lost,0.9914,1.27,93.2,882.85,Silver
13673,19,2,396.92,4,2,2,422,New Customers,1,🟢 Promising Mid-Tier,0.9986,1.28,198.46,1777.53,Silver
13675,151,2,486.82,2,2,3,223,Need Attention,0,❄️  Inactive / Lost,0.9974,1.28,243.41,2154.36,Silver
13678,152,1,232.6,2,1,1,211,Hibernating,0,❄️  Inactive / Lost,1.0,0.41,232.6,95.28,Bronze
13680,1,4,3722.42,5,4,5,545,Champions,2,🏆 High Value Active,0.9998,3.04,930.6,18596.02,Platinum
13681,18,4,827.83,4,4,3,443,Loyal Customers,3,🟢 Promising Mid-Tier,0.9997,3.04,206.96,4198.28,Gold
13682,187,1,59.5,1,1,1,111,Hibernating,0,❄️  Inactive / Lost,1.0,0.41,59.5,24.37,Bronze
13684,286,1,67.23,1,1,1,111,Hibernating,0,❄️  Inactive / Lost,1.0,0.41,67.23,27.54,Bronze
13685,3,7,3119.44,5,5,5,555,Champions,2,🏆 High Value Active,0.9999,5.66,445.63,16600.92,Platinum
13686,183,1,72.0,1,1,1,111,Hibernating,0,❄️  Inactive / Lost,1.0,0.41,72.0,29.49,Bronze
13689,63,1,910.0,3,1,3,313,Need Attention,0,❄️  Inactive / Lost,1.0,0.41,910.0,372.76,Bronze
13690,59,1,172.25,3,1,1,311,Promising,0,❄️  Inactive / Lost,1.0,0.41,172.25,70.56,Bronze
13692,25,3,1488.32,4,3,4,434,Loyal Customers,3,🟢 Promising Mid-Tier,0.9995,2.16,496.11,7114.47,Gold
13694,4,50,65039.62,5,5,5,555,Champions,2,🏆 High Value Active,1.0,43.33,1300.79,368788.93,Platinum
13695,31,15,2504.13,4,5,5,455,Champions,2,🏆 High Value Active,0.9999,12.67,166.94,13913.83,Platinum
13697,39,1,151.3,3,1,1,311,Promising,0,❄️  Inactive / Lost,1.0,0.41,151.3,61.98,Bronze
13699,155,1,308.58,2,1,2,212,Hibernating,0,❄️  Inactive / Lost,1.0,0.41,308.58,126.4,Bronze
13700,26,10,2265.12,4,5,5,455,Champions,2,🏆 High Value Active,0.9999,8.29,226.51,12366.07,Platinum
13703,318,1,99.5,1,1,1,111,Hibernating,0,❄️  Inactive / Lost,1.0,0.41,99.5,40.76,Bronze
13704,5,9,2308.06,5,5,5,555,Champions,2,🏆 High Value Active,0.9999,7.42,256.45,12522.63,Platinum
13705,8,3,711.86,5,3,3,533,Loyal Customers,1,🟢 Promising Mid-Tier,0.9996,2.16,237.29,3448.04,Gold
13706,303,1,330.79,1,1,2,112,Hibernating,0,❄️  Inactive / Lost,1.0,0.41,330.79,135.5,Bronze
13707,267,2,806.41,1,2,3,123,Need Attention,0,❄️  Inactive / Lost,0.9941,1.28,403.2,3489.41,Gold
13708,271,1,294.88,1,1,2,112,Hibernating,0,❄️  Inactive / Lost,1.0,0.41,294.88,120.79,Bronze
13709,4,13,6328.05,5,5,5,555,Champions,2,🏆 High Value Active,0.9999,10.92,486.77,34857.57,Platinum
13710,32,1,180.48,4,1,1,411,New Customers,1,🟢 Promising Mid-Tier,1.0,0.41,180.48,73.93,Bronze
13711,219,2,252.06,1,2,2,122,Hibernating,0,❄️  Inactive / Lost,0.9961,1.28,126.03,1163.39,Silver
13712,247,1,228.84,1,1,1,111,Hibernating,0,❄️  Inactive / Lost,1.0,0.41,228.84,93.74,Bronze
13715,281,5,1079.34,1,4,4,144,At Risk,3,🟢 Promising Mid-Tier,0.9756,3.82,215.87,5473.63,Gold
13716,269,1,138.28,1,1,1,111,Hibernating,0,❄️  Inactive / Lost,1.0,0.41,138.28,56.64,Bronze
13717,32,6,1445.01,4,5,4,454,Champions,3,🟢 Promising Mid-Tier,0.9998,4.79,240.84,7627.06,Gold
13718,246,2,306.55,1,2,2,122,Hibernating,0,❄️  Inactive / Lost,0.9951,1.28,153.28,1391.39,Silver
13719,15,5,1041.68,4,4,4,444,Champions,3,🟢 Promising Mid-Tier,0.9998,3.91,208.34,5416.51,Gold
13720,117,4,799.9,2,4,3,243,At Risk,3,🟢 Promising Mid-Tier,0.9993,3.04,199.98,4057.49,Gold
13721,36,1,524.14,3,1,3,313,Need Attention,1,🟢 Promising Mid-Tier,1.0,0.41,524.14,214.7,Bronze
13722,132,3,2375.41,2,3,5,235,At Risk,3,🟢 Promising Mid-Tier,0.999,2.16,791.8,11297.19,Platinum
13723,217,1,199.85,1,1,1,111,Hibernating,0,❄️  Inactive / Lost,1.0,0.41,199.85,81.86,Bronze
13725,50,8,1980.56,3,5,4,354,Loyal Customers,3,🟢 Promising Mid-Tier,0.9998,6.54,247.57,10672.24,Platinum
13726,39,2,1079.66,3,2,4,324,Potential Loyalists,3,🟢 Promising Mid-Tier,0.9985,1.28,539.83,4657.6,Gold
13727,29,2,333.48,4,2,2,422,New Customers,1,🟢 Promising Mid-Tier,0.9985,1.28,166.74,1509.78,Silver
13728,37,6,1016.14,3,5,4,354,Loyal Customers,3,🟢 Promising Mid-Tier,0.9998,4.79,169.36,5386.0,Gold
13730,136,2,752.6,2,2,3,223,Need Attention,0,❄️  Inactive / Lost,0.9976,1.28,376.3,3275.1,Gold
13731,219,2,610.59,1,2,3,123,Need Attention,0,❄️  Inactive / Lost,0.9961,1.28,305.3,2672.25,Silver
13732,28,1,491.86,4,1,3,413,New Customers,1,🟢 Promising Mid-Tier,1.0,0.41,491.86,201.48,Bronze
13735,25,4,2885.24,4,4,5,445,Champions,3,🟢 Promising Mid-Tier,0.9997,3.04,721.31,14431.14,Platinum
13736,5,2,731.9,5,2,3,523,New Customers,1,🟢 Promising Mid-Tier,0.9987,1.28,365.95,3191.09,Gold
13737,200,1,339.6,1,1,2,112,Hibernating,0,❄️  Inactive / Lost,1.0,0.41,339.6,139.11,Bronze
13739,18,1,216.9,4,1,1,411,New Customers,1,🟢 Promising Mid-Tier,1.0,0.41,216.9,88.85,Bronze
13740,241,1,350.75,1,1,2,112,Hibernating,0,❄️  Inactive / Lost,1.0,0.41,350.75,143.68,Bronze
13741,72,3,668.43,3,3,3,333,Loyal Customers,3,🟢 Promising Mid-Tier,0.9994,2.16,222.81,3242.24,Gold
13742,17,12,3131.02,4,5,5,455,Champions,2,🏆 High Value Active,0.9999,10.04,260.92,17222.74,Platinum
13743,3,7,1341.6,5,5,4,554,Champions,2,🏆 High Value Active,0.9999,5.66,191.66,7182.61,Gold
13744,95,2,1156.36,2,2,4,224,Can't Lose Them,3,🟢 Promising Mid-Tier,0.9981,1.28,578.18,4979.15,Gold
13745,162,1,300.04,2,1,2,212,Hibernating,0,❄️  Inactive / Lost,1.0,0.41,300.04,122.9,Bronze
13747,374,1,79.6,1,1,1,111,Hibernating,0,❄️  Inactive / Lost,1.0,0.41,79.6,32.61,Bronze
13748,96,5,948.25,2,4,4,244,At Risk,3,🟢 Promising Mid-Tier,0.9995,3.91,189.65,4936.02,Gold
13750,54,5,1647.26,3,4,4,344,Loyal Customers,3,🟢 Promising Mid-Tier,0.9997,3.91,329.45,8519.03,Gold
13751,288,1,296.25,1,1,2,112,Hibernating,0,❄️  Inactive / Lost,1.0,0.41,296.25,121.35,Bronze
13752,124,6,1186.28,2,5,4,254,At Risk,3,🟢 Promising Mid-Tier,0.9991,4.79,197.71,6270.8,Gold
13753,288,1,741.26,1,1,3,113,Need Attention,0,❄️  Inactive / Lost,1.0,0.41,741.26,303.64,Bronze
13754,152,2,282.6,2,2,2,222,Hibernating,0,❄️  Inactive / Lost,0.9974,1.28,141.3,1293.69,Silver
13755,4,9,2161.35,5,5,5,555,Champions,2,🏆 High Value Active,0.9999,7.42,240.15,11731.36,Platinum
13756,2,14,5189.52,5,5,5,555,Champions,2,🏆 High Value Active,1.0,11.8,370.68,28685.25,Platinum
13758,12,7,3190.55,5,5,5,555,Champions,2,🏆 High Value Active,0.9999,5.66,455.79,16977.35,Platinum
13759,33,2,659.41,4,2,3,423,New Customers,1,🟢 Promising Mid-Tier,0.9985,1.28,329.7,2884.8,Silver
13760,54,2,286.79,3,2,2,322,Potential Loyalists,0,❄️  Inactive / Lost,0.9984,1.28,143.4,1312.6,Silver
13761,50,2,1070.65,3,2,4,324,Potential Loyalists,3,🟢 Promising Mid-Tier,0.9984,1.28,535.33,4619.28,Gold
13762,219,1,306.72,1,1,2,112,Hibernating,0,❄️  Inactive / Lost,1.0,0.41,306.72,125.64,Bronze
13763,63,1,1714.96,3,1,4,314,Need Attention,3,🟢 Promising Mid-Tier,1.0,0.41,1714.96,702.5,Silver
13764,71,3,1518.76,3,3,4,334,Loyal Customers,3,🟢 Promising Mid-Tier,0.9994,2.16,506.25,7257.0,Gold
13767,2,37,17220.36,5,5,5,555,Champions,2,🏆 High Value Active,1.0,31.94,465.42,97329.6,Platinum
13769,2,10,2796.51,5,5,5,555,Champions,2,🏆 High Value Active,0.9999,8.29,279.65,15250.68,Platinum
13771,64,4,2634.45,3,4,5,345,Loyal Customers,3,🟢 Promising Mid-Tier,0.9996,3.04,658.61,13182.1,Platinum
13772,34,3,1132.13,3,3,4,334,Loyal Customers,3,🟢 Promising Mid-Tier,0.9995,2.16,377.38,5432.32,Gold
13774,82,1,345.0,2,1,2,212,Hibernating,0,❄️  Inactive / Lost,1.0,0.41,345.0,141.32,Bronze
13777,1,33,25977.16,5,5,5,555,Champions,2,🏆 High Value Active,1.0,28.44,787.19,146530.0,Platinum
13778,103,1,178.7,2,1,1,211,Hibernating,0,❄️  Inactive / Lost,1.0,0.41,178.7,73.2,Bronze
13780,7,2,360.01,5,2,2,522,New Customers,1,🟢 Promising Mid-Tier,0.9986,1.28,180.0,1621.9,Silver
13781,251,1,127.84,1,1,1,111,Hibernating,0,❄️  Inactive / Lost,1.0,0.41,127.84,52.37,Bronze
13782,13,6,912.0,5,5,3,553,Loyal Customers,3,🟢 Promising Mid-Tier,0.9998,4.79,152.0,4842.14,Gold
13784,10,11,2462.79,5,5,5,555,Champions,2,🏆 High Value Active,0.9999,9.17,223.89,13506.66,Platinum
13786,367,1,230.4,1,1,1,111,Hibernating,0,❄️  Inactive / Lost,1.0,0.41,230.4,94.38,Bronze
13787,76,2,309.04,2,2,2,222,Hibernating,0,❄️  Inactive / Lost,0.9982,1.28,154.52,1406.24,Silver
13790,4,1,348.8,5,1,2,512,New Customers,1,🟢 Promising Mid-Tier,1.0,0.41,348.8,142.88,Bronze
13791,128,2,1516.0,2,2,4,224,Can't Lose Them,3,🟢 Promising Mid-Tier,0.9977,1.28,758.0,6493.58,Gold
13792,66,2,195.55,3,2,1,321,Potential Loyalists,0,❄️  Inactive / Lost,0.9983,1.28,97.78,927.65,Silver
13798,1,57,37153.85,5,5,5,555,Champions,2,🏆 High Value Active,1.0,49.46,651.82,210977.94,Platinum
13799,117,2,688.86,2,2,3,223,Need Attention,0,❄️  Inactive / Lost,0.9979,1.28,344.43,3007.08,Gold
13800,310,1,558.32,1,1,3,113,Need Attention,0,❄️  Inactive / Lost,1.0,0.41,558.32,228.7,Bronze
13801,67,1,324.8,3,1,2,312,Promising,0,❄️  Inactive / Lost,1.0,0.41,324.8,133.05,Bronze
13802,139,3,4599.42,2,3,5,235,At Risk,3,🟢 Promising Mid-Tier,0.9989,2.16,1533.14,21792.15,Platinum
13803,255,1,277.07,1,1,2,112,Hibernating,0,❄️  Inactive / Lost,1.0,0.41,277.07,113.5,Bronze
13804,31,7,2635.79,4,5,5,455,Champions,3,🟢 Promising Mid-Tier,0.9998,5.66,376.54,14037.85,Platinum
13805,52,2,924.6,3,2,3,323,Potential Loyalists,3,🟢 Promising Mid-Tier,0.9984,1.28,462.3,4003.13,Gold
13806,64,1,256.38,3,1,2,312,Promising,0,❄️  Inactive / Lost,1.0,0.41,256.38,105.02,Bronze
13807,367,1,112.6,1,1,1,111,Hibernating,0,❄️  Inactive / Lost,1.0,0.41,112.6,46.12,Bronze
13808,6,5,1747.66,5,4,4,544,Champions,2,🏆 High Value Active,0.9998,3.91,349.53,9034.7,Gold
13809,305,1,155.05,1,1,1,111,Hibernating,0,❄️  Inactive / Lost,1.0,0.41,155.05,63.51,Bronze
13810,29,2,827.51,4,2,3,423,New Customers,1,🟢 Promising Mid-Tier,0.9985,1.28,413.76,3594.06,Gold
13811,184,2,519.75,1,2,3,123,Need Attention,0,❄️  Inactive / Lost,0.9969,1.28,259.88,2291.88,Silver
13812,42,3,485.0,3,3,3,333,Loyal Customers,1,🟢 Promising Mid-Tier,0.9995,2.16,161.67,2376.48,Silver
13813,40,4,1168.86,3,4,4,344,Loyal Customers,3,🟢 Promising Mid-Tier,0.9997,3.04,292.21,5894.14,Gold
13814,92,2,1579.12,2,2,4,224,Can't Lose Them,3,🟢 Promising Mid-Tier,0.9981,1.28,789.56,6762.1,Gold
13815,22,4,3667.36,4,4,5,445,Champions,3,🟢 Promising Mid-Tier,0.9997,3.04,916.84,18321.3,Platinum
13816,24,2,499.67,4,2,3,423,New Customers,1,🟢 Promising Mid-Tier,0.9986,1.28,249.84,2210.99,Silver
13817,29,2,328.98,4,2,2,422,New Customers,1,🟢 Promising Mid-Tier,0.9985,1.28,164.49,1490.8,Silver
13819,302,3,1140.35,1,3,4,134,At Risk,3,🟢 Promising Mid-Tier,0.9905,2.14,380.12,5421.61,Gold
13821,145,2,385.64,2,2,2,222,Hibernating,0,❄️  Inactive / Lost,0.9975,1.28,192.82,1728.1,Silver
13822,6,2,632.0,5,2,3,523,New Customers,1,🟢 Promising Mid-Tier,0.9986,1.28,316.0,2769.55,Silver
13823,19,2,957.66,4,2,4,424,New Customers,1,🟢 Promising Mid-Tier,0.9986,1.28,478.83,4143.38,Gold
13824,33,5,1698.94,4,4,4,444,Champions,3,🟢 Promising Mid-Tier,0.9998,3.91,339.79,8784.46,Gold
13826,176,1,189.5,2,1,1,211,Hibernating,0,❄️  Inactive / Lost,1.0,0.41,189.5,77.62,Bronze
13827,58,3,412.05,3,3,2,332,Potential Loyalists,3,🟢 Promising Mid-Tier,0.9994,2.16,137.35,2031.89,Silver
13828,22,1,209.49,4,1,1,411,New Customers,1,🟢 Promising Mid-Tier,1.0,0.41,209.49,85.81,Bronze
13831,16,6,2202.99,4,5,5,455,Champions,2,🏆 High Value Active,0.9998,4.79,367.16,11588.21,Platinum
13832,19,1,52.2,4,1,1,411,New Customers,1,🟢 Promising Mid-Tier,1.0,0.41,52.2,21.38,Bronze
13833,159,1,384.8,2,1,2,212,Hibernating,0,❄️  Inactive / Lost,1.0,0.41,384.8,157.62,Bronze
13835,25,4,834.57,4,4,3,443,Loyal Customers,3,🟢 Promising Mid-Tier,0.9997,3.04,208.64,4231.73,Gold
13837,212,2,271.24,1,2,2,122,Hibernating,0,❄️  Inactive / Lost,0.9963,1.28,135.62,1244.35,Silver
13838,6,4,691.73,5,4,3,543,Loyal Customers,1,🟢 Promising Mid-Tier,0.9998,3.04,172.93,3521.44,Gold
13841,253,1,85.0,1,1,1,111,Hibernating,0,❄️  Inactive / Lost,1.0,0.41,85.0,34.82,Bronze
13842,59,9,3385.62,3,5,5,355,Loyal Customers,3,🟢 Promising Mid-Tier,0.9997,7.42,376.18,18330.95,Platinum
13844,11,1,361.62,5,1,2,512,New Customers,1,🟢 Promising Mid-Tier,1.0,0.41,361.62,148.13,Bronze
13845,65,1,312.98,3,1,2,312,Promising,0,❄️  Inactive / Lost,1.0,0.41,312.98,128.21,Bronze
13846,25,3,865.06,4,3,3,433,Loyal Customers,3,🟢 Promising Mid-Tier,0.9995,2.16,288.35,4171.32,Gold
13848,92,3,1255.0,2,3,4,234,At Risk,3,🟢 Promising Mid-Tier,0.9993,2.16,418.33,6011.05,Gold
13849,52,2,1537.95,3,2,4,324,Potential Loyalists,3,🟢 Promising Mid-Tier,0.9984,1.28,768.98,6590.45,Gold
13850,129,1,1595.48,2,1,4,214,Can't Lose Them,0,❄️  Inactive / Lost,1.0,0.41,1595.48,653.55,Silver
13851,96,3,2651.46,2,3,5,235,At Risk,3,🟢 Promising Mid-Tier,0.9992,2.16,883.82,12603.3,Platinum
13853,57,1,1090.14,3,1,4,314,Need Attention,3,🟢 Promising Mid-Tier,1.0,0.41,1090.14,446.55,Bronze
13854,9,25,8109.52,5,5,5,555,Champions,2,🏆 High Value Active,1.0,21.43,324.38,45554.04,Platinum
13856,169,3,388.5,2,3,2,232,Need Attention,0,❄️  Inactive / Lost,0.9986,2.16,129.5,1919.04,Silver
13858,57,1,216.17,3,1,1,311,Promising,0,❄️  Inactive / Lost,1.0,0.41,216.17,88.55,Bronze
13859,326,1,201.16,1,1,1,111,Hibernating,0,❄️  Inactive / Lost,1.0,0.41,201.16,82.4,Bronze
13860,1,5,1245.9,5,4,4,544,Champions,2,🏆 High Value Active,0.9998,3.91,249.18,6463.28,Gold
13862,18,8,2209.36,4,5,5,455,Champions,2,🏆 High Value Active,0.9999,6.54,276.17,11897.79,Platinum
13863,248,1,305.78,1,1,2,112,Hibernating,0,❄️  Inactive / Lost,1.0,0.41,305.78,125.26,Bronze
13865,58,4,501.56,3,4,3,343,Loyal Customers,3,🟢 Promising Mid-Tier,0.9996,3.04,125.39,2575.17,Silver
13866,74,1,145.67,2,1,1,211,Hibernating,0,❄️  Inactive / Lost,1.0,0.41,145.67,59.67,Bronze
13867,31,3,1015.29,4,3,4,434,Loyal Customers,3,🟢 Promising Mid-Tier,0.9995,2.16,338.43,4880.64,Gold
13868,7,2,3192.54,5,2,5,525,New Customers,3,🟢 Promising Mid-Tier,0.9986,1.28,1596.27,13573.53,Platinum
13869,123,4,3104.95,2,4,5,245,At Risk,3,🟢 Promising Mid-Tier,0.9992,3.04,776.24,15516.18,Platinum
13870,2,8,2770.94,5,5,5,555,Champions,2,🏆 High Value Active,0.9999,6.54,346.37,14903.51,Platinum
13871,23,13,6403.25,4,5,5,455,Champions,2,🏆 High Value Active,0.9999,10.92,492.56,35269.36,Platinum
13873,120,3,389.6,2,3,2,232,Need Attention,0,❄️  Inactive / Lost,0.9991,2.16,129.87,1925.23,Silver
13874,358,1,540.45,1,1,3,113,Need Attention,0,❄️  Inactive / Lost,1.0,0.41,540.45,221.38,Bronze
13875,54,5,1786.79,3,4,4,344,Loyal Customers,3,🟢 Promising Mid-Tier,0.9997,3.91,357.36,9234.02,Gold
13876,64,1,122.7,3,1,1,311,Promising,0,❄️  Inactive / Lost,1.0,0.41,122.7,50.26,Bronze
13877,86,1,117.24,2,1,1,211,Hibernating,0,❄️  Inactive / Lost,1.0,0.41,117.24,48.02,Bronze
13878,55,1,1281.53,3,1,4,314,Need Attention,3,🟢 Promising Mid-Tier,1.0,0.41,1281.53,524.95,Silver
13880,21,13,3219.77,4,5,5,455,Champions,2,🏆 High Value Active,0.9999,10.92,247.67,17770.82,Platinum
13881,4,20,17159.52,5,5,5,555,Champions,2,🏆 High Value Active,1.0,17.05,857.98,95793.94,Platinum
13882,3,5,1191.13,5,4,4,544,Champions,2,🏆 High Value Active,0.9998,3.91,238.23,6182.56,Gold
13883,11,5,2674.48,5,4,5,545,Champions,2,🏆 High Value Active,0.9998,3.91,534.9,13784.43,Platinum
13884,7,5,787.6,5,4,3,543,Loyal Customers,1,🟢 Promising Mid-Tier,0.9998,3.91,157.52,4114.46,Gold
13885,189,2,506.8,1,2,3,123,Need Attention,0,❄️  Inactive / Lost,0.9968,1.28,253.4,2237.11,Silver
13886,71,1,243.56,3,1,1,311,Promising,0,❄️  Inactive / Lost,1.0,0.41,243.56,99.77,Bronze
13887,204,1,349.55,1,1,2,112,Hibernating,0,❄️  Inactive / Lost,1.0,0.41,349.55,143.19,Bronze
13888,120,2,605.63,2,2,3,223,Need Attention,0,❄️  Inactive / Lost,0.9978,1.28,302.82,2656.09,Silver
13889,93,1,416.9,2,1,2,212,Hibernating,0,❄️  Inactive / Lost,1.0,0.41,416.9,170.77,Bronze
13890,1,10,1883.81,5,5,4,554,Champions,2,🏆 High Value Active,0.9999,8.29,188.38,10297.31,Platinum
13892,27,4,632.97,4,4,3,443,Loyal Customers,3,🟢 Promising Mid-Tier,0.9997,3.04,158.24,3229.02,Gold
13893,298,1,821.1,1,1,3,113,Need Attention,0,❄️  Inactive / Lost,1.0,0.41,821.1,336.35,Bronze
13894,24,3,564.62,4,3,3,433,Loyal Customers,1,🟢 Promising Mid-Tier,0.9995,2.16,188.21,2752.59,Silver
13895,28,4,2593.07,4,4,5,445,Champions,3,🟢 Promising Mid-Tier,0.9997,3.04,648.27,12977.87,Platinum
13897,50,1,311.16,3,1,2,312,Promising,0,❄️  Inactive / Lost,1.0,0.41,311.16,127.46,Bronze
13898,326,1,155.93,1,1,1,111,Hibernating,0,❄️  Inactive / Lost,1.0,0.41,155.93,63.87,Bronze
13899,16,2,388.52,4,3,2,432,Need Attention,1,🟢 Promising Mid-Tier,0.9986,1.28,194.26,1742.11,Silver
13900,183,3,740.95,1,3,3,133,At Risk,3,🟢 Promising Mid-Tier,0.9983,2.16,246.98,3580.96,Gold
13901,72,5,2867.2,3,4,5,345,Loyal Customers,3,🟢 Promising Mid-Tier,0.9996,3.91,573.44,14769.13,Platinum
13904,37,2,332.64,3,3,2,332,Potential Loyalists,1,🟢 Promising Mid-Tier,0.9985,1.28,166.32,1506.17,Silver
13908,80,4,2369.55,2,4,5,245,At Risk,3,🟢 Promising Mid-Tier,0.9995,3.04,592.39,11863.87,Platinum
13911,57,9,2580.91,3,5,5,355,Loyal Customers,3,🟢 Promising Mid-Tier,0.9997,7.42,286.77,13991.72,Platinum
13914,12,2,626.45,5,3,3,533,Loyal Customers,1,🟢 Promising Mid-Tier,0.9986,1.28,313.23,2746.05,Silver
13917,50,2,272.04,3,3,2,332,Potential Loyalists,1,🟢 Promising Mid-Tier,0.9984,1.28,136.02,1250.42,Silver
13918,50,2,1212.84,3,3,4,334,Loyal Customers,3,🟢 Promising Mid-Tier,0.9984,1.28,606.42,5219.09,Gold
13919,59,2,348.81,3,3,2,332,Potential Loyalists,0,❄️  Inactive / Lost,0.9983,1.28,174.4,1574.17,Silver
13922,352,1,172.25,1,1,1,111,Hibernating,0,❄️  Inactive / Lost,1.0,0.41,172.25,70.56,Bronze
13923,54,1,351.13,3,1,2,312,Promising,0,❄️  Inactive / Lost,1.0,0.41,351.13,143.83,Bronze
13924,2,6,1838.85,5,5,4,554,Champions,2,🏆 High Value Active,0.9999,4.79,306.47,9685.65,Gold
13925,93,4,678.25,2,4,3,243,At Risk,3,🟢 Promising Mid-Tier,0.9994,3.04,169.56,3453.3,Gold
13926,23,1,223.85,4,1,1,411,New Customers,1,🟢 Promising Mid-Tier,1.0,0.41,223.85,91.7,Bronze
13927,75,1,348.99,2,1,2,212,Hibernating,0,❄️  Inactive / Lost,1.0,0.41,348.99,142.96,Bronze
13928,11,4,464.57,5,4,2,542,Need Attention,1,🟢 Promising Mid-Tier,0.9997,3.04,116.14,2391.54,Silver
13929,169,2,842.65,2,3,3,233,At Risk,0,❄️  Inactive / Lost,0.9972,1.28,421.32,3652.94,Gold
13930,58,2,337.34,3,3,2,332,Potential Loyalists,0,❄️  Inactive / Lost,0.9984,1.28,168.67,1525.8,Silver
13931,96,2,1237.53,2,3,4,234,At Risk,3,🟢 Promising Mid-Tier,0.9981,1.28,618.76,5321.4,Gold
13932,295,1,307.4,1,1,2,112,Hibernating,0,❄️  Inactive / Lost,1.0,0.41,307.4,125.92,Bronze
13933,109,2,608.79,2,3,3,233,At Risk,0,❄️  Inactive / Lost,0.9979,1.28,304.4,2669.71,Silver
13934,264,1,922.1,1,1,3,113,Need Attention,0,❄️  Inactive / Lost,1.0,0.41,922.1,377.72,Bronze
13936,180,1,376.58,1,1,2,112,Hibernating,0,❄️  Inactive / Lost,1.0,0.41,376.58,154.26,Bronze
13937,169,1,158.85,2,1,1,211,Hibernating,0,❄️  Inactive / Lost,1.0,0.41,158.85,65.07,Bronze
13938,35,1,71.66,3,1,1,311,Promising,0,❄️  Inactive / Lost,1.0,0.41,71.66,29.35,Bronze
13939,23,3,568.55,4,3,3,433,Loyal Customers,1,🟢 Promising Mid-Tier,0.9995,2.16,189.52,2771.16,Silver
13940,17,4,839.14,4,4,3,443,Loyal Customers,3,🟢 Promising Mid-Tier,0.9997,3.04,209.78,4254.54,Gold
13941,22,5,5112.96,4,4,5,445,Champions,2,🏆 High Value Active,0.9998,3.91,1022.59,26280.67,Platinum
13946,79,3,561.57,2,3,3,233,At Risk,3,🟢 Promising Mid-Tier,0.9993,2.16,187.19,2737.62,Silver
13947,65,1,90.6,3,1,1,311,Promising,0,❄️  Inactive / Lost,1.0,0.41,90.6,37.11,Bronze
13948,361,1,102.0,1,1,1,111,Hibernating,0,❄️  Inactive / Lost,1.0,0.41,102.0,41.78,Bronze
13949,3,6,2427.32,5,5,5,555,Champions,2,🏆 High Value Active,0.9999,4.79,404.55,12760.77,Platinum
13950,11,4,745.06,5,4,3,543,Loyal Customers,1,🟢 Promising Mid-Tier,0.9997,3.04,186.26,3786.66,Gold
13951,176,3,674.45,2,3,3,233,At Risk,3,🟢 Promising Mid-Tier,0.9985,2.16,224.82,3267.69,Gold
13952,218,2,3251.07,1,3,5,135,At Risk,3,🟢 Promising Mid-Tier,0.9961,1.28,1625.54,13785.06,Platinum
13953,7,7,3515.68,5,5,5,555,Champions,2,🏆 High Value Active,0.9999,5.66,502.24,18699.91,Platinum
13954,2,2,439.92,5,3,2,532,Need Attention,1,🟢 Promising Mid-Tier,0.9987,1.28,219.96,1959.12,Silver
13955,154,2,322.96,2,3,2,232,Need Attention,0,❄️  Inactive / Lost,0.9974,1.28,161.48,1463.74,Silver
13956,5,5,1026.42,5,4,4,544,Champions,1,🟢 Promising Mid-Tier,0.9998,3.91,205.28,5338.41,Gold
13959,79,3,598.2,2,3,3,233,At Risk,3,🟢 Promising Mid-Tier,0.9993,2.16,199.4,2910.56,Silver
13960,21,2,230.22,4,3,1,431,Need Attention,1,🟢 Promising Mid-Tier,0.9986,1.28,115.11,1074.18,Silver
13962,22,2,169.55,4,3,1,431,Need Attention,1,🟢 Promising Mid-Tier,0.9986,1.28,84.78,818.2,Silver
13963,308,4,664.54,1,4,3,143,At Risk,3,🟢 Promising Mid-Tier,0.9758,2.96,166.14,3304.97,Gold
13967,146,1,80.7,2,1,1,211,Hibernating,0,❄️  Inactive / Lost,1.0,0.41,80.7,33.06,Bronze
13969,7,18,9053.94,5,5,5,555,Champions,2,🏆 High Value Active,1.0,15.3,503.0,50425.69,Platinum
13971,19,8,2758.26,4,5,5,455,Champions,2,🏆 High Value Active,0.9999,6.54,344.78,14835.16,Platinum
13972,71,2,190.25,3,3,1,331,Potential Loyalists,0,❄️  Inactive / Lost,0.9983,1.28,95.12,905.26,Silver
13973,287,1,264.7,1,1,2,112,Hibernating,0,❄️  Inactive / Lost,1.0,0.41,264.7,108.43,Bronze
13974,49,1,413.59,3,1,2,312,Promising,0,❄️  Inactive / Lost,1.0,0.41,413.59,169.42,Bronze
13975,31,6,2526.28,4,5,5,455,Champions,3,🟢 Promising Mid-Tier,0.9998,4.79,421.05,13277.08,Platinum
13976,207,1,357.98,1,1,2,112,Hibernating,0,❄️  Inactive / Lost,1.0,0.41,357.98,146.64,Bronze
13978,15,2,196.79,4,3,1,431,Need Attention,1,🟢 Promising Mid-Tier,0.9986,1.28,98.4,933.17,Silver
13979,73,1,869.87,2,1,3,213,Need Attention,0,❄️  Inactive / Lost,1.0,0.41,869.87,356.32,Bronze
13980,60,1,200.14,3,1,1,311,Promising,0,❄️  Inactive / Lost,1.0,0.41,200.14,81.98,Bronze
13982,39,4,1871.81,3,4,4,344,Loyal Customers,3,🟢 Promising Mid-Tier,0.9997,3.04,467.95,9390.28,Gold
13983,30,12,2603.43,4,5,5,455,Champions,2,🏆 High Value Active,0.9999,10.04,216.95,14332.33,Platinum
13984,27,5,920.51,4,4,3,443,Loyal Customers,3,🟢 Promising Mid-Tier,0.9998,3.91,184.1,4795.4,Gold
13985,4,15,7060.13,5,5,5,555,Champions,2,🏆 High Value Active,1.0,12.67,470.68,39100.39,Platinum
13986,17,1,320.46,4,1,2,412,New Customers,1,🟢 Promising Mid-Tier,1.0,0.41,320.46,131.27,Bronze
13988,20,6,4147.96,4,5,5,455,Champions,2,🏆 High Value Active,0.9998,4.79,691.33,21751.49,Platinum
13989,66,2,1266.08,3,3,4,334,Loyal Customers,3,🟢 Promising Mid-Tier,0.9983,1.28,633.04,5443.09,Gold
13990,213,1,311.3,1,1,2,112,Hibernating,0,❄️  Inactive / Lost,1.0,0.41,311.3,127.52,Bronze
13991,12,6,854.97,5,5,3,553,Loyal Customers,3,🟢 Promising Mid-Tier,0.9998,4.79,142.5,4544.14,Gold
13992,30,1,76.8,4,1,1,411,New Customers,1,🟢 Promising Mid-Tier,1.0,0.41,76.8,31.46,Bronze
13993,43,9,3466.36,3,5,5,355,Loyal Customers,2,🏆 High Value Active,0.9998,7.42,385.15,18767.96,Platinum
13994,4,6,2313.14,5,5,5,555,Champions,2,🏆 High Value Active,0.9999,4.79,385.52,12164.09,Platinum
13995,15,5,1393.69,4,4,4,444,Champions,3,🟢 Promising Mid-Tier,0.9998,3.91,278.74,7220.5,Gold
13999,10,12,3901.81,5,5,5,555,Champions,2,🏆 High Value Active,0.9999,10.04,325.15,21445.02,Platinum
14000,211,1,635.66,1,1,3,113,Need Attention,0,❄️  Inactive / Lost,1.0,0.41,635.66,260.38,Bronze
14001,46,3,2043.08,3,3,4,334,Loyal Customers,3,🟢 Promising Mid-Tier,0.9995,2.16,681.03,9733.49,Gold
14002,134,2,529.73,2,3,3,233,At Risk,0,❄️  Inactive / Lost,0.9977,1.28,264.86,2335.72,Silver
14004,43,7,4582.64,3,5,5,355,Loyal Customers,3,🟢 Promising Mid-Tier,0.9998,5.66,654.66,24349.9,Platinum
14005,10,5,2874.72,5,4,5,545,Champions,2,🏆 High Value Active,0.9998,3.91,574.94,14810.66,Platinum
14006,116,3,962.19,2,3,4,234,At Risk,3,🟢 Promising Mid-Tier,0.9991,2.16,320.73,4628.01,Gold
14009,198,2,695.61,1,3,3,133,At Risk,0,❄️  Inactive / Lost,0.9966,1.28,347.8,3031.71,Gold
14012,278,1,328.8,1,1,2,112,Hibernating,0,❄️  Inactive / Lost,1.0,0.41,328.8,134.69,Bronze
14013,110,3,473.02,2,3,2,232,Need Attention,0,❄️  Inactive / Lost,0.9992,2.16,157.67,2319.14,Silver
14014,77,1,505.18,2,1,3,213,Need Attention,0,❄️  Inactive / Lost,1.0,0.41,505.18,206.94,Bronze
14015,53,1,917.34,3,1,3,313,Need Attention,1,🟢 Promising Mid-Tier,1.0,0.41,917.34,375.77,Bronze
14016,162,4,4341.21,2,4,5,245,At Risk,3,🟢 Promising Mid-Tier,0.9987,3.03,1085.3,21650.98,Platinum
14019,47,3,1421.61,3,3,4,334,Loyal Customers,3,🟢 Promising Mid-Tier,0.9995,2.16,473.87,6798.97,Gold
14020,17,2,642.8,4,3,3,433,Loyal Customers,1,🟢 Promising Mid-Tier,0.9986,1.28,321.4,2814.97,Silver
14021,155,3,631.9,2,3,3,233,At Risk,3,🟢 Promising Mid-Tier,0.9987,2.16,210.63,3067.86,Gold
14022,225,1,440.0,1,1,2,112,Hibernating,0,❄️  Inactive / Lost,1.0,0.41,440.0,180.24,Bronze
14023,7,2,584.07,5,3,3,533,Loyal Customers,1,🟢 Promising Mid-Tier,0.9986,1.28,292.04,2567.3,Silver
14024,122,2,327.7,2,3,2,232,Need Attention,0,❄️  Inactive / Lost,0.9978,1.28,163.85,1484.31,Silver
14027,61,1,104.82,3,1,1,311,Promising,0,❄️  Inactive / Lost,1.0,0.41,104.82,42.94,Bronze
14029,63,2,467.66,3,3,2,332,Potential Loyalists,0,❄️  Inactive / Lost,0.9983,1.28,233.83,2075.44,Silver
14030,18,8,2360.09,4,5,5,455,Champions,2,🏆 High Value Active,0.9999,6.54,295.01,12704.41,Platinum
14031,7,19,17286.86,5,5,5,555,Champions,2,🏆 High Value Active,1.0,16.18,909.83,96366.24,Platinum
14032,2,11,2975.59,5,5,5,555,Champions,2,🏆 High Value Active,0.9999,9.17,270.51,16304.01,Platinum
14034,22,3,651.82,4,3,3,433,Loyal Customers,1,🟢 Promising Mid-Tier,0.9995,2.16,217.27,3164.39,Gold
14035,29,5,1428.02,4,4,4,444,Champions,3,🟢 Promising Mid-Tier,0.9998,3.91,285.6,7396.18,Gold
14036,285,1,626.65,1,1,3,113,Need Attention,0,❄️  Inactive / Lost,1.0,0.41,626.65,256.69,Bronze
14037,176,2,147.2,2,3,1,231,Need Attention,0,❄️  Inactive / Lost,0.997,1.28,73.6,722.8,Silver
14038,78,3,1560.38,2,3,4,234,At Risk,3,🟢 Promising Mid-Tier,0.9993,2.16,520.13,7453.26,Gold
14039,33,1,152.2,4,1,1,411,New Customers,1,🟢 Promising Mid-Tier,1.0,0.41,152.2,62.35,Bronze
14040,41,12,3614.92,3,5,5,355,Loyal Customers,2,🏆 High Value Active,0.9998,10.04,301.24,19871.45,Platinum
14041,266,1,141.41,1,1,1,111,Hibernating,0,❄️  Inactive / Lost,1.0,0.41,141.41,57.93,Bronze
14044,27,4,652.82,4,4,3,443,Loyal Customers,3,🟢 Promising Mid-Tier,0.9997,3.04,163.21,3327.75,Gold
14045,109,4,1659.75,2,4,4,244,At Risk,3,🟢 Promising Mid-Tier,0.9993,3.04,414.94,8332.75,Gold
14046,284,1,151.59,1,1,1,111,Hibernating,0,❄️  Inactive / Lost,1.0,0.41,151.59,62.1,Bronze
14047,9,5,1308.61,5,4,4,544,Champions,3,🟢 Promising Mid-Tier,0.9998,3.91,261.72,6784.56,Gold
14048,305,1,409.93,1,1,2,112,Hibernating,0,❄️  Inactive / Lost,1.0,0.41,409.93,167.92,Bronze
14049,17,4,5681.72,4,4,5,445,Champions,3,🟢 Promising Mid-Tier,0.9997,3.04,1420.43,28340.53,Platinum
14050,32,2,746.36,4,3,3,433,Loyal Customers,1,🟢 Promising Mid-Tier,0.9985,1.28,373.18,3251.64,Gold
14051,1,23,15610.39,5,5,5,555,Champions,2,🏆 High Value Active,1.0,19.68,678.71,87460.46,Platinum
14052,20,1,225.36,4,1,1,411,New Customers,1,🟢 Promising Mid-Tier,1.0,0.41,225.36,92.31,Bronze
14053,124,2,260.25,2,3,2,232,Need Attention,0,❄️  Inactive / Lost,0.9978,1.28,130.12,1199.93,Silver
14054,65,1,92.46,3,1,1,311,Promising,0,❄️  Inactive / Lost,1.0,0.41,92.46,37.87,Bronze
14055,106,1,725.64,2,1,3,213,Need Attention,0,❄️  Inactive / Lost,1.0,0.41,725.64,297.24,Bronze
14056,1,23,8214.65,5,5,5,555,Champions,2,🏆 High Value Active,1.0,19.68,357.16,46058.09,Platinum
14057,24,17,6217.96,4,5,5,455,Champions,2,🏆 High Value Active,0.9999,14.42,365.76,34590.21,Platinum
14059,267,1,183.6,1,1,1,111,Hibernating,0,❄️  Inactive / Lost,1.0,0.41,183.6,75.21,Bronze
14060,5,19,6140.42,5,5,5,555,Champions,2,🏆 High Value Active,1.0,16.18,323.18,34276.34,Platinum
14062,10,12,10464.85,5,5,5,555,Champions,2,🏆 High Value Active,0.9999,10.04,872.07,57394.1,Platinum
14064,29,5,1353.74,4,4,4,444,Champions,3,🟢 Promising Mid-Tier,0.9998,3.91,270.75,7015.52,Gold
14066,267,1,152.55,1,1,1,111,Hibernating,0,❄️  Inactive / Lost,1.0,0.41,152.55,62.49,Bronze
14067,64,2,374.7,3,3,2,332,Potential Loyalists,0,❄️  Inactive / Lost,0.9983,1.28,187.35,1683.32,Silver
14068,320,1,265.85,1,1,2,112,Hibernating,0,❄️  Inactive / Lost,1.0,0.41,265.85,108.9,Bronze
14071,4,8,1424.0,5,5,4,554,Champions,2,🏆 High Value Active,0.9999,6.54,178.0,7695.2,Gold
14073,32,1,151.04,4,1,1,411,New Customers,1,🟢 Promising Mid-Tier,1.0,0.41,151.04,61.87,Bronze
14075,5,3,942.26,5,3,4,534,Loyal Customers,1,🟢 Promising Mid-Tier,0.9996,2.16,314.09,4536.11,Gold
14076,129,1,122.47,2,1,1,211,Hibernating,0,❄️  Inactive / Lost,1.0,0.41,122.47,50.17,Bronze
14077,41,5,499.42,3,4,3,343,Loyal Customers,3,🟢 Promising Mid-Tier,0.9997,3.91,99.88,2637.34,Silver
14078,102,6,1049.37,2,5,4,254,At Risk,3,🟢 Promising Mid-Tier,0.9994,4.79,174.9,5557.51,Gold
14079,125,1,375.1,2,1,2,212,Hibernating,0,❄️  Inactive / Lost,1.0,0.41,375.1,153.65,Bronze
14080,33,1,45.6,4,1,1,411,New Customers,0,❄️  Inactive / Lost,1.0,0.41,45.6,18.68,Bronze
14081,302,2,934.52,1,3,4,134,At Risk,0,❄️  Inactive / Lost,0.9913,1.27,467.26,4016.1,Gold
14082,365,1,182.25,1,1,1,111,Hibernating,0,❄️  Inactive / Lost,1.0,0.41,182.25,74.65,Bronze
14083,4,9,1018.43,5,5,4,554,Champions,2,🏆 High Value Active,0.9999,7.42,113.16,5566.94,Gold
14085,2,18,4448.54,5,5,5,555,Champions,2,🏆 High Value Active,1.0,15.3,247.14,24812.77,Platinum
14087,3,1,194.42,5,1,1,511,New Customers,1,🟢 Promising Mid-Tier,1.0,0.41,194.42,79.64,Bronze
14088,10,13,50491.81,5,5,5,555,Champions,2,🏆 High Value Active,0.9999,10.92,3883.99,277620.48,Platinum
14089,57,1,161.0,3,1,1,311,Promising,0,❄️  Inactive / Lost,1.0,0.41,161.0,65.95,Bronze
14090,325,1,76.32,1,1,1,111,Hibernating,0,❄️  Inactive / Lost,1.0,0.41,76.32,31.26,Bronze
14092,8,14,4076.91,5,5,5,555,Champions,2,🏆 High Value Active,0.9999,11.8,291.21,22550.54,Platinum
14093,12,1,442.85,5,1,2,512,New Customers,1,🟢 Promising Mid-Tier,1.0,0.41,442.85,181.4,Bronze
14096,4,17,53258.43,5,5,5,555,Champions,2,🏆 High Value Active,1.0,14.42,3132.85,295746.37,Platinum
14098,37,1,147.35,3,1,1,311,Promising,1,🟢 Promising Mid-Tier,1.0,0.41,147.35,60.36,Bronze
14099,16,11,3104.17,4,5,5,455,Champions,2,🏆 High Value Active,0.9999,9.17,282.2,17004.91,Platinum
14100,138,1,194.9,2,1,1,211,Hibernating,0,❄️  Inactive / Lost,1.0,0.41,194.9,79.84,Bronze
14101,74,6,5976.79,2,5,5,255,At Risk,3,🟢 Promising Mid-Tier,0.9996,4.79,996.13,31301.54,Platinum
14102,5,5,1360.28,5,4,4,544,Champions,2,🏆 High Value Active,0.9998,3.91,272.06,7049.42,Gold
14104,155,2,216.21,2,3,1,231,Need Attention,0,❄️  Inactive / Lost,0.9974,1.28,108.1,1013.86,Silver
14105,239,1,1266.23,1,1,4,114,Can't Lose Them,0,❄️  Inactive / Lost,1.0,0.41,1266.23,518.68,Silver
14107,52,7,2703.23,3,5,5,355,Loyal Customers,3,🟢 Promising Mid-Tier,0.9998,5.66,386.18,14394.01,Platinum
14108,31,2,597.91,4,3,3,433,Loyal Customers,1,🟢 Promising Mid-Tier,0.9985,1.28,298.96,2625.37,Silver
14109,73,1,144.2,2,1,1,211,Hibernating,0,❄️  Inactive / Lost,1.0,0.41,144.2,59.07,Bronze
14110,4,12,5683.15,5,5,5,555,Champions,2,🏆 High Value Active,0.9999,10.04,473.6,31202.66,Platinum
14111,14,4,692.85,4,4,3,443,Loyal Customers,1,🟢 Promising Mid-Tier,0.9997,3.04,173.21,3526.95,Gold
14112,23,7,2915.15,4,5,5,455,Champions,2,🏆 High Value Active,0.9998,5.66,416.45,15518.03,Platinum
14113,4,4,1840.42,5,4,4,544,Champions,2,🏆 High Value Active,0.9998,3.04,460.1,9234.97,Gold
14114,274,2,386.53,1,3,2,132,Need Attention,0,❄️  Inactive / Lost,0.9936,1.28,193.26,1725.12,Silver
14116,20,5,1382.74,4,4,4,444,Champions,3,🟢 Promising Mid-Tier,0.9998,3.91,276.55,7164.3,Gold
14117,144,1,90.0,2,1,1,211,Hibernating,0,❄️  Inactive / Lost,1.0,0.41,90.0,36.87,Bronze
14121,4,4,2780.15,5,4,5,545,Champions,2,🏆 High Value Active,0.9998,3.04,695.04,13909.12,Platinum
14124,84,1,419.58,2,1,2,212,Hibernating,0,❄️  Inactive / Lost,1.0,0.41,419.58,171.87,Bronze
14125,11,3,2740.43,5,3,5,535,Loyal Customers,3,🟢 Promising Mid-Tier,0.9996,2.16,913.48,13027.67,Platinum
14126,8,3,706.13,5,3,3,533,Loyal Customers,1,🟢 Promising Mid-Tier,0.9996,2.16,235.38,3420.98,Gold
14127,123,3,709.71,2,3,3,233,At Risk,3,🟢 Promising Mid-Tier,0.9991,2.16,236.57,3436.07,Gold
14128,61,2,637.5,3,3,3,333,Loyal Customers,3,🟢 Promising Mid-Tier,0.9983,1.28,318.75,2791.87,Silver
14129,2,5,1123.86,5,4,4,544,Champions,2,🏆 High Value Active,0.9998,3.91,224.77,5837.82,Gold
14130,319,1,483.86,1,1,2,112,Hibernating,0,❄️  Inactive / Lost,1.0,0.41,483.86,198.2,Bronze
14132,2,11,3586.03,5,5,5,555,Champions,2,🏆 High Value Active,0.9999,9.17,326.0,19633.76,Platinum
14133,130,3,605.64,2,3,3,233,At Risk,3,🟢 Promising Mid-Tier,0.999,2.16,201.88,2944.7,Silver
14135,2,15,4690.31,5,5,5,555,Champions,2,🏆 High Value Active,1.0,12.67,312.69,26000.18,Platinum
14138,2,2,982.38,5,3,4,534,Loyal Customers,1,🟢 Promising Mid-Tier,0.9987,1.28,491.19,4248.04,Gold
14139,46,1,415.82,3,1,2,312,Promising,1,🟢 Promising Mid-Tier,1.0,0.41,415.82,170.33,Bronze
14140,4,2,935.05,5,3,4,534,Loyal Customers,1,🟢 Promising Mid-Tier,0.9987,1.28,467.52,4048.29,Gold
14141,3,4,915.13,5,4,3,543,Loyal Customers,1,🟢 Promising Mid-Tier,0.9998,3.04,228.78,4632.64,Gold
14142,373,1,311.81,1,1,2,112,Hibernating,0,❄️  Inactive / Lost,1.0,0.41,311.81,127.73,Bronze
14143,134,1,115.8,2,1,1,211,Hibernating,0,❄️  Inactive / Lost,1.0,0.41,115.8,47.43,Bronze
14145,47,4,3742.2,3,4,5,345,Loyal Customers,3,🟢 Promising Mid-Tier,0.9996,3.04,935.55,18692.19,Platinum
14146,9,5,4191.0,5,4,5,545,Champions,2,🏆 High Value Active,0.9998,3.91,838.2,21556.48,Platinum
14147,78,2,483.4,2,3,2,232,Need Attention,0,❄️  Inactive / Lost,0.9982,1.28,241.7,2141.59,Silver
14148,234,1,157.2,1,1,1,111,Hibernating,0,❄️  Inactive / Lost,1.0,0.41,157.2,64.39,Bronze
14149,221,1,446.62,1,1,2,112,Hibernating,0,❄️  Inactive / Lost,1.0,0.41,446.62,182.95,Bronze
14150,36,2,658.64,3,3,3,333,Loyal Customers,1,🟢 Promising Mid-Tier,0.9985,1.28,329.32,2881.5,Silver
14152,75,2,621.29,2,3,3,233,At Risk,0,❄️  Inactive / Lost,0.9982,1.28,310.64,2723.22,Silver
14154,239,2,1345.62,1,3,4,134,At Risk,3,🟢 Promising Mid-Tier,0.9954,1.28,672.81,5761.76,Gold
14155,266,1,118.75,1,1,1,111,Hibernating,0,❄️  Inactive / Lost,1.0,0.41,118.75,48.64,Bronze
14156,10,55,117379.63,5,5,5,555,Champions,2,🏆 High Value Active,1.0,47.71,2134.18,666142.41,Platinum
14157,20,2,432.88,4,3,2,432,Need Attention,1,🟢 Promising Mid-Tier,0.9986,1.28,216.44,1929.24,Silver
14158,40,1,507.66,3,1,3,313,Need Attention,1,🟢 Promising Mid-Tier,1.0,0.41,507.66,207.95,Bronze
14159,20,11,4690.64,4,5,5,455,Champions,2,🏆 High Value Active,0.9999,9.17,426.42,25658.09,Platinum
14161,216,3,1110.52,1,3,4,134,At Risk,3,🟢 Promising Mid-Tier,0.9976,2.16,370.17,5320.03,Gold
14162,174,2,289.36,2,3,2,232,Need Attention,0,❄️  Inactive / Lost,0.9971,1.28,144.68,1321.72,Silver
14163,87,4,2445.91,2,4,5,245,At Risk,3,🟢 Promising Mid-Tier,0.9995,3.04,611.48,12243.13,Platinum
14164,71,2,1631.77,3,3,4,334,Loyal Customers,3,🟢 Promising Mid-Tier,0.9983,1.28,815.88,6985.3,Gold
14165,276,1,122.54,1,1,1,111,Hibernating,0,❄️  Inactive / Lost,1.0,0.41,122.54,50.2,Bronze
14167,39,4,574.84,3,4,3,343,Loyal Customers,3,🟢 Promising Mid-Tier,0.9997,3.04,143.71,2939.8,Silver
14171,98,1,363.79,2,1,2,212,Hibernating,0,❄️  Inactive / Lost,1.0,0.41,363.79,149.02,Bronze
14173,11,4,450.84,5,4,2,542,Need Attention,1,🟢 Promising Mid-Tier,0.9997,3.04,112.71,2323.25,Silver
14174,33,1,134.46,4,1,1,411,New Customers,1,🟢 Promising Mid-Tier,1.0,0.41,134.46,55.08,Bronze
14175,60,3,3222.3,3,3,5,335,Loyal Customers,3,🟢 Promising Mid-Tier,0.9994,2.16,1074.1,15300.8,Platinum
14176,297,4,576.9,1,4,3,143,At Risk,0,❄️  Inactive / Lost,0.9825,2.98,144.22,2899.49,Silver
14177,86,4,559.41,2,4,3,243,At Risk,3,🟢 Promising Mid-Tier,0.9995,3.04,139.85,2862.51,Silver
14178,9,7,1600.93,5,5,4,554,Champions,2,🏆 High Value Active,0.9999,5.66,228.7,8556.35,Gold
14179,41,2,719.78,3,3,3,333,Loyal Customers,1,🟢 Promising Mid-Tier,0.9985,1.28,359.89,3139.34,Gold
14180,11,25,4748.52,5,5,5,555,Champions,2,🏆 High Value Active,1.0,21.43,189.94,26703.49,Platinum
14184,67,1,452.89,3,1,2,312,Promising,0,❄️  Inactive / Lost,1.0,0.41,452.89,185.52,Bronze
14185,331,1,197.65,1,1,1,111,Hibernating,0,❄️  Inactive / Lost,1.0,0.41,197.65,80.96,Bronze
14188,31,6,2054.36,4,5,5,455,Champions,3,🟢 Promising Mid-Tier,0.9998,4.79,342.39,10811.14,Platinum
14189,2,15,4654.08,5,5,5,555,Champions,2,🏆 High Value Active,1.0,12.67,310.27,25799.9,Platinum
14191,2,13,4684.76,5,5,5,555,Champions,2,🏆 High Value Active,0.9999,10.92,360.37,25824.57,Platinum
14193,68,2,853.39,3,3,3,333,Loyal Customers,3,🟢 Promising Mid-Tier,0.9983,1.28,426.7,3702.33,Gold
14194,5,21,11349.52,5,5,5,555,Champions,2,🏆 High Value Active,1.0,17.93,540.45,63465.08,Platinum
14195,202,2,1012.0,1,3,4,134,At Risk,0,❄️  Inactive / Lost,0.9965,1.28,506.0,4363.54,Gold
14196,107,1,335.52,2,1,2,212,Hibernating,0,❄️  Inactive / Lost,1.0,0.41,335.52,137.44,Bronze
14198,18,4,701.4,4,4,3,443,Loyal Customers,1,🟢 Promising Mid-Tier,0.9997,3.04,175.35,3569.45,Gold
14199,218,1,185.4,1,1,1,111,Hibernating,0,❄️  Inactive / Lost,1.0,0.41,185.4,75.94,Bronze
14201,60,7,747.44,3,5,3,353,Loyal Customers,3,🟢 Promising Mid-Tier,0.9997,5.66,106.78,4034.27,Gold
14204,2,1,161.03,5,1,1,511,New Customers,1,🟢 Promising Mid-Tier,1.0,0.41,161.03,65.96,Bronze
14205,17,2,466.7,4,3,2,432,Need Attention,1,🟢 Promising Mid-Tier,0.9986,1.28,233.35,2071.96,Silver
14206,239,1,328.16,1,1,2,112,Hibernating,0,❄️  Inactive / Lost,1.0,0.41,328.16,134.42,Bronze
14208,95,1,151.74,2,1,1,211,Hibernating,0,❄️  Inactive / Lost,1.0,0.41,151.74,62.16,Bronze
14209,11,6,2073.43,5,5,5,555,Champions,2,🏆 High Value Active,0.9999,4.79,345.57,10911.3,Platinum
14210,106,6,1905.84,2,5,4,254,At Risk,3,🟢 Promising Mid-Tier,0.9994,4.79,317.64,10030.62,Platinum
14211,53,9,2241.1,3,5,5,355,Loyal Customers,3,🟢 Promising Mid-Tier,0.9998,7.42,249.01,12159.56,Platinum
14212,90,1,1070.48,2,1,4,214,Can't Lose Them,0,❄️  Inactive / Lost,1.0,0.41,1070.48,438.5,Bronze
14214,31,5,1004.38,4,4,4,444,Champions,3,🟢 Promising Mid-Tier,0.9998,3.91,200.88,5225.15,Gold
14215,12,6,1789.72,5,5,4,554,Champions,2,🏆 High Value Active,0.9998,4.79,298.29,9428.74,Gold
14216,3,4,1839.3,5,4,4,544,Champions,2,🏆 High Value Active,0.9998,3.04,459.82,9229.41,Gold
14217,2,17,2004.98,5,5,4,554,Champions,2,🏆 High Value Active,1.0,14.42,117.94,11202.97,Platinum
14218,43,1,169.48,3,1,1,311,Promising,0,❄️  Inactive / Lost,1.0,0.41,169.48,69.42,Bronze
14219,4,1,89.94,5,1,1,511,New Customers,1,🟢 Promising Mid-Tier,1.0,0.41,89.94,36.84,Bronze
14220,247,2,632.4,1,3,3,133,At Risk,0,❄️  Inactive / Lost,0.9951,1.28,316.2,2761.3,Silver
14221,42,9,3432.8,3,5,5,355,Loyal Customers,2,🏆 High Value Active,0.9998,7.42,381.42,18587.06,Platinum
14222,177,1,683.17,2,1,3,213,Need Attention,0,❄️  Inactive / Lost,1.0,0.41,683.17,279.85,Bronze
14223,92,3,991.13,2,3,4,234,At Risk,3,🟢 Promising Mid-Tier,0.9993,2.16,330.38,4765.34,Gold
14224,110,4,1050.12,2,4,4,244,At Risk,3,🟢 Promising Mid-Tier,0.9993,3.04,262.53,5301.75,Gold
14226,29,5,2232.19,4,4,5,445,Champions,3,🟢 Promising Mid-Tier,0.9998,3.91,446.44,11517.27,Platinum
14227,26,10,3350.96,4,5,5,455,Champions,2,🏆 High Value Active,0.9999,8.29,335.1,18258.8,Platinum
14229,52,3,1547.2,3,3,4,334,Loyal Customers,3,🟢 Promising Mid-Tier,0.9994,2.16,515.73,7391.85,Gold
14231,184,3,925.71,1,3,3,133,At Risk,3,🟢 Promising Mid-Tier,0.9983,2.16,308.57,4452.31,Gold
14232,43,5,2048.07,3,4,5,345,Loyal Customers,3,🟢 Promising Mid-Tier,0.9997,3.91,409.61,10573.29,Platinum
14233,49,4,1462.72,3,4,4,344,Loyal Customers,3,🟢 Promising Mid-Tier,0.9996,3.04,365.68,7355.43,Gold
14234,22,4,775.46,4,4,3,443,Loyal Customers,3,🟢 Promising Mid-Tier,0.9997,3.04,193.86,3937.77,Gold
14235,75,5,3144.86,2,4,5,245,At Risk,3,🟢 Promising Mid-Tier,0.9996,3.91,628.97,16191.57,Platinum
14236,81,2,490.86,2,3,3,233,At Risk,0,❄️  Inactive / Lost,0.9982,1.28,245.43,2173.01,Silver
14237,373,1,161.0,1,1,1,111,Hibernating,0,❄️  Inactive / Lost,1.0,0.41,161.0,65.95,Bronze
14238,326,1,146.85,1,1,1,111,Hibernating,0,❄️  Inactive / Lost,1.0,0.41,146.85,60.15,Bronze
14239,43,11,2380.85,3,5,5,355,Loyal Customers,2,🏆 High Value Active,0.9998,9.17,216.44,13058.26,Platinum
14240,30,2,890.34,4,3,3,433,Loyal Customers,1,🟢 Promising Mid-Tier,0.9985,1.28,445.17,3859.12,Gold
14241,184,1,213.7,1,1,1,111,Hibernating,0,❄️  Inactive / Lost,1.0,0.41,213.7,87.54,Bronze
14242,235,2,280.55,1,3,2,132,Need Attention,0,❄️  Inactive / Lost,0.9955,1.28,140.28,1282.62,Silver
14243,9,10,2588.77,5,5,5,555,Champions,2,🏆 High Value Active,0.9999,8.29,258.88,14123.06,Platinum
14245,220,2,1693.45,1,3,4,134,At Risk,3,🟢 Promising Mid-Tier,0.996,1.28,846.72,7229.24,Gold
14246,111,3,1474.06,2,3,4,234,At Risk,3,🟢 Promising Mid-Tier,0.9991,2.16,491.35,7044.37,Gold
14247,278,1,136.77,1,1,1,111,Hibernating,0,❄️  Inactive / Lost,1.0,0.41,136.77,56.02,Bronze
14248,318,1,302.58,1,1,2,112,Hibernating,0,❄️  Inactive / Lost,1.0,0.41,302.58,123.95,Bronze
14250,7,3,1904.05,5,3,4,534,Loyal Customers,1,🟢 Promising Mid-Tier,0.9996,2.16,634.68,9078.07,Gold
14251,2,5,2879.7,5,4,5,545,Champions,2,🏆 High Value Active,0.9998,3.91,575.94,14836.42,Platinum
14256,260,2,969.06,1,3,4,134,At Risk,0,❄️  Inactive / Lost,0.9945,1.28,484.53,4174.17,Gold
14257,64,5,3099.72,3,4,5,345,Loyal Customers,3,🟢 Promising Mid-Tier,0.9997,3.91,619.94,15961.13,Platinum
14258,9,9,12669.98,5,5,5,555,Champions,2,🏆 High Value Active,0.9999,7.42,1407.78,68409.79,Platinum
14259,142,1,120.0,2,1,1,211,Hibernating,0,❄️  Inactive / Lost,1.0,0.41,120.0,49.16,Bronze
14261,51,2,1163.45,3,3,4,334,Loyal Customers,3,🟢 Promising Mid-Tier,0.9984,1.28,581.72,5010.71,Gold
14262,8,8,2618.23,5,5,5,555,Champions,2,🏆 High Value Active,0.9999,6.54,327.28,14086.12,Platinum
14264,155,2,333.97,2,3,2,232,Need Attention,0,❄️  Inactive / Lost,0.9974,1.28,166.98,1510.12,Silver
14265,109,2,530.18,2,3,3,233,At Risk,0,❄️  Inactive / Lost,0.9979,1.28,265.09,2338.26,Silver
14267,163,3,1516.24,2,3,4,234,At Risk,3,🟢 Promising Mid-Tier,0.9986,2.16,505.41,7239.86,Gold
14270,332,1,492.65,1,1,3,113,Need Attention,0,❄️  Inactive / Lost,1.0,0.41,492.65,201.8,Bronze
14271,226,1,112.32,1,1,1,111,Hibernating,0,❄️  Inactive / Lost,1.0,0.41,112.32,46.01,Bronze
14272,74,2,437.96,2,3,2,232,Need Attention,0,❄️  Inactive / Lost,0.9982,1.28,218.98,1950.01,Silver
14273,51,4,559.97,3,4,3,343,Loyal Customers,3,🟢 Promising Mid-Tier,0.9996,3.04,139.99,2865.73,Silver
14276,99,3,1119.74,2,3,4,234,At Risk,3,🟢 Promising Mid-Tier,0.9992,2.16,373.25,5372.28,Gold
14277,15,3,4180.2,4,3,5,435,Loyal Customers,3,🟢 Promising Mid-Tier,0.9996,2.16,1393.4,19826.59,Platinum
14280,197,1,134.04,1,1,1,111,Hibernating,0,❄️  Inactive / Lost,1.0,0.41,134.04,54.91,Bronze
14282,3,15,3729.34,5,5,5,555,Champions,2,🏆 High Value Active,1.0,12.67,248.62,20687.91,Platinum
14284,31,2,595.25,4,3,3,433,Loyal Customers,1,🟢 Promising Mid-Tier,0.9985,1.28,297.62,2614.14,Silver
14285,21,4,1910.01,4,4,4,444,Champions,3,🟢 Promising Mid-Tier,0.9997,3.04,477.5,9580.74,Gold
14286,24,3,4628.75,4,3,5,435,Loyal Customers,3,🟢 Promising Mid-Tier,0.9995,2.16,1542.92,21944.24,Platinum
14287,8,3,176.63,5,3,1,531,Need Attention,1,🟢 Promising Mid-Tier,0.9996,2.16,58.88,920.46,Silver
14288,213,1,426.6,1,1,2,112,Hibernating,0,❄️  Inactive / Lost,1.0,0.41,426.6,174.75,Bronze
14289,9,6,911.26,5,5,3,553,Loyal Customers,3,🟢 Promising Mid-Tier,0.9999,4.79,151.88,4838.31,Gold
14290,11,5,2314.65,5,4,5,545,Champions,2,🏆 High Value Active,0.9998,3.91,462.93,11940.35,Platinum
14291,2,11,3883.25,5,5,5,555,Champions,2,🏆 High Value Active,0.9999,9.17,353.02,21255.0,Platinum
14292,8,9,4871.93,5,5,5,555,Champions,2,🏆 High Value Active,0.9999,7.42,541.33,26350.88,Platinum
14293,3,4,1046.56,5,4,4,544,Champions,1,🟢 Promising Mid-Tier,0.9998,3.04,261.64,5286.37,Gold
14295,40,1,166.2,3,1,1,311,Promising,0,❄️  Inactive / Lost,1.0,0.41,166.2,68.08,Bronze
14297,18,4,1305.33,4,4,4,444,Champions,3,🟢 Promising Mid-Tier,0.9997,3.04,326.33,6573.26,Gold
14298,8,44,51527.3,5,5,5,555,Champions,2,🏆 High Value Active,1.0,38.08,1171.08,291757.59,Platinum
14299,8,9,3965.62,5,5,5,555,Champions,2,🏆 High Value Active,0.9999,7.42,440.62,21462.66,Platinum
14300,19,1,43.2,4,1,1,411,New Customers,1,🟢 Promising Mid-Tier,1.0,0.41,43.2,17.7,Bronze
14301,117,1,640.14,2,1,3,213,Need Attention,0,❄️  Inactive / Lost,1.0,0.41,640.14,262.22,Bronze
14304,223,1,383.45,1,1,2,112,Hibernating,0,❄️  Inactive / Lost,1.0,0.41,383.45,157.07,Bronze
14305,71,3,1858.96,3,3,4,334,Loyal Customers,3,🟢 Promising Mid-Tier,0.9994,2.16,619.65,8863.22,Gold
14306,51,2,2093.32,3,3,5,335,Loyal Customers,3,🟢 Promising Mid-Tier,0.9984,1.28,1046.66,8933.26,Gold
14307,89,6,2995.72,2,5,5,255,At Risk,3,🟢 Promising Mid-Tier,0.9995,4.79,499.29,15725.61,Platinum
14309,8,9,2352.53,5,5,5,555,Champions,2,🏆 High Value Active,0.9999,7.42,261.39,12762.41,Platinum
14311,243,1,310.26,1,1,2,112,Hibernating,0,❄️  Inactive / Lost,1.0,0.41,310.26,127.09,Bronze
14312,47,6,1611.59,3,5,4,354,Loyal Customers,3,🟢 Promising Mid-Tier,0.9998,4.79,268.6,8497.08,Gold
14314,107,1,120.0,2,1,1,211,Hibernating,0,❄️  Inactive / Lost,1.0,0.41,120.0,49.16,Bronze
14315,45,6,2481.13,3,5,5,355,Loyal Customers,3,🟢 Promising Mid-Tier,0.9998,4.79,413.52,13040.58,Platinum
14317,65,1,508.58,3,1,3,313,Need Attention,0,❄️  Inactive / Lost,1.0,0.41,508.58,208.33,Bronze
14320,207,2,477.79,1,3,2,132,Need Attention,0,❄️  Inactive / Lost,0.9964,1.28,238.9,2114.06,Silver
14321,11,5,1530.75,5,4,4,544,Champions,3,🟢 Promising Mid-Tier,0.9998,3.91,306.15,7922.97,Gold
14323,115,2,605.06,2,3,3,233,At Risk,0,❄️  Inactive / Lost,0.9979,1.28,302.53,2653.82,Silver
14326,242,1,183.85,1,1,1,111,Hibernating,0,❄️  Inactive / Lost,1.0,0.41,183.85,75.31,Bronze
14327,163,1,311.65,2,1,2,212,Hibernating,0,❄️  Inactive / Lost,1.0,0.41,311.65,127.66,Bronze
14329,17,7,5014.84,4,5,5,455,Champions,2,🏆 High Value Active,0.9999,5.66,716.41,26641.29,Platinum
14331,124,2,462.66,2,3,2,232,Need Attention,0,❄️  Inactive / Lost,0.9978,1.28,231.33,2053.24,Silver
14332,23,3,866.31,4,3,3,433,Loyal Customers,3,🟢 Promising Mid-Tier,0.9995,2.16,288.77,4177.24,Gold
14333,68,1,415.2,3,1,2,312,Promising,0,❄️  Inactive / Lost,1.0,0.41,415.2,170.08,Bronze
14334,17,8,2552.21,4,5,5,455,Champions,2,🏆 High Value Active,0.9999,6.54,319.03,13732.56,Platinum
14335,16,2,468.26,4,3,2,432,Need Attention,1,🟢 Promising Mid-Tier,0.9986,1.28,234.13,2078.56,Silver
14336,17,4,1614.91,4,4,4,444,Champions,3,🟢 Promising Mid-Tier,0.9997,3.04,403.73,8113.06,Gold
14338,161,2,588.22,2,3,3,233,At Risk,0,❄️  Inactive / Lost,0.9973,1.28,294.11,2581.31,Silver
14339,243,1,309.52,1,1,2,112,Hibernating,0,❄️  Inactive / Lost,1.0,0.41,309.52,126.79,Bronze
14340,219,1,134.7,1,1,1,111,Hibernating,0,❄️  Inactive / Lost,1.0,0.41,134.7,55.18,Bronze
14341,45,8,2182.28,3,5,5,355,Loyal Customers,3,🟢 Promising Mid-Tier,0.9998,6.54,272.79,11751.88,Platinum
14342,21,4,668.56,4,4,3,443,Loyal Customers,3,🟢 Promising Mid-Tier,0.9997,3.04,167.14,3406.08,Gold
14344,127,8,889.93,2,5,3,253,At Risk,3,🟢 Promising Mid-Tier,0.9987,6.53,111.24,4831.08,Gold
14345,39,1,108.98,3,1,1,311,Promising,0,❄️  Inactive / Lost,1.0,0.41,108.98,44.64,Bronze
14346,121,2,1021.58,2,3,4,234,At Risk,3,🟢 Promising Mid-Tier,0.9978,1.28,510.79,4409.66,Gold
14348,260,1,409.57,1,1,2,112,Hibernating,0,❄️  Inactive / Lost,1.0,0.41,409.57,167.77,Bronze
14349,10,1,133.5,5,1,1,511,New Customers,1,🟢 Promising Mid-Tier,1.0,0.41,133.5,54.69,Bronze
14350,274,1,282.93,1,1,2,112,Hibernating,0,❄️  Inactive / Lost,1.0,0.41,282.93,115.9,Bronze
14351,165,1,51.0,2,1,1,211,Hibernating,0,❄️  Inactive / Lost,1.0,0.41,51.0,20.89,Bronze
14352,157,4,1078.96,2,4,4,244,At Risk,3,🟢 Promising Mid-Tier,0.9988,3.03,269.74,5442.26,Gold
14353,215,1,90.6,1,1,1,111,Hibernating,0,❄️  Inactive / Lost,1.0,0.41,90.6,37.11,Bronze
14354,6,2,163.62,5,3,1,531,Need Attention,1,🟢 Promising Mid-Tier,0.9986,1.28,81.81,793.25,Silver
14355,366,1,174.4,1,1,1,111,Hibernating,0,❄️  Inactive / Lost,1.0,0.41,174.4,71.44,Bronze
14356,80,2,701.23,2,3,3,233,At Risk,3,🟢 Promising Mid-Tier,0.9982,1.28,350.62,3060.26,Gold
14357,43,1,225.77,3,1,1,311,Promising,0,❄️  Inactive / Lost,1.0,0.41,225.77,92.48,Bronze
14359,19,3,912.18,4,3,3,433,Loyal Customers,1,🟢 Promising Mid-Tier,0.9996,2.16,304.06,4393.9,Gold
14360,32,4,2128.23,4,4,5,445,Champions,3,🟢 Promising Mid-Tier,0.9997,3.04,532.06,10665.8,Platinum
14362,22,1,161.2,4,1,1,411,New Customers,1,🟢 Promising Mid-Tier,1.0,0.41,161.2,66.03,Bronze
14364,109,8,3717.35,2,5,5,255,At Risk,3,🟢 Promising Mid-Tier,0.9991,6.54,464.67,19953.12,Platinum
14367,8,16,9261.52,5,5,5,555,Champions,2,🏆 High Value Active,0.9999,13.55,578.84,51385.79,Platinum
14368,320,1,155.0,1,1,1,111,Hibernating,0,❄️  Inactive / Lost,1.0,0.41,155.0,63.49,Bronze
14371,295,1,100.5,1,1,1,111,Hibernating,0,❄️  Inactive / Lost,1.0,0.41,100.5,41.17,Bronze
14373,358,1,76.55,1,1,1,111,Hibernating,0,❄️  Inactive / Lost,1.0,0.41,76.55,31.36,Bronze
14375,185,1,257.68,1,1,2,112,Hibernating,0,❄️  Inactive / Lost,1.0,0.41,257.68,105.55,Bronze
14377,191,2,617.05,1,3,3,133,At Risk,0,❄️  Inactive / Lost,0.9967,1.28,308.52,2701.33,Silver
14379,44,2,348.1,3,3,2,332,Potential Loyalists,1,🟢 Promising Mid-Tier,0.9984,1.28,174.05,1571.33,Silver
14381,52,1,202.68,3,1,1,311,Promising,0,❄️  Inactive / Lost,1.0,0.41,202.68,83.02,Bronze
14382,26,1,626.07,4,1,3,413,New Customers,1,🟢 Promising Mid-Tier,1.0,0.41,626.07,256.46,Bronze
14383,38,3,1247.69,3,3,4,334,Loyal Customers,3,🟢 Promising Mid-Tier,0.9995,2.16,415.9,5977.93,Gold
14385,9,3,202.11,5,3,1,531,Need Attention,1,🟢 Promising Mid-Tier,0.9996,2.16,67.37,1040.79,Silver
14386,297,1,142.4,1,1,1,111,Hibernating,0,❄️  Inactive / Lost,1.0,0.41,142.4,58.33,Bronze
14387,33,3,1770.56,4,3,4,434,Loyal Customers,3,🟢 Promising Mid-Tier,0.9995,2.16,590.19,8447.05,Gold
14388,10,8,3212.84,5,5,5,555,Champions,2,🏆 High Value Active,0.9999,6.54,401.6,17268.14,Platinum
14389,65,2,1043.46,3,3,4,334,Loyal Customers,3,🟢 Promising Mid-Tier,0.9983,1.28,521.73,4504.12,Gold
14390,10,9,4652.82,5,5,5,555,Champions,2,🏆 High Value Active,0.9999,7.42,516.98,25169.0,Platinum
14393,218,1,67.95,1,1,1,111,Hibernating,0,❄️  Inactive / Lost,1.0,0.41,67.95,27.83,Bronze
14395,2,9,3507.71,5,5,5,555,Champions,2,🏆 High Value Active,0.9999,7.42,389.75,18993.11,Platinum
14396,65,2,487.99,3,3,3,333,Loyal Customers,0,❄️  Inactive / Lost,0.9983,1.28,244.0,2161.16,Silver
14397,3,19,2612.96,5,5,5,555,Champions,2,🏆 High Value Active,1.0,16.18,137.52,14626.99,Platinum
14400,149,1,574.7,2,1,3,213,Need Attention,0,❄️  Inactive / Lost,1.0,0.41,574.7,235.41,Bronze
14401,4,13,4051.48,5,5,5,555,Champions,2,🏆 High Value Active,0.9999,10.92,311.65,22343.38,Platinum
14403,130,4,1475.81,2,4,4,244,At Risk,3,🟢 Promising Mid-Tier,0.9991,3.04,368.95,7416.86,Gold
14404,34,6,1474.32,3,5,4,354,Loyal Customers,3,🟢 Promising Mid-Tier,0.9998,4.79,245.72,7780.17,Gold
14406,119,1,156.75,2,1,1,211,Hibernating,0,❄️  Inactive / Lost,1.0,0.41,156.75,64.21,Bronze
14407,107,5,2142.73,2,4,5,245,At Risk,3,🟢 Promising Mid-Tier,0.9994,3.91,428.55,11054.44,Platinum
14408,11,7,2606.53,5,5,5,555,Champions,2,🏆 High Value Active,0.9999,5.66,372.36,13883.52,Platinum
14409,71,6,2059.45,3,5,5,355,Loyal Customers,3,🟢 Promising Mid-Tier,0.9996,4.79,343.24,10835.99,Platinum
14410,92,9,1104.07,2,5,4,254,At Risk,3,🟢 Promising Mid-Tier,0.9994,7.41,122.67,6025.52,Gold
14411,311,1,1063.0,1,1,4,114,Can't Lose Them,0,❄️  Inactive / Lost,1.0,0.41,1063.0,435.43,Bronze
14412,43,2,770.03,3,3,3,333,Loyal Customers,3,🟢 Promising Mid-Tier,0.9984,1.28,385.02,3351.29,Gold
14413,362,1,122.7,1,1,1,111,Hibernating,0,❄️  Inactive / Lost,1.0,0.41,122.7,50.26,Bronze
14414,92,7,1496.98,2,5,4,254,At Risk,3,🟢 Promising Mid-Tier,0.9995,5.66,213.85,8002.42,Gold
14415,1,13,5900.28,5,5,5,555,Champions,2,🏆 High Value Active,0.9999,10.92,453.87,32506.3,Platinum
14416,22,2,490.22,4,3,3,433,Loyal Customers,1,🟢 Promising Mid-Tier,0.9986,1.28,245.11,2171.14,Silver
14418,4,3,1937.25,5,3,4,534,Loyal Customers,1,🟢 Promising Mid-Tier,0.9996,2.16,645.75,9234.92,Gold
14419,11,6,1058.06,5,5,4,554,Champions,3,🟢 Promising Mid-Tier,0.9999,4.79,176.34,5605.41,Gold
14420,99,1,387.52,2,1,2,212,Hibernating,0,❄️  Inactive / Lost,1.0,0.41,387.52,158.74,Bronze
14421,57,2,813.11,3,3,3,333,Loyal Customers,3,🟢 Promising Mid-Tier,0.9984,1.28,406.56,3532.71,Gold
14422,1,6,4263.64,5,5,5,555,Champions,2,🏆 High Value Active,0.9999,4.79,710.61,22356.83,Platinum
14423,218,1,265.2,1,1,2,112,Hibernating,0,❄️  Inactive / Lost,1.0,0.41,265.2,108.63,Bronze
14424,18,1,322.08,4,1,2,412,New Customers,1,🟢 Promising Mid-Tier,1.0,0.41,322.08,131.93,Bronze
14426,24,10,4481.67,4,5,5,455,Champions,2,🏆 High Value Active,0.9999,8.29,448.17,24395.19,Platinum
14427,50,2,363.34,3,3,2,332,Potential Loyalists,1,🟢 Promising Mid-Tier,0.9984,1.28,181.67,1635.56,Silver
14428,7,5,1244.83,5,4,4,544,Champions,2,🏆 High Value Active,0.9998,3.91,248.97,6457.72,Gold
14431,303,1,470.36,1,1,2,112,Hibernating,0,❄️  Inactive / Lost,1.0,0.41,470.36,192.67,Bronze
14432,10,6,2255.51,5,5,5,555,Champions,2,🏆 High Value Active,0.9999,4.79,375.92,11862.8,Platinum
14434,22,6,1372.8,4,5,4,454,Champions,3,🟢 Promising Mid-Tier,0.9998,4.79,228.8,7249.93,Gold
14436,99,1,89.06,2,1,1,211,Hibernating,0,❄️  Inactive / Lost,1.0,0.41,89.06,36.48,Bronze
14437,366,1,63.0,1,1,1,111,Hibernating,0,❄️  Inactive / Lost,1.0,0.41,63.0,25.81,Bronze
14438,306,1,131.9,1,1,1,111,Hibernating,0,❄️  Inactive / Lost,1.0,0.41,131.9,54.03,Bronze
14439,320,1,2661.24,1,1,5,115,Can't Lose Them,0,❄️  Inactive / Lost,1.0,0.41,2661.24,1090.12,Silver
14440,8,5,2357.68,5,4,5,545,Champions,2,🏆 High Value Active,0.9998,3.91,471.54,12160.95,Platinum
14441,1,4,1712.89,5,4,4,544,Champions,2,🏆 High Value Active,0.9998,3.04,428.22,8600.69,Gold
14442,205,2,1589.82,1,3,4,134,At Risk,3,🟢 Promising Mid-Tier,0.9964,1.28,794.91,6795.89,Gold
14443,54,4,1420.2,3,4,4,344,Loyal Customers,3,🟢 Promising Mid-Tier,0.9996,3.04,355.05,7143.84,Gold
14446,1,4,1034.78,5,4,4,544,Champions,1,🟢 Promising Mid-Tier,0.9998,3.04,258.7,5227.8,Gold
14447,19,5,1163.23,4,4,4,444,Champions,3,🟢 Promising Mid-Tier,0.9998,3.91,232.65,6039.38,Gold
14448,9,2,375.35,5,3,2,532,Need Attention,1,🟢 Promising Mid-Tier,0.9986,1.28,187.68,1686.61,Silver
14449,19,4,907.1,4,4,3,443,Loyal Customers,3,🟢 Promising Mid-Tier,0.9997,3.04,226.78,4592.54,Gold
14450,181,3,483.25,1,3,2,132,Need Attention,0,❄️  Inactive / Lost,0.9984,2.16,161.08,2365.59,Silver
14451,60,2,662.59,3,3,3,333,Loyal Customers,3,🟢 Promising Mid-Tier,0.9983,1.28,331.3,2897.72,Silver
14452,11,2,264.44,5,3,2,532,Need Attention,1,🟢 Promising Mid-Tier,0.9986,1.28,132.22,1218.62,Silver
14453,190,1,119.93,1,1,1,111,Hibernating,0,❄️  Inactive / Lost,1.0,0.41,119.93,49.13,Bronze
14456,5,9,3059.44,5,5,5,555,Champions,2,🏆 High Value Active,0.9999,7.42,339.94,16575.24,Platinum
14457,311,1,113.64,1,1,1,111,Hibernating,0,❄️  Inactive / Lost,1.0,0.41,113.64,46.55,Bronze
14459,155,1,1837.92,2,1,4,214,Can't Lose Them,3,🟢 Promising Mid-Tier,1.0,0.41,1837.92,752.86,Silver
14460,110,3,434.34,2,3,2,232,Need Attention,0,❄️  Inactive / Lost,0.9992,2.16,144.78,2136.55,Silver
14461,148,3,2102.67,2,3,5,235,At Risk,3,🟢 Promising Mid-Tier,0.9988,2.16,700.89,10008.41,Platinum
14462,66,11,1999.02,3,5,4,354,Loyal Customers,3,🟢 Promising Mid-Tier,0.9996,9.17,181.73,10973.8,Platinum
14463,98,3,529.62,2,3,3,233,At Risk,3,🟢 Promising Mid-Tier,0.9992,2.16,176.54,2586.51,Silver
14465,247,3,1058.62,1,3,4,134,At Risk,3,🟢 Promising Mid-Tier,0.9964,2.15,352.87,5069.15,Gold
14466,29,7,2272.4,4,5,5,455,Champions,3,🟢 Promising Mid-Tier,0.9998,5.66,324.63,12112.94,Platinum
14467,18,4,598.76,4,4,3,443,Loyal Customers,1,🟢 Promising Mid-Tier,0.9997,3.04,149.69,3058.94,Gold
14470,12,2,461.19,5,3,2,532,Need Attention,1,🟢 Promising Mid-Tier,0.9986,1.28,230.6,2048.77,Silver
14472,104,8,1936.84,2,5,4,254,At Risk,3,🟢 Promising Mid-Tier,0.9992,6.54,242.1,10432.81,Platinum
14473,74,2,234.34,2,3,1,231,Need Attention,0,❄️  Inactive / Lost,0.9982,1.28,117.17,1091.2,Silver
14474,46,1,547.66,3,1,3,313,Need Attention,1,🟢 Promising Mid-Tier,1.0,0.41,547.66,224.34,Bronze
14475,72,3,925.85,3,3,3,333,Loyal Customers,3,🟢 Promising Mid-Tier,0.9994,2.16,308.62,4457.61,Gold
14476,257,1,215.7,1,1,1,111,Hibernating,0,❄️  Inactive / Lost,1.0,0.41,215.7,88.36,Bronze
14477,20,4,1309.6,4,4,4,444,Champions,3,🟢 Promising Mid-Tier,0.9997,3.04,327.4,6594.47,Gold
14479,254,2,316.25,1,3,2,132,Need Attention,0,❄️  Inactive / Lost,0.9948,1.28,158.12,1431.66,Silver
14480,11,1,279.05,5,1,2,512,New Customers,1,🟢 Promising Mid-Tier,1.0,0.41,279.05,114.31,Bronze
14481,165,2,636.51,2,3,3,233,At Risk,0,❄️  Inactive / Lost,0.9972,1.28,318.26,2784.62,Silver
14482,18,6,2068.15,4,5,5,455,Champions,3,🟢 Promising Mid-Tier,0.9998,4.79,344.69,10883.55,Platinum
14483,282,1,137.1,1,1,1,111,Hibernating,0,❄️  Inactive / Lost,1.0,0.41,137.1,56.16,Bronze
14484,50,1,321.92,3,1,2,312,Promising,0,❄️  Inactive / Lost,1.0,0.41,321.92,131.87,Bronze
14485,39,1,165.75,3,1,1,311,Promising,0,❄️  Inactive / Lost,1.0,0.41,165.75,67.9,Bronze
14487,27,6,1196.33,4,5,4,454,Champions,3,🟢 Promising Mid-Tier,0.9998,4.79,199.39,6327.72,Gold
14488,68,1,1064.28,3,1,4,314,Need Attention,0,❄️  Inactive / Lost,1.0,0.41,1064.28,435.96,Bronze
14489,207,1,463.38,1,1,2,112,Hibernating,0,❄️  Inactive / Lost,1.0,0.41,463.38,189.81,Bronze
14491,175,2,340.93,2,3,2,232,Need Attention,0,❄️  Inactive / Lost,0.9971,1.28,170.46,1538.95,Silver
14493,7,5,2383.24,5,4,5,545,Champions,2,🏆 High Value Active,0.9998,3.91,476.65,12291.96,Platinum
14494,26,1,139.56,4,1,1,411,New Customers,1,🟢 Promising Mid-Tier,1.0,0.41,139.56,57.17,Bronze
14495,51,2,123.8,3,3,1,331,Potential Loyalists,0,❄️  Inactive / Lost,0.9984,1.28,61.9,625.07,Silver
14496,312,2,538.81,1,3,3,133,At Risk,0,❄️  Inactive / Lost,0.99,1.27,269.4,2355.82,Silver
14497,309,1,475.37,1,1,2,112,Hibernating,0,❄️  Inactive / Lost,1.0,0.41,475.37,194.72,Bronze
14498,43,5,1957.32,3,4,4,344,Loyal Customers,3,🟢 Promising Mid-Tier,0.9997,3.91,391.46,10108.24,Platinum
14499,26,3,815.32,4,3,3,433,Loyal Customers,3,🟢 Promising Mid-Tier,0.9995,2.16,271.77,3936.42,Gold
14500,88,3,356.85,2,3,2,232,Need Attention,0,❄️  Inactive / Lost,0.9993,2.16,118.95,1771.01,Silver
14501,184,2,251.21,1,3,2,132,Need Attention,0,❄️  Inactive / Lost,0.9969,1.28,125.6,1160.79,Silver
14502,20,11,2467.63,4,5,5,455,Champions,2,🏆 High Value Active,0.9999,9.17,224.33,13532.75,Platinum
14503,3,6,3543.26,5,5,5,555,Champions,2,🏆 High Value Active,0.9999,4.79,590.54,18592.29,Platinum
14504,47,4,673.26,3,4,3,343,Loyal Customers,3,🟢 Promising Mid-Tier,0.9996,3.04,168.32,3429.2,Gold
14505,17,8,5905.64,4,5,5,455,Champions,2,🏆 High Value Active,0.9999,6.54,738.2,31678.25,Platinum
14506,17,5,2012.17,4,4,4,444,Champions,3,🟢 Promising Mid-Tier,0.9998,3.91,402.43,10390.05,Platinum
14507,24,6,1383.18,4,5,4,454,Champions,3,🟢 Promising Mid-Tier,0.9998,4.79,230.53,7304.14,Gold
14508,22,2,276.42,4,3,2,432,Need Attention,1,🟢 Promising Mid-Tier,0.9986,1.28,138.21,1269.1,Silver
14511,11,5,1314.81,5,4,4,544,Champions,3,🟢 Promising Mid-Tier,0.9998,3.91,262.96,6816.31,Gold
14512,188,2,275.28,1,3,2,132,Need Attention,0,❄️  Inactive / Lost,0.9968,1.28,137.64,1262.07,Silver
14513,101,3,455.59,2,3,2,232,Need Attention,0,❄️  Inactive / Lost,0.9992,2.16,151.86,2236.99,Silver
14514,61,3,1055.35,3,3,4,334,Loyal Customers,3,🟢 Promising Mid-Tier,0.9994,2.16,351.78,5069.27,Gold
14515,18,6,2102.09,4,5,5,455,Champions,3,🟢 Promising Mid-Tier,0.9998,4.79,350.35,11060.9,Platinum
14517,33,2,330.45,4,3,2,432,Need Attention,1,🟢 Promising Mid-Tier,0.9985,1.28,165.22,1496.97,Silver
14518,64,1,174.37,3,1,1,311,Promising,0,❄️  Inactive / Lost,1.0,0.41,174.37,71.43,Bronze
14520,2,2,270.6,5,3,2,532,Need Attention,1,🟢 Promising Mid-Tier,0.9987,1.28,135.3,1244.67,Silver
14522,24,4,974.54,4,4,4,444,Champions,3,🟢 Promising Mid-Tier,0.9997,3.04,243.64,4927.91,Gold
14523,108,1,241.09,2,1,1,211,Hibernating,0,❄️  Inactive / Lost,1.0,0.41,241.09,98.76,Bronze
14524,32,9,1867.68,4,5,4,454,Champions,3,🟢 Promising Mid-Tier,0.9998,7.42,207.52,10146.74,Platinum
14525,20,9,4332.2,4,5,5,455,Champions,2,🏆 High Value Active,0.9999,7.42,481.36,23439.22,Platinum
14527,3,55,8507.82,5,5,5,555,Champions,2,🏆 High Value Active,1.0,47.71,154.69,48349.34,Platinum
14528,37,1,364.22,3,1,2,312,Promising,1,🟢 Promising Mid-Tier,1.0,0.41,364.22,149.19,Bronze
14529,60,3,620.04,3,3,3,333,Loyal Customers,3,🟢 Promising Mid-Tier,0.9994,2.16,206.68,3013.92,Gold
14530,26,6,2925.91,4,5,5,455,Champions,3,🟢 Promising Mid-Tier,0.9998,4.79,487.65,15365.48,Platinum
14532,236,4,932.85,1,4,4,144,At Risk,3,🟢 Promising Mid-Tier,0.9958,3.02,233.21,4701.91,Gold
14533,25,7,1949.72,4,5,4,454,Champions,3,🟢 Promising Mid-Tier,0.9998,5.66,278.53,10403.71,Platinum
14534,3,18,4445.4,5,5,5,555,Champions,2,🏆 High Value Active,1.0,15.3,246.97,24795.26,Platinum
14535,60,3,2864.19,3,3,5,335,Loyal Customers,3,🟢 Promising Mid-Tier,0.9994,2.16,954.73,13609.95,Platinum
14536,260,1,171.8,1,1,1,111,Hibernating,0,❄️  Inactive / Lost,1.0,0.41,171.8,70.37,Bronze
14537,58,1,355.56,3,1,2,312,Promising,0,❄️  Inactive / Lost,1.0,0.41,355.56,145.65,Bronze
14538,65,2,388.25,3,3,2,332,Potential Loyalists,0,❄️  Inactive / Lost,0.9983,1.28,194.12,1740.46,Silver
14539,16,2,537.48,4,3,3,433,Loyal Customers,1,🟢 Promising Mid-Tier,0.9986,1.28,268.74,2370.61,Silver
14540,10,3,996.26,5,3,4,534,Loyal Customers,1,🟢 Promising Mid-Tier,0.9996,2.16,332.09,4791.07,Gold
14541,59,8,1461.65,3,5,4,354,Loyal Customers,3,🟢 Promising Mid-Tier,0.9997,6.54,182.71,7895.26,Gold
14542,186,1,103.25,1,1,1,111,Hibernating,0,❄️  Inactive / Lost,1.0,0.41,103.25,42.29,Bronze
14543,29,16,3590.68,4,5,5,455,Champions,2,🏆 High Value Active,0.9999,13.55,224.42,19964.97,Platinum
14544,24,2,2024.45,4,3,4,434,Loyal Customers,3,🟢 Promising Mid-Tier,0.9986,1.28,1012.22,8644.11,Gold
14546,5,5,2578.09,5,4,5,545,Champions,2,🏆 High Value Active,0.9998,3.91,515.62,13290.6,Platinum
14547,4,8,4007.54,5,5,5,555,Champions,2,🏆 High Value Active,0.9999,6.54,500.94,21521.23,Platinum
14548,151,2,652.8,2,3,3,233,At Risk,0,❄️  Inactive / Lost,0.9974,1.28,326.4,2853.86,Silver
14549,311,1,289.24,1,1,2,112,Hibernating,0,❄️  Inactive / Lost,1.0,0.41,289.24,118.48,Bronze
14550,11,2,765.62,5,3,3,533,Loyal Customers,1,🟢 Promising Mid-Tier,0.9986,1.28,382.81,3333.27,Gold
14551,18,2,186.23,4,3,1,431,Need Attention,1,🟢 Promising Mid-Tier,0.9986,1.28,93.12,888.6,Silver
14552,152,1,165.07,2,1,1,211,Hibernating,0,❄️  Inactive / Lost,1.0,0.41,165.07,67.62,Bronze
14553,19,5,859.27,4,4,3,443,Loyal Customers,3,🟢 Promising Mid-Tier,0.9998,3.91,171.85,4481.65,Gold
14554,10,4,2381.04,5,4,5,545,Champions,3,🟢 Promising Mid-Tier,0.9997,3.04,595.26,11923.82,Platinum
14555,57,2,324.14,3,3,2,332,Potential Loyalists,0,❄️  Inactive / Lost,0.9984,1.28,162.07,1470.13,Silver
14557,85,1,788.38,2,1,3,213,Need Attention,0,❄️  Inactive / Lost,1.0,0.41,788.38,322.94,Bronze
14560,7,22,2237.77,5,5,5,555,Champions,2,🏆 High Value Active,1.0,18.8,101.72,12585.24,Platinum
14561,76,3,1080.76,2,3,4,234,At Risk,3,🟢 Promising Mid-Tier,0.9993,2.16,360.25,5188.9,Gold
14562,4,18,5074.77,5,5,5,555,Champions,2,🏆 High Value Active,1.0,15.3,281.93,28295.51,Platinum
14565,96,4,3099.12,2,4,5,245,At Risk,3,🟢 Promising Mid-Tier,0.9994,3.04,774.78,15490.41,Platinum
14566,111,1,1432.0,2,1,4,214,Can't Lose Them,0,❄️  Inactive / Lost,1.0,0.41,1432.0,586.59,Silver
14567,57,2,1530.36,3,3,4,334,Loyal Customers,3,🟢 Promising Mid-Tier,0.9984,1.28,765.18,6558.22,Gold
14569,1,1,227.39,5,1,1,511,New Customers,1,🟢 Promising Mid-Tier,1.0,0.41,227.39,93.15,Bronze
14570,281,2,217.21,1,3,1,131,Need Attention,0,❄️  Inactive / Lost,0.9932,1.28,108.6,1013.77,Silver
14572,3,7,2832.84,5,5,5,555,Champions,2,🏆 High Value Active,0.9999,5.66,404.69,15082.63,Platinum
14573,180,9,1653.42,1,5,4,154,At Risk,3,🟢 Promising Mid-Tier,0.9909,7.35,183.71,8910.28,Gold
14576,372,1,35.4,1,1,1,111,Hibernating,0,❄️  Inactive / Lost,1.0,0.41,35.4,14.5,Bronze
14577,13,4,859.71,5,4,3,543,Loyal Customers,1,🟢 Promising Mid-Tier,0.9997,3.04,214.93,4356.9,Gold
14578,3,1,168.63,5,1,1,511,New Customers,1,🟢 Promising Mid-Tier,1.0,0.41,168.63,69.08,Bronze
14581,17,1,138.6,4,1,1,411,New Customers,1,🟢 Promising Mid-Tier,1.0,0.41,138.6,56.77,Bronze
14582,41,1,114.11,3,1,1,311,Promising,0,❄️  Inactive / Lost,1.0,0.41,114.11,46.74,Bronze
14583,6,5,1052.55,5,4,4,544,Champions,1,🟢 Promising Mid-Tier,0.9998,3.91,210.51,5472.32,Gold
14584,169,4,1042.26,2,4,4,244,At Risk,3,🟢 Promising Mid-Tier,0.9986,3.03,260.56,5258.76,Gold
14585,50,1,157.05,3,1,1,311,Promising,0,❄️  Inactive / Lost,1.0,0.41,157.05,64.33,Bronze
14586,277,1,237.36,1,1,1,111,Hibernating,0,❄️  Inactive / Lost,1.0,0.41,237.36,97.23,Bronze
14587,19,9,1601.14,4,5,4,454,Champions,2,🏆 High Value Active,0.9999,7.42,177.9,8709.56,Gold
14589,372,1,39.75,1,1,1,111,Hibernating,0,❄️  Inactive / Lost,1.0,0.41,39.75,16.28,Bronze
14591,15,4,1447.14,4,4,4,444,Champions,3,🟢 Promising Mid-Tier,0.9997,3.04,361.78,7278.64,Gold
14592,35,3,570.46,3,3,3,333,Loyal Customers,3,🟢 Promising Mid-Tier,0.9995,2.16,190.15,2780.08,Silver
14593,22,3,617.99,4,3,3,433,Loyal Customers,1,🟢 Promising Mid-Tier,0.9995,2.16,206.0,3004.63,Gold
14594,7,2,379.83,5,3,2,532,Need Attention,1,🟢 Promising Mid-Tier,0.9986,1.28,189.92,1705.53,Silver
14595,20,6,1740.6,4,5,4,454,Champions,3,🟢 Promising Mid-Tier,0.9998,4.79,290.1,9171.9,Gold
14597,11,2,883.15,5,3,3,533,Loyal Customers,1,🟢 Promising Mid-Tier,0.9986,1.28,441.58,3829.17,Gold
14598,44,1,221.97,3,1,1,311,Promising,0,❄️  Inactive / Lost,1.0,0.41,221.97,90.93,Bronze
14600,306,1,393.33,1,1,2,112,Hibernating,0,❄️  Inactive / Lost,1.0,0.41,393.33,161.12,Bronze
14601,11,1,213.96,5,1,1,511,New Customers,1,🟢 Promising Mid-Tier,1.0,0.41,213.96,87.64,Bronze
14603,275,1,660.0,1,1,3,113,Need Attention,0,❄️  Inactive / Lost,1.0,0.41,660.0,270.35,Bronze
14606,1,91,12021.65,5,5,5,555,Champions,2,🏆 High Value Active,1.0,79.25,132.11,68550.72,Platinum
14607,16,12,15021.5,4,5,5,455,Champions,2,🏆 High Value Active,0.9999,10.04,1251.79,82352.06,Platinum
14608,4,4,1785.15,5,4,4,544,Champions,2,🏆 High Value Active,0.9998,3.04,446.29,8960.06,Gold
14609,72,4,601.56,3,4,3,343,Loyal Customers,3,🟢 Promising Mid-Tier,0.9995,3.04,150.39,3072.31,Gold
14616,243,3,406.08,1,3,2,132,Need Attention,0,❄️  Inactive / Lost,0.9966,2.15,135.36,1997.95,Silver
14618,9,3,553.44,5,3,3,533,Loyal Customers,1,🟢 Promising Mid-Tier,0.9996,2.16,184.48,2699.91,Silver
14619,246,1,394.44,1,1,2,112,Hibernating,0,❄️  Inactive / Lost,1.0,0.41,394.44,161.57,Bronze
14620,206,2,412.78,1,3,2,132,Need Attention,0,❄️  Inactive / Lost,0.9964,1.28,206.39,1840.42,Silver
14621,1,5,1788.36,5,4,4,544,Champions,2,🏆 High Value Active,0.9998,3.91,357.67,9243.37,Gold
14622,185,1,320.58,1,1,2,112,Hibernating,0,❄️  Inactive / Lost,1.0,0.41,320.58,131.32,Bronze
14623,32,5,884.57,4,4,3,443,Loyal Customers,3,🟢 Promising Mid-Tier,0.9998,3.91,176.91,4611.16,Gold
14624,57,2,225.85,3,3,1,331,Potential Loyalists,0,❄️  Inactive / Lost,0.9984,1.28,112.92,1055.52,Silver
14625,196,2,899.63,1,3,3,133,At Risk,0,❄️  Inactive / Lost,0.9966,1.28,449.82,3890.96,Gold
14626,24,4,2791.27,4,4,5,445,Champions,3,🟢 Promising Mid-Tier,0.9997,3.04,697.82,13963.79,Platinum
14628,91,2,671.96,2,3,3,233,At Risk,0,❄️  Inactive / Lost,0.9981,1.28,335.98,2936.55,Silver
14629,4,2,959.01,5,3,4,534,Loyal Customers,1,🟢 Promising Mid-Tier,0.9987,1.28,479.5,4149.39,Gold
14631,51,3,1006.98,3,3,4,334,Loyal Customers,3,🟢 Promising Mid-Tier,0.9995,2.16,335.66,4841.08,Gold
14632,263,1,114.56,1,1,1,111,Hibernating,0,❄️  Inactive / Lost,1.0,0.41,114.56,46.93,Bronze
14633,266,1,344.9,1,1,2,112,Hibernating,0,❄️  Inactive / Lost,1.0,0.41,344.9,141.28,Bronze
14636,36,2,609.85,3,3,3,333,Loyal Customers,1,🟢 Promising Mid-Tier,0.9985,1.28,304.92,2675.66,Silver
14638,51,1,443.6,3,1,2,312,Promising,0,❄️  Inactive / Lost,1.0,0.41,443.6,181.71,Bronze
14639,52,6,2984.49,3,5,5,355,Loyal Customers,3,🟢 Promising Mid-Tier,0.9997,4.79,497.42,15670.27,Platinum
14640,24,6,2125.08,4,5,5,455,Champions,3,🟢 Promising Mid-Tier,0.9998,4.79,354.18,11180.88,Platinum
14641,22,1,110.46,4,1,1,411,New Customers,1,🟢 Promising Mid-Tier,1.0,0.41,110.46,45.25,Bronze
14642,59,1,96.12,3,1,1,311,Promising,0,❄️  Inactive / Lost,1.0,0.41,96.12,39.37,Bronze
14643,170,2,693.81,2,3,3,233,At Risk,0,❄️  Inactive / Lost,0.9971,1.28,346.9,3025.8,Gold
14644,68,2,830.76,3,3,3,333,Loyal Customers,3,🟢 Promising Mid-Tier,0.9983,1.28,415.38,3606.88,Gold
14645,157,2,597.09,2,3,3,233,At Risk,0,❄️  Inactive / Lost,0.9974,1.28,298.54,2618.85,Silver
14646,2,72,279138.02,5,5,5,555,Champions,2,🏆 High Value Active,1.0,62.6,3876.92,1587708.98,Platinum
14647,201,1,243.22,1,1,1,111,Hibernating,0,❄️  Inactive / Lost,1.0,0.41,243.22,99.63,Bronze
14649,5,4,1417.29,5,4,4,544,Champions,1,🟢 Promising Mid-Tier,0.9998,3.04,354.32,7130.33,Gold
14651,67,2,654.6,3,3,3,333,Loyal Customers,3,🟢 Promising Mid-Tier,0.9983,1.28,327.3,2863.88,Silver
14652,77,1,114.18,2,1,1,211,Hibernating,0,❄️  Inactive / Lost,1.0,0.41,114.18,46.77,Bronze
14653,1,7,1937.6,5,5,4,554,Champions,2,🏆 High Value Active,0.9999,5.66,276.8,10340.03,Platinum
14655,8,4,1932.23,5,4,4,544,Champions,3,🟢 Promising Mid-Tier,0.9997,3.04,483.06,9691.54,Gold
14656,169,2,291.05,2,3,2,232,Need Attention,0,❄️  Inactive / Lost,0.9972,1.28,145.52,1328.95,Silver
14657,18,4,848.22,4,4,3,443,Loyal Customers,3,🟢 Promising Mid-Tier,0.9997,3.04,212.06,4299.7,Gold
14658,5,2,247.15,5,3,1,531,Need Attention,1,🟢 Promising Mid-Tier,0.9987,1.28,123.58,1145.71,Silver
14659,9,9,2529.93,5,5,5,555,Champions,2,🏆 High Value Active,0.9999,7.42,281.1,13719.2,Platinum
14660,87,2,285.74,2,3,2,232,Need Attention,0,❄️  Inactive / Lost,0.9981,1.28,142.87,1307.85,Silver
14661,27,1,107.95,4,1,1,411,New Customers,1,🟢 Promising Mid-Tier,1.0,0.41,107.95,44.22,Bronze
14662,29,4,771.17,4,4,3,443,Loyal Customers,3,🟢 Promising Mid-Tier,0.9997,3.04,192.79,3916.36,Gold
14664,20,2,637.89,4,3,3,433,Loyal Customers,1,🟢 Promising Mid-Tier,0.9986,1.28,318.94,2794.21,Silver
14665,61,5,1835.7,3,4,4,344,Loyal Customers,3,🟢 Promising Mid-Tier,0.9997,3.91,367.14,9484.38,Gold
14666,24,1,179.95,4,1,1,411,New Customers,1,🟢 Promising Mid-Tier,1.0,0.41,179.95,73.71,Bronze
14667,11,25,9236.95,5,5,5,555,Champions,2,🏆 High Value Active,1.0,21.43,369.48,51877.04,Platinum
14669,242,3,1269.99,1,3,4,134,At Risk,3,🟢 Promising Mid-Tier,0.9966,2.15,423.33,6065.63,Gold
14670,280,2,411.53,1,3,2,132,Need Attention,0,❄️  Inactive / Lost,0.9932,1.28,205.76,1829.32,Silver
14672,235,2,765.55,1,3,3,133,At Risk,0,❄️  Inactive / Lost,0.9955,1.28,382.78,3322.67,Gold
14673,3,5,1736.4,5,4,4,544,Champions,2,🏆 High Value Active,0.9998,3.91,347.28,8977.04,Gold
14675,16,1,604.75,4,1,3,413,New Customers,1,🟢 Promising Mid-Tier,1.0,0.41,604.75,247.72,Bronze
14676,31,6,2548.24,4,5,5,455,Champions,3,🟢 Promising Mid-Tier,0.9998,4.79,424.71,13391.82,Platinum
14680,25,16,28754.11,4,5,5,455,Champions,2,🏆 High Value Active,0.9999,13.55,1797.13,159377.21,Platinum
14681,71,3,498.95,3,3,3,333,Loyal Customers,3,🟢 Promising Mid-Tier,0.9994,2.16,166.32,2442.07,Silver
14682,188,2,52.0,1,3,1,131,Need Attention,0,❄️  Inactive / Lost,0.9968,1.28,26.0,321.68,Bronze
14684,26,5,1236.28,4,4,4,444,Champions,3,🟢 Promising Mid-Tier,0.9998,3.91,247.26,6413.63,Gold
14687,107,1,628.38,2,1,3,213,Need Attention,0,❄️  Inactive / Lost,1.0,0.41,628.38,257.4,Bronze
14688,8,21,5630.87,5,5,5,555,Champions,2,🏆 High Value Active,1.0,17.93,268.14,31522.94,Platinum
14689,209,1,112.8,1,1,1,111,Hibernating,0,❄️  Inactive / Lost,1.0,0.41,112.8,46.21,Bronze
14690,44,2,371.7,3,3,2,332,Potential Loyalists,1,🟢 Promising Mid-Tier,0.9984,1.28,185.85,1670.88,Silver
14691,31,5,2114.33,4,4,5,445,Champions,3,🟢 Promising Mid-Tier,0.9998,3.91,422.87,10913.22,Platinum
14692,137,4,591.55,2,4,3,243,At Risk,3,🟢 Promising Mid-Tier,0.9991,3.03,147.89,3021.08,Gold
14693,265,1,172.9,1,1,1,111,Hibernating,0,❄️  Inactive / Lost,1.0,0.41,172.9,70.82,Bronze
14696,4,7,2078.95,5,5,5,555,Champions,2,🏆 High Value Active,0.9999,5.66,296.99,11088.79,Platinum
14697,218,2,188.61,1,3,1,131,Need Attention,0,❄️  Inactive / Lost,0.9961,1.28,94.3,896.39,Silver
14698,2,5,1250.76,5,4,4,544,Champions,2,🏆 High Value Active,0.9998,3.91,250.15,6488.17,Gold
14699,214,1,109.13,1,1,1,111,Hibernating,0,❄️  Inactive / Lost,1.0,0.41,109.13,44.7,Bronze
14700,32,3,2235.3,4,3,5,435,Loyal Customers,3,🟢 Promising Mid-Tier,0.9995,2.16,745.1,10641.62,Platinum
14701,11,9,2549.37,5,5,5,555,Champions,2,🏆 High Value Active,0.9999,7.42,283.26,13823.99,Platinum
14702,1,17,3292.14,5,5,5,555,Champions,2,🏆 High Value Active,1.0,14.42,193.66,18348.94,Platinum
14703,15,1,318.17,4,1,2,412,New Customers,1,🟢 Promising Mid-Tier,1.0,0.41,318.17,130.33,Bronze
14704,11,9,1544.57,5,5,4,554,Champions,2,🏆 High Value Active,0.9999,7.42,171.62,8404.6,Gold
14705,199,1,179.0,1,1,1,111,Hibernating,0,❄️  Inactive / Lost,1.0,0.41,179.0,73.32,Bronze
14708,3,3,1126.37,5,3,4,534,Loyal Customers,1,🟢 Promising Mid-Tier,0.9996,2.16,375.46,5405.59,Gold
14709,15,13,4921.04,4,5,5,455,Champions,2,🏆 High Value Active,0.9999,10.92,378.54,27122.69,Platinum
14710,14,4,606.13,4,4,3,443,Loyal Customers,1,🟢 Promising Mid-Tier,0.9997,3.04,151.53,3095.62,Gold
14711,10,11,2868.8,5,5,5,555,Champions,2,🏆 High Value Active,0.9999,9.17,260.8,15721.28,Platinum
14712,29,3,917.07,4,3,3,433,Loyal Customers,3,🟢 Promising Mid-Tier,0.9995,2.16,305.69,4416.87,Gold
14713,9,11,2666.36,5,5,5,555,Champions,2,🏆 High Value Active,0.9999,9.17,242.4,14617.08,Platinum
14714,24,1,160.19,4,1,1,411,New Customers,1,🟢 Promising Mid-Tier,1.0,0.41,160.19,65.62,Bronze
14715,25,4,867.38,4,4,3,443,Loyal Customers,3,🟢 Promising Mid-Tier,0.9997,3.04,216.84,4394.92,Gold
14716,43,2,329.68,3,3,2,332,Potential Loyalists,1,🟢 Promising Mid-Tier,0.9984,1.28,164.84,1493.63,Silver
14719,2,5,1602.13,5,4,4,544,Champions,2,🏆 High Value Active,0.9998,3.91,320.43,8288.93,Gold
14720,6,3,663.81,5,3,3,533,Loyal Customers,1,🟢 Promising Mid-Tier,0.9996,2.16,221.27,3221.14,Gold
14722,147,1,187.92,2,1,1,211,Hibernating,0,❄️  Inactive / Lost,1.0,0.41,187.92,76.98,Bronze
14723,10,6,1156.6,5,5,4,554,Champions,2,🏆 High Value Active,0.9999,4.79,192.77,6120.35,Gold
14725,25,1,718.08,4,1,3,413,New Customers,1,🟢 Promising Mid-Tier,1.0,0.41,718.08,294.15,Bronze
14727,274,1,268.58,1,1,2,112,Hibernating,0,❄️  Inactive / Lost,1.0,0.41,268.58,110.02,Bronze
14729,374,1,313.49,1,1,2,112,Hibernating,0,❄️  Inactive / Lost,1.0,0.41,313.49,128.41,Bronze
14730,1,8,2005.06,5,5,4,554,Champions,2,🏆 High Value Active,0.9999,6.54,250.63,10804.85,Platinum
14731,47,3,380.02,3,3,2,332,Potential Loyalists,1,🟢 Promising Mid-Tier,0.9995,2.16,126.67,1880.73,Silver
14732,8,8,2702.49,5,5,5,555,Champions,2,🏆 High Value Active,0.9999,6.54,337.81,14537.04,Platinum
14733,16,12,9585.91,4,5,5,455,Champions,2,🏆 High Value Active,0.9999,10.04,798.83,52578.99,Platinum
14735,4,31,6050.69,5,5,5,555,Champions,2,🏆 High Value Active,1.0,26.69,195.18,34148.74,Platinum
14737,4,3,1164.55,5,3,4,534,Loyal Customers,1,🟢 Promising Mid-Tier,0.9996,2.16,388.18,5585.88,Gold
14738,43,7,1314.45,3,5,4,354,Loyal Customers,3,🟢 Promising Mid-Tier,0.9998,5.66,187.78,7038.06,Gold
14739,4,7,3902.28,5,5,5,555,Champions,2,🏆 High Value Active,0.9999,5.66,557.47,20748.07,Platinum
14740,197,3,1448.21,1,3,4,134,At Risk,3,🟢 Promising Mid-Tier,0.9981,2.16,482.74,6914.9,Gold
14741,12,6,1400.34,5,5,4,554,Champions,3,🟢 Promising Mid-Tier,0.9998,4.79,233.39,7394.0,Gold
14744,16,7,1099.98,4,5,4,454,Champions,3,🟢 Promising Mid-Tier,0.9999,5.66,157.14,5902.46,Gold
14745,113,5,1220.26,2,4,4,244,At Risk,3,🟢 Promising Mid-Tier,0.9993,3.91,244.05,6328.62,Gold
14747,249,1,328.2,1,1,2,112,Hibernating,0,❄️  Inactive / Lost,1.0,0.41,328.2,134.44,Bronze
14748,29,5,1415.75,4,4,4,444,Champions,3,🟢 Promising Mid-Tier,0.9998,3.91,283.15,7333.3,Gold
14752,44,1,389.64,3,1,2,312,Promising,1,🟢 Promising Mid-Tier,1.0,0.41,389.64,159.61,Bronze
14753,87,1,563.15,2,1,3,213,Need Attention,0,❄️  Inactive / Lost,1.0,0.41,563.15,230.68,Bronze
14754,45,2,638.05,3,3,3,333,Loyal Customers,1,🟢 Promising Mid-Tier,0.9984,1.28,319.02,2794.48,Silver
14755,10,11,5010.28,5,5,5,555,Champions,2,🏆 High Value Active,0.9999,9.17,455.48,27402.19,Platinum
14756,15,1,738.96,4,1,3,413,New Customers,1,🟢 Promising Mid-Tier,1.0,0.41,738.96,302.7,Bronze
14757,75,1,420.5,2,1,2,212,Hibernating,0,❄️  Inactive / Lost,1.0,0.41,420.5,172.25,Bronze
14758,145,4,1484.06,2,4,4,244,At Risk,3,🟢 Promising Mid-Tier,0.999,3.03,371.02,7456.56,Gold
14759,5,3,1625.97,5,3,4,534,Loyal Customers,1,🟢 Promising Mid-Tier,0.9996,2.16,541.99,7764.89,Gold
14760,297,1,89.2,1,1,1,111,Hibernating,0,❄️  Inactive / Lost,1.0,0.41,89.2,36.54,Bronze
14761,59,2,255.9,3,3,2,332,Potential Loyalists,0,❄️  Inactive / Lost,0.9983,1.28,127.95,1182.26,Silver
14762,264,1,300.52,1,1,2,112,Hibernating,0,❄️  Inactive / Lost,1.0,0.41,300.52,123.1,Bronze
14764,47,1,278.3,3,1,2,312,Promising,0,❄️  Inactive / Lost,1.0,0.41,278.3,114.0,Bronze
14765,29,3,254.11,4,3,2,432,Need Attention,1,🟢 Promising Mid-Tier,0.9995,2.16,84.7,1286.28,Silver
14766,8,6,2473.37,5,5,5,555,Champions,2,🏆 High Value Active,0.9999,4.79,412.23,13001.3,Platinum
14768,17,2,192.6,4,3,1,431,Need Attention,1,🟢 Promising Mid-Tier,0.9986,1.28,96.3,915.48,Silver
14769,3,8,10673.1,5,5,5,555,Champions,2,🏆 High Value Active,0.9999,6.54,1334.14,57192.62,Platinum
14770,232,2,876.42,1,3,3,133,At Risk,0,❄️  Inactive / Lost,0.9956,1.28,438.21,3789.42,Gold
14772,112,1,139.26,2,1,1,211,Hibernating,0,❄️  Inactive / Lost,1.0,0.41,139.26,57.04,Bronze
14775,58,3,1011.9,3,3,4,334,Loyal Customers,3,🟢 Promising Mid-Tier,0.9994,2.16,337.3,4864.18,Gold
14776,51,11,2538.3,3,5,5,355,Loyal Customers,2,🏆 High Value Active,0.9998,9.17,230.75,13916.32,Platinum
14778,127,2,730.86,2,3,3,233,At Risk,0,❄️  Inactive / Lost,0.9977,1.28,365.43,3183.8,Gold
14779,281,3,386.15,1,3,2,132,Need Attention,0,❄️  Inactive / Lost,0.9937,2.15,128.72,1898.63,Silver
14780,55,2,447.68,3,3,2,332,Potential Loyalists,1,🟢 Promising Mid-Tier,0.9984,1.28,223.84,1991.27,Silver
14782,320,1,200.1,1,1,1,111,Hibernating,0,❄️  Inactive / Lost,1.0,0.41,200.1,81.97,Bronze
14784,26,2,289.99,4,3,2,432,Need Attention,1,🟢 Promising Mid-Tier,0.9985,1.28,145.0,1326.32,Silver
14785,10,2,77.4,5,3,1,531,Need Attention,1,🟢 Promising Mid-Tier,0.9986,1.28,38.7,429.44,Bronze
14788,7,2,679.44,5,3,3,533,Loyal Customers,1,🟢 Promising Mid-Tier,0.9986,1.28,339.72,2969.71,Silver
14789,29,1,197.64,4,1,1,411,New Customers,1,🟢 Promising Mid-Tier,1.0,0.41,197.64,80.96,Bronze
14790,17,4,745.06,4,4,3,443,Loyal Customers,1,🟢 Promising Mid-Tier,0.9997,3.04,186.26,3786.61,Gold
14792,64,1,6.2,3,1,1,311,Promising,0,❄️  Inactive / Lost,1.0,0.41,6.2,2.54,Bronze
14793,21,1,228.99,4,1,1,411,New Customers,1,🟢 Promising Mid-Tier,1.0,0.41,228.99,93.8,Bronze
14794,3,7,1319.91,5,5,4,554,Champions,2,🏆 High Value Active,0.9999,5.66,188.56,7067.71,Gold
14795,166,1,131.45,2,1,1,211,Hibernating,0,❄️  Inactive / Lost,1.0,0.41,131.45,53.85,Bronze
14796,1,17,8020.93,5,5,5,555,Champions,2,🏆 High Value Active,1.0,14.42,471.82,44601.86,Platinum
14798,53,3,173.74,3,3,1,331,Potential Loyalists,0,❄️  Inactive / Lost,0.9994,2.16,57.91,906.69,Silver
14799,51,1,157.7,3,1,1,311,Promising,0,❄️  Inactive / Lost,1.0,0.41,157.7,64.6,Bronze
14800,48,12,4339.74,3,5,5,355,Loyal Customers,2,🏆 High Value Active,0.9998,10.04,361.64,23840.2,Platinum
14801,61,1,193.14,3,1,1,311,Promising,0,❄️  Inactive / Lost,1.0,0.41,193.14,79.12,Bronze
14803,162,3,845.55,2,3,3,233,At Risk,3,🟢 Promising Mid-Tier,0.9987,2.16,281.85,4075.61,Gold
14804,9,1,353.27,5,1,2,512,New Customers,1,🟢 Promising Mid-Tier,1.0,0.41,353.27,144.71,Bronze
14805,15,4,554.65,4,4,3,443,Loyal Customers,1,🟢 Promising Mid-Tier,0.9997,3.04,138.66,2839.56,Silver
14806,75,1,193.39,2,1,1,211,Hibernating,0,❄️  Inactive / Lost,1.0,0.41,193.39,79.22,Bronze
14808,40,8,2741.17,3,5,5,355,Loyal Customers,3,🟢 Promising Mid-Tier,0.9998,6.54,342.65,14742.78,Platinum
14810,41,11,2087.88,3,5,5,355,Loyal Customers,2,🏆 High Value Active,0.9998,9.17,189.81,11460.52,Platinum
14813,370,2,155.43,1,3,1,131,Need Attention,0,❄️  Inactive / Lost,0.9724,1.25,77.72,738.71,Silver
14815,37,2,778.5,3,3,3,333,Loyal Customers,1,🟢 Promising Mid-Tier,0.9985,1.28,389.25,3387.14,Gold
14816,197,1,271.85,1,1,2,112,Hibernating,0,❄️  Inactive / Lost,1.0,0.41,271.85,111.36,Bronze
14817,200,2,1110.34,1,3,4,134,At Risk,3,🟢 Promising Mid-Tier,0.9965,1.28,555.17,4777.82,Gold
14818,74,3,657.8,2,3,3,233,At Risk,3,🟢 Promising Mid-Tier,0.9994,2.16,219.27,3192.02,Gold
14819,64,2,272.07,3,3,2,332,Potential Loyalists,0,❄️  Inactive / Lost,0.9983,1.28,136.04,1250.42,Silver
14820,21,4,507.29,4,4,3,443,Loyal Customers,1,🟢 Promising Mid-Tier,0.9997,3.04,126.82,2603.97,Silver
14821,367,1,48.8,1,1,1,111,Hibernating,0,❄️  Inactive / Lost,1.0,0.41,48.8,19.99,Bronze
14823,180,3,321.43,1,3,2,132,Need Attention,0,❄️  Inactive / Lost,0.9984,2.16,107.14,1602.36,Silver
14824,10,4,1127.71,5,4,4,544,Champions,1,🟢 Promising Mid-Tier,0.9997,3.04,281.93,5689.92,Gold
14825,4,12,2226.91,5,5,5,555,Champions,2,🏆 High Value Active,0.9999,10.04,185.58,12270.88,Platinum
14828,197,3,2139.76,1,3,5,135,At Risk,3,🟢 Promising Mid-Tier,0.9981,2.16,713.25,10175.73,Platinum
14829,29,4,697.55,4,4,3,443,Loyal Customers,3,🟢 Promising Mid-Tier,0.9997,3.04,174.39,3550.2,Gold
14830,53,1,196.28,3,1,1,311,Promising,0,❄️  Inactive / Lost,1.0,0.41,196.28,80.4,Bronze
14834,18,6,1720.3,4,5,4,454,Champions,3,🟢 Promising Mid-Tier,0.9998,4.79,286.72,9065.86,Gold
14836,10,3,102.45,5,3,1,531,Need Attention,1,🟢 Promising Mid-Tier,0.9996,2.16,34.15,570.15,Silver
14837,90,4,1649.5,2,4,4,244,At Risk,3,🟢 Promising Mid-Tier,0.9995,3.04,412.38,8282.83,Gold
14840,268,1,62.85,1,1,1,111,Hibernating,0,❄️  Inactive / Lost,1.0,0.41,62.85,25.75,Bronze
14841,53,6,3295.76,3,5,5,355,Loyal Customers,3,🟢 Promising Mid-Tier,0.9997,4.79,549.29,17296.58,Platinum
14842,44,4,2824.69,3,4,5,345,Loyal Customers,3,🟢 Promising Mid-Tier,0.9997,3.04,706.17,14129.21,Platinum
14844,64,4,3189.81,3,4,5,345,Loyal Customers,3,🟢 Promising Mid-Tier,0.9996,3.04,797.45,15943.94,Platinum
14847,149,1,309.4,2,1,2,212,Hibernating,0,❄️  Inactive / Lost,1.0,0.41,309.4,126.74,Bronze
14849,22,25,7930.54,4,5,5,455,Champions,2,🏆 High Value Active,0.9999,21.43,317.22,44547.98,Platinum
14850,312,1,325.75,1,1,2,112,Hibernating,0,❄️  Inactive / Lost,1.0,0.41,325.75,133.44,Bronze
14851,23,2,511.35,4,3,3,433,Loyal Customers,1,🟢 Promising Mid-Tier,0.9986,1.28,255.68,2260.28,Silver
14852,58,6,2836.69,3,5,5,355,Loyal Customers,3,🟢 Promising Mid-Tier,0.9997,4.79,472.78,14897.65,Platinum
14853,24,2,475.8,4,3,2,432,Need Attention,1,🟢 Promising Mid-Tier,0.9986,1.28,237.9,2110.28,Silver
14854,78,7,2759.83,2,5,5,255,At Risk,3,🟢 Promising Mid-Tier,0.9996,5.66,394.26,14691.57,Platinum
14855,119,2,645.65,2,3,3,233,At Risk,0,❄️  Inactive / Lost,0.9978,1.28,322.82,2824.84,Silver
14856,36,3,1311.38,3,3,4,334,Loyal Customers,3,🟢 Promising Mid-Tier,0.9995,2.16,437.13,6278.71,Gold
14857,60,2,1173.12,3,3,4,334,Loyal Customers,3,🟢 Promising Mid-Tier,0.9983,1.28,586.56,5051.2,Gold
14859,13,4,1353.74,5,4,4,544,Champions,3,🟢 Promising Mid-Tier,0.9997,3.04,338.44,6814.12,Gold
14860,19,1,170.32,4,1,1,411,New Customers,1,🟢 Promising Mid-Tier,1.0,0.41,170.32,69.77,Bronze
14861,52,1,125.79,3,1,1,311,Promising,0,❄️  Inactive / Lost,1.0,0.41,125.79,51.53,Bronze
14862,26,2,841.2,4,3,3,433,Loyal Customers,1,🟢 Promising Mid-Tier,0.9985,1.28,420.6,3651.88,Gold
14863,29,1,266.76,4,1,2,412,New Customers,1,🟢 Promising Mid-Tier,1.0,0.41,266.76,109.27,Bronze
14865,7,2,52.2,5,3,1,531,Need Attention,1,🟢 Promising Mid-Tier,0.9986,1.28,26.1,323.12,Bronze
14866,11,11,14353.4,5,5,5,555,Champions,2,🏆 High Value Active,0.9999,9.17,1304.85,78364.97,Platinum
14867,186,3,710.28,1,3,3,133,At Risk,3,🟢 Promising Mid-Tier,0.9983,2.16,236.76,3436.12,Gold
14868,3,8,2953.59,5,5,5,555,Champions,2,🏆 High Value Active,0.9999,6.54,369.2,15880.96,Platinum
14869,9,2,725.7,5,3,3,533,Loyal Customers,1,🟢 Promising Mid-Tier,0.9986,1.28,362.85,3164.87,Gold
14870,262,1,327.25,1,1,2,112,Hibernating,0,❄️  Inactive / Lost,1.0,0.41,327.25,134.05,Bronze
14871,3,4,522.38,5,4,3,543,Loyal Customers,1,🟢 Promising Mid-Tier,0.9998,3.04,130.6,2679.13,Silver
14873,210,1,519.68,1,1,3,113,Need Attention,0,❄️  Inactive / Lost,1.0,0.41,519.68,212.88,Bronze
14875,108,2,1465.32,2,3,4,234,At Risk,3,🟢 Promising Mid-Tier,0.9979,1.28,732.66,6281.27,Gold
14878,13,9,1485.54,5,5,4,554,Champions,2,🏆 High Value Active,0.9999,7.42,165.06,8086.19,Gold
14880,77,3,706.19,2,3,3,233,At Risk,3,🟢 Promising Mid-Tier,0.9993,2.16,235.4,3420.43,Gold
14881,20,1,255.4,4,1,2,412,New Customers,1,🟢 Promising Mid-Tier,1.0,0.41,255.4,104.62,Bronze
14882,27,2,589.7,4,3,3,433,Loyal Customers,1,🟢 Promising Mid-Tier,0.9985,1.28,294.85,2590.79,Silver
14883,19,6,761.59,4,5,3,453,Loyal Customers,3,🟢 Promising Mid-Tier,0.9998,4.79,126.93,4056.11,Gold
14885,132,1,765.32,2,1,3,213,Need Attention,0,❄️  Inactive / Lost,1.0,0.41,765.32,313.5,Bronze
14886,253,1,364.8,1,1,2,112,Hibernating,0,❄️  Inactive / Lost,1.0,0.41,364.8,149.43,Bronze
14887,79,1,1862.0,2,1,4,214,Can't Lose Them,3,🟢 Promising Mid-Tier,1.0,0.41,1862.0,762.73,Silver
14888,207,1,369.2,1,1,2,112,Hibernating,0,❄️  Inactive / Lost,1.0,0.41,369.2,151.23,Bronze
14889,336,1,135.9,1,1,1,111,Hibernating,0,❄️  Inactive / Lost,1.0,0.41,135.9,55.67,Bronze
14890,254,1,125.65,1,1,1,111,Hibernating,0,❄️  Inactive / Lost,1.0,0.41,125.65,51.47,Bronze
14891,148,2,554.38,2,3,3,233,At Risk,0,❄️  Inactive / Lost,0.9975,1.28,277.19,2439.19,Silver
14893,10,2,1237.85,5,3,4,534,Loyal Customers,1,🟢 Promising Mid-Tier,0.9986,1.28,618.92,5325.79,Gold
14894,85,1,655.75,2,1,3,213,Need Attention,0,❄️  Inactive / Lost,1.0,0.41,655.75,268.61,Bronze
14895,8,20,11138.71,5,5,5,555,Champions,2,🏆 High Value Active,1.0,17.05,556.94,62207.08,Platinum
14896,205,2,468.77,1,3,2,132,Need Attention,0,❄️  Inactive / Lost,0.9964,1.28,234.38,2076.19,Silver
14897,8,4,1366.38,5,4,4,544,Champions,3,🟢 Promising Mid-Tier,0.9997,3.04,341.6,6877.07,Gold
14898,23,6,1303.52,4,5,4,454,Champions,3,🟢 Promising Mid-Tier,0.9998,4.79,217.25,6887.9,Gold
14901,11,9,1421.29,5,5,4,554,Champions,2,🏆 High Value Active,0.9999,7.42,157.92,7739.69,Gold
14902,26,1,332.66,4,1,2,412,New Customers,1,🟢 Promising Mid-Tier,1.0,0.41,332.66,136.27,Bronze
14903,21,5,2810.63,4,4,5,445,Champions,3,🟢 Promising Mid-Tier,0.9998,3.91,562.13,14481.86,Platinum
14904,2,2,1025.44,5,3,4,534,Loyal Customers,1,🟢 Promising Mid-Tier,0.9987,1.28,512.72,4429.73,Gold
14905,158,2,616.15,2,3,3,233,At Risk,0,❄️  Inactive / Lost,0.9973,1.28,308.08,2699.13,Silver
14907,3,7,3501.1,5,5,5,555,Champions,2,🏆 High Value Active,0.9999,5.66,500.16,18622.81,Platinum
14908,74,1,277.8,2,1,2,212,Hibernating,0,❄️  Inactive / Lost,1.0,0.41,277.8,113.79,Bronze
14910,3,4,434.35,5,4,2,542,Need Attention,1,🟢 Promising Mid-Tier,0.9998,3.04,108.59,2241.27,Silver
14911,1,199,140450.72,5,5,5,555,Champions,2,🏆 High Value Active,1.0,173.85,705.78,802672.35,Platinum
14912,17,2,867.85,4,3,3,433,Loyal Customers,1,🟢 Promising Mid-Tier,0.9986,1.28,433.92,3764.5,Gold
14913,36,4,1227.43,3,4,4,344,Loyal Customers,3,🟢 Promising Mid-Tier,0.9997,3.04,306.86,6185.51,Gold
14915,91,2,307.48,2,3,2,232,Need Attention,0,❄️  Inactive / Lost,0.9981,1.28,153.74,1399.49,Silver
14916,71,4,1268.98,3,4,4,344,Loyal Customers,3,🟢 Promising Mid-Tier,0.9996,3.04,317.24,6391.35,Gold
14918,116,2,1610.15,2,3,4,234,At Risk,3,🟢 Promising Mid-Tier,0.9979,1.28,805.08,6891.39,Gold
14920,213,2,977.77,1,3,4,134,At Risk,0,❄️  Inactive / Lost,0.9962,1.28,488.88,4218.24,Gold
14921,30,2,1316.07,4,3,4,434,Loyal Customers,3,🟢 Promising Mid-Tier,0.9985,1.28,658.04,5655.24,Gold
14923,51,1,749.1,3,1,3,313,Need Attention,1,🟢 Promising Mid-Tier,1.0,0.41,749.1,306.85,Bronze
14924,246,1,310.05,1,1,2,112,Hibernating,0,❄️  Inactive / Lost,1.0,0.41,310.05,127.01,Bronze
14929,32,1,223.88,4,1,1,411,New Customers,1,🟢 Promising Mid-Tier,1.0,0.41,223.88,91.71,Bronze
14930,109,3,2372.86,2,3,5,235,At Risk,3,🟢 Promising Mid-Tier,0.9992,2.16,790.95,11287.17,Platinum
14931,5,4,964.68,5,4,4,544,Champions,1,🟢 Promising Mid-Tier,0.9998,3.04,241.17,4879.08,Gold
14932,366,1,363.53,1,1,2,112,Hibernating,0,❄️  Inactive / Lost,1.0,0.41,363.53,148.91,Bronze
14934,82,2,1890.94,2,3,4,234,At Risk,3,🟢 Promising Mid-Tier,0.9982,1.28,945.47,8077.74,Gold
14935,297,1,1784.71,1,1,4,114,Can't Lose Them,0,❄️  Inactive / Lost,1.0,0.41,1784.71,731.07,Silver
14936,34,8,8137.02,3,5,5,355,Loyal Customers,2,🏆 High Value Active,0.9998,6.54,1017.13,43617.34,Platinum
14937,57,3,1621.88,3,3,4,334,Loyal Customers,3,🟢 Promising Mid-Tier,0.9994,2.16,540.63,7744.32,Gold
14944,30,12,5900.25,4,5,5,455,Champions,2,🏆 High Value Active,0.9999,10.04,491.69,32389.65,Platinum
14946,14,1,100.9,4,1,1,411,New Customers,1,🟢 Promising Mid-Tier,1.0,0.41,100.9,41.33,Bronze
14947,72,2,290.82,3,3,2,332,Potential Loyalists,0,❄️  Inactive / Lost,0.9983,1.28,145.41,1329.44,Silver
14948,23,6,1101.97,4,5,4,454,Champions,3,🟢 Promising Mid-Tier,0.9998,4.79,183.66,5834.71,Gold
14950,19,1,371.2,4,1,2,412,New Customers,1,🟢 Promising Mid-Tier,1.0,0.41,371.2,152.05,Bronze
14951,79,1,311.69,2,1,2,212,Hibernating,0,❄️  Inactive / Lost,1.0,0.41,311.69,127.68,Bronze
14952,60,11,8099.49,3,5,5,355,Loyal Customers,2,🏆 High Value Active,0.9997,9.17,736.32,44242.41,Platinum
14953,25,1,289.82,4,1,2,412,New Customers,1,🟢 Promising Mid-Tier,1.0,0.41,289.82,118.72,Bronze
14954,12,1,336.17,5,1,2,512,New Customers,1,🟢 Promising Mid-Tier,1.0,0.41,336.17,137.7,Bronze
14957,253,1,58.49,1,1,1,111,Hibernating,0,❄️  Inactive / Lost,1.0,0.41,58.49,23.96,Bronze
14958,147,3,499.68,2,3,3,233,At Risk,0,❄️  Inactive / Lost,0.9988,2.16,166.56,2444.21,Silver
14959,64,4,695.42,3,4,3,343,Loyal Customers,3,🟢 Promising Mid-Tier,0.9996,3.04,173.86,3539.19,Gold
14960,8,2,221.27,5,3,1,531,Need Attention,1,🟢 Promising Mid-Tier,0.9986,1.28,110.64,1036.49,Silver
14961,11,9,7044.68,5,5,5,555,Champions,2,🏆 High Value Active,0.9999,7.42,782.74,38069.45,Platinum
14962,271,1,126.7,1,1,1,111,Hibernating,0,❄️  Inactive / Lost,1.0,0.41,126.7,51.9,Bronze
14963,10,5,1487.8,5,4,4,544,Champions,3,🟢 Promising Mid-Tier,0.9998,3.91,297.56,7702.87,Gold
14964,247,1,206.21,1,1,1,111,Hibernating,0,❄️  Inactive / Lost,1.0,0.41,206.21,84.47,Bronze
14965,96,2,599.0,2,3,3,233,At Risk,0,❄️  Inactive / Lost,0.9981,1.28,299.5,2628.75,Silver
14966,15,1,191.32,4,1,1,411,New Customers,1,🟢 Promising Mid-Tier,1.0,0.41,191.32,78.37,Bronze
14967,50,1,463.8,3,1,2,312,Promising,0,❄️  Inactive / Lost,1.0,0.41,463.8,189.99,Bronze
14968,30,1,147.59,4,1,1,411,New Customers,1,🟢 Promising Mid-Tier,1.0,0.41,147.59,60.46,Bronze
14970,68,4,1592.06,3,4,4,344,Loyal Customers,3,🟢 Promising Mid-Tier,0.9996,3.04,398.02,7998.1,Gold
14971,35,3,1116.57,3,3,4,334,Loyal Customers,3,🟢 Promising Mid-Tier,0.9995,2.16,372.19,5358.83,Gold
14972,128,1,114.77,2,1,1,211,Hibernating,0,❄️  Inactive / Lost,1.0,0.41,114.77,47.01,Bronze
14973,107,3,1314.45,2,3,4,234,At Risk,3,🟢 Promising Mid-Tier,0.9992,2.16,438.15,6291.13,Gold
14974,37,1,114.39,3,1,1,311,Promising,0,❄️  Inactive / Lost,1.0,0.41,114.39,46.86,Bronze
14975,57,1,279.94,3,1,2,312,Promising,0,❄️  Inactive / Lost,1.0,0.41,279.94,114.67,Bronze
14976,57,6,774.86,3,5,3,353,Loyal Customers,3,🟢 Promising Mid-Tier,0.9997,4.79,129.14,4124.95,Gold
14978,72,5,1931.42,3,4,4,344,Loyal Customers,3,🟢 Promising Mid-Tier,0.9996,3.91,386.28,9974.35,Gold
14981,246,1,102.12,1,1,1,111,Hibernating,0,❄️  Inactive / Lost,1.0,0.41,102.12,41.83,Bronze
14984,19,2,213.27,4,3,1,431,Need Attention,1,🟢 Promising Mid-Tier,0.9986,1.28,106.64,1002.68,Silver
14985,198,2,296.75,1,3,2,132,Need Attention,0,❄️  Inactive / Lost,0.9966,1.28,148.38,1352.2,Silver
14987,16,2,326.4,4,3,2,432,Need Attention,1,🟢 Promising Mid-Tier,0.9986,1.28,163.2,1480.02,Silver
14988,212,1,334.54,1,1,2,112,Hibernating,0,❄️  Inactive / Lost,1.0,0.41,334.54,137.04,Bronze
14995,39,2,233.23,3,3,1,331,Potential Loyalists,1,🟢 Promising Mid-Tier,0.9985,1.28,116.62,1086.77,Silver
14997,46,3,546.2,3,3,3,333,Loyal Customers,3,🟢 Promising Mid-Tier,0.9995,2.16,182.07,2665.42,Silver
14998,170,2,429.87,2,3,2,232,Need Attention,0,❄️  Inactive / Lost,0.9971,1.28,214.94,1913.79,Silver
15000,48,1,490.52,3,1,3,313,Need Attention,1,🟢 Promising Mid-Tier,1.0,0.41,490.52,200.93,Bronze
15002,116,4,1641.76,2,4,4,244,At Risk,3,🟢 Promising Mid-Tier,0.9993,3.04,410.44,8242.85,Gold
15004,147,1,1245.93,2,1,4,214,Can't Lose Them,0,❄️  Inactive / Lost,1.0,0.41,1245.93,510.37,Silver
15005,16,28,6314.87,4,5,5,455,Champions,2,🏆 High Value Active,0.9999,24.06,225.53,35569.47,Platinum
15006,51,1,497.14,3,1,3,313,Need Attention,0,❄️  Inactive / Lost,1.0,0.41,497.14,203.64,Bronze
15007,159,1,156.91,2,1,1,211,Hibernating,0,❄️  Inactive / Lost,1.0,0.41,156.91,64.27,Bronze
15009,12,3,1261.78,5,3,4,534,Loyal Customers,1,🟢 Promising Mid-Tier,0.9996,2.16,420.59,6044.92,Gold
15010,36,1,308.94,3,1,2,312,Promising,1,🟢 Promising Mid-Tier,1.0,0.41,308.94,126.55,Bronze
15012,54,2,423.04,3,3,2,332,Potential Loyalists,1,🟢 Promising Mid-Tier,0.9984,1.28,211.52,1887.35,Silver
15014,43,2,260.17,3,3,2,332,Potential Loyalists,1,🟢 Promising Mid-Tier,0.9984,1.28,130.08,1200.4,Silver
15016,173,1,170.04,2,1,1,211,Hibernating,0,❄️  Inactive / Lost,1.0,0.41,170.04,69.65,Bronze
15017,34,1,125.58,3,1,1,311,Promising,1,🟢 Promising Mid-Tier,1.0,0.41,125.58,51.44,Bronze
15018,39,3,496.21,3,3,3,333,Loyal Customers,1,🟢 Promising Mid-Tier,0.9995,2.16,165.4,2429.43,Silver
15019,267,1,266.0,1,1,2,112,Hibernating,0,❄️  Inactive / Lost,1.0,0.41,266.0,108.96,Bronze
15021,9,9,1914.82,5,5,4,554,Champions,2,🏆 High Value Active,0.9999,7.42,212.76,10401.59,Platinum
15022,12,4,905.04,5,4,3,543,Loyal Customers,1,🟢 Promising Mid-Tier,0.9997,3.04,226.26,4582.37,Gold
15023,3,11,6783.86,5,5,5,555,Champions,2,🏆 High Value Active,0.9999,9.17,616.71,37076.82,Platinum
15024,10,10,1661.33,5,5,4,554,Champions,2,🏆 High Value Active,0.9999,8.29,166.13,9089.72,Gold
15025,33,1,377.01,4,1,2,412,New Customers,1,🟢 Promising Mid-Tier,1.0,0.41,377.01,154.43,Bronze
15026,80,3,464.2,2,3,2,232,Need Attention,3,🟢 Promising Mid-Tier,0.9993,2.16,154.73,2277.9,Silver
15027,31,4,1066.15,4,4,4,444,Champions,3,🟢 Promising Mid-Tier,0.9997,3.04,266.54,5383.45,Gold
15028,8,4,627.13,5,4,3,543,Loyal Customers,1,🟢 Promising Mid-Tier,0.9997,3.04,156.78,3200.12,Gold
15030,72,2,518.28,3,3,3,333,Loyal Customers,0,❄️  Inactive / Lost,0.9983,1.28,259.14,2288.81,Silver
15031,4,4,668.14,5,4,3,543,Loyal Customers,1,🟢 Promising Mid-Tier,0.9998,3.04,167.04,3404.12,Gold
15032,256,3,4959.1,1,3,5,135,At Risk,3,🟢 Promising Mid-Tier,0.9958,2.15,1653.03,23416.98,Platinum
15033,5,10,2583.37,5,5,5,555,Champions,2,🏆 High Value Active,0.9999,8.29,258.34,14093.86,Platinum
15034,16,8,4308.61,4,5,5,455,Champions,2,🏆 High Value Active,0.9999,6.54,538.58,23131.89,Platinum
15035,90,1,252.73,2,1,2,212,Hibernating,0,❄️  Inactive / Lost,1.0,0.41,252.73,103.53,Bronze
15036,72,3,465.55,3,3,2,332,Potential Loyalists,3,🟢 Promising Mid-Tier,0.9994,2.16,155.18,2284.36,Silver
15038,59,6,705.49,3,5,3,353,Loyal Customers,3,🟢 Promising Mid-Tier,0.9997,4.79,117.58,3762.47,Gold
15039,10,47,19914.44,5,5,5,555,Champions,2,🏆 High Value Active,1.0,40.7,423.71,112889.15,Platinum
15041,170,1,180.35,2,1,1,211,Hibernating,0,❄️  Inactive / Lost,1.0,0.41,180.35,73.88,Bronze
15042,199,1,135.93,1,1,1,111,Hibernating,0,❄️  Inactive / Lost,1.0,0.41,135.93,55.68,Bronze
15043,31,1,537.0,4,1,3,413,New Customers,1,🟢 Promising Mid-Tier,1.0,0.41,537.0,219.97,Bronze
15044,19,17,7700.23,4,5,5,455,Champions,2,🏆 High Value Active,0.9999,14.42,452.95,42819.66,Platinum
15045,152,2,735.66,2,3,3,233,At Risk,0,❄️  Inactive / Lost,0.9974,1.28,367.83,3203.01,Gold
15046,9,15,5194.82,5,5,5,555,Champions,2,🏆 High Value Active,0.9999,12.67,346.32,28788.74,Platinum
15047,270,1,343.62,1,1,2,112,Hibernating,0,❄️  Inactive / Lost,1.0,0.41,343.62,140.76,Bronze
15048,65,4,384.05,3,4,2,342,Potential Loyalists,3,🟢 Promising Mid-Tier,0.9996,3.04,96.01,1990.72,Silver
15049,274,1,121.17,1,1,1,111,Hibernating,0,❄️  Inactive / Lost,1.0,0.41,121.17,49.63,Bronze
15050,25,3,1782.09,4,3,4,434,Loyal Customers,3,🟢 Promising Mid-Tier,0.9995,2.16,594.03,8501.71,Gold
15051,23,3,1391.61,4,3,4,434,Loyal Customers,3,🟢 Promising Mid-Tier,0.9995,2.16,463.87,6657.82,Gold
15052,319,1,215.78,1,1,1,111,Hibernating,0,❄️  Inactive / Lost,1.0,0.41,215.78,88.39,Bronze
15053,5,3,697.79,5,3,3,533,Loyal Customers,1,🟢 Promising Mid-Tier,0.9996,2.16,232.6,3381.62,Gold
15054,12,2,302.1,5,3,2,532,Need Attention,1,🟢 Promising Mid-Tier,0.9986,1.28,151.05,1377.52,Silver
15057,275,2,1489.5,1,3,4,134,At Risk,3,🟢 Promising Mid-Tier,0.9936,1.28,744.75,6355.31,Gold
15058,25,11,2124.99,4,5,5,455,Champions,2,🏆 High Value Active,0.9999,9.17,193.18,11663.66,Platinum
15059,41,9,1337.72,3,5,4,354,Loyal Customers,3,🟢 Promising Mid-Tier,0.9998,7.42,148.64,7288.31,Gold
15060,8,4,301.84,5,4,2,542,Need Attention,1,🟢 Promising Mid-Tier,0.9997,3.04,75.46,1582.16,Silver
15061,4,48,54534.14,5,5,5,555,Champions,2,🏆 High Value Active,1.0,41.58,1136.13,309094.5,Platinum
15062,71,4,987.86,3,4,4,344,Loyal Customers,3,🟢 Promising Mid-Tier,0.9996,3.04,246.96,4993.36,Gold
15063,213,1,370.8,1,1,2,112,Hibernating,0,❄️  Inactive / Lost,1.0,0.41,370.8,151.89,Bronze
15065,38,4,3158.13,3,4,5,345,Loyal Customers,3,🟢 Promising Mid-Tier,0.9997,3.04,789.53,15787.84,Platinum
15066,53,1,893.59,3,1,3,313,Need Attention,1,🟢 Promising Mid-Tier,1.0,0.41,893.59,366.04,Bronze
15067,78,3,1744.76,2,3,4,234,At Risk,3,🟢 Promising Mid-Tier,0.9993,2.16,581.59,8323.76,Gold
15068,46,2,553.36,3,3,3,333,Loyal Customers,1,🟢 Promising Mid-Tier,0.9984,1.28,276.68,2437.2,Silver
15069,179,1,1109.53,2,1,4,214,Can't Lose Them,0,❄️  Inactive / Lost,1.0,0.41,1109.53,454.49,Bronze
15070,373,1,106.2,1,1,1,111,Hibernating,0,❄️  Inactive / Lost,1.0,0.41,106.2,43.5,Bronze
15071,94,2,982.07,2,3,4,234,At Risk,3,🟢 Promising Mid-Tier,0.9981,1.28,491.04,4244.21,Gold
15073,10,3,1043.41,5,3,4,534,Loyal Customers,1,🟢 Promising Mid-Tier,0.9996,2.16,347.8,5013.73,Gold
15074,105,1,748.87,2,1,3,213,Need Attention,0,❄️  Inactive / Lost,1.0,0.41,748.87,306.76,Bronze
15075,78,1,773.03,2,1,3,213,Need Attention,0,❄️  Inactive / Lost,1.0,0.41,773.03,316.65,Bronze
15076,173,1,880.85,2,1,3,213,Need Attention,0,❄️  Inactive / Lost,1.0,0.41,880.85,360.82,Bronze
15078,7,32,9743.11,5,5,5,555,Champions,2,🏆 High Value Active,1.0,27.56,304.47,54973.97,Platinum
15079,213,4,895.61,1,4,3,143,At Risk,3,🟢 Promising Mid-Tier,0.9972,3.03,223.9,4523.94,Gold
15081,22,5,504.8,4,4,3,443,Loyal Customers,3,🟢 Promising Mid-Tier,0.9998,3.91,100.96,2665.05,Silver
15083,257,1,88.2,1,1,1,111,Hibernating,0,❄️  Inactive / Lost,1.0,0.41,88.2,36.13,Bronze
15087,282,1,306.94,1,1,2,112,Hibernating,0,❄️  Inactive / Lost,1.0,0.41,306.94,125.73,Bronze
15088,21,2,1160.07,4,3,4,434,Loyal Customers,1,🟢 Promising Mid-Tier,0.9986,1.28,580.04,4997.33,Gold
15089,10,6,2420.84,5,5,5,555,Champions,2,🏆 High Value Active,0.9999,4.79,403.47,12726.75,Platinum
15090,308,1,381.32,1,1,2,112,Hibernating,0,❄️  Inactive / Lost,1.0,0.41,381.32,156.2,Bronze
15091,68,1,480.71,3,1,2,312,Promising,0,❄️  Inactive / Lost,1.0,0.41,480.71,196.91,Bronze
15092,215,2,457.81,1,3,2,132,Need Attention,0,❄️  Inactive / Lost,0.9962,1.28,228.9,2029.51,Silver
15093,18,6,4597.02,4,5,5,455,Champions,2,🏆 High Value Active,0.9998,4.79,766.17,24098.16,Platinum
15095,104,4,1370.6,2,4,4,244,At Risk,3,🟢 Promising Mid-Tier,0.9994,3.04,342.65,6895.41,Gold
15096,43,1,219.39,3,1,1,311,Promising,0,❄️  Inactive / Lost,1.0,0.41,219.39,89.87,Bronze
15097,4,1,248.08,5,1,1,511,New Customers,1,🟢 Promising Mid-Tier,1.0,0.41,248.08,101.62,Bronze
15098,182,3,39916.5,1,3,5,135,At Risk,3,🟢 Promising Mid-Tier,0.9984,2.16,13305.5,188357.5,Platinum
15099,84,1,410.48,2,1,2,212,Hibernating,0,❄️  Inactive / Lost,1.0,0.41,410.48,168.14,Bronze
15100,334,3,876.0,1,3,3,133,At Risk,0,❄️  Inactive / Lost,0.9788,2.12,292.0,4135.56,Gold
15101,9,2,317.53,5,3,2,532,Need Attention,1,🟢 Promising Mid-Tier,0.9986,1.28,158.76,1442.64,Silver
15103,31,2,703.36,4,3,3,433,Loyal Customers,1,🟢 Promising Mid-Tier,0.9985,1.28,351.68,3070.25,Gold
15104,197,2,1027.44,1,3,4,134,At Risk,0,❄️  Inactive / Lost,0.9966,1.28,513.72,4429.07,Gold
15105,18,7,2298.93,4,5,5,455,Champions,2,🏆 High Value Active,0.9999,5.66,328.42,12253.81,Platinum
15106,18,5,1422.52,4,4,4,444,Champions,3,🟢 Promising Mid-Tier,0.9998,3.91,284.5,7368.2,Gold
15107,311,6,319.5,1,5,2,152,Need Attention,0,❄️  Inactive / Lost,0.8106,3.88,53.25,1415.53,Silver
15108,142,3,1159.25,2,3,4,234,At Risk,3,🟢 Promising Mid-Tier,0.9989,2.16,386.42,5556.93,Gold
15109,246,1,484.95,1,1,3,113,Need Attention,0,❄️  Inactive / Lost,1.0,0.41,484.95,198.65,Bronze
15110,24,4,996.1,4,4,4,444,Champions,3,🟢 Promising Mid-Tier,0.9997,3.04,249.02,5035.15,Gold
15111,29,3,1567.48,4,3,4,434,Loyal Customers,3,🟢 Promising Mid-Tier,0.9995,2.16,522.49,7488.19,Gold
15113,10,3,3608.94,5,3,5,535,Loyal Customers,3,🟢 Promising Mid-Tier,0.9996,2.16,1202.98,17129.14,Platinum
15114,30,10,2760.56,4,5,5,455,Champions,2,🏆 High Value Active,0.9999,8.29,276.06,15054.57,Platinum
15115,18,1,340.11,4,1,2,412,New Customers,1,🟢 Promising Mid-Tier,1.0,0.41,340.11,139.32,Bronze
15116,18,4,1352.75,4,4,4,444,Champions,3,🟢 Promising Mid-Tier,0.9997,3.04,338.19,6809.12,Gold
15117,15,5,1551.78,4,4,4,444,Champions,3,🟢 Promising Mid-Tier,0.9998,3.91,310.36,8030.68,Gold
15118,134,1,244.8,2,1,1,211,Hibernating,0,❄️  Inactive / Lost,1.0,0.41,244.8,100.28,Bronze
15119,246,1,266.4,1,1,2,112,Hibernating,0,❄️  Inactive / Lost,1.0,0.41,266.4,109.12,Bronze
15120,134,1,358.82,2,1,2,212,Hibernating,0,❄️  Inactive / Lost,1.0,0.41,358.82,146.98,Bronze
15121,50,2,457.72,3,3,2,332,Potential Loyalists,1,🟢 Promising Mid-Tier,0.9984,1.28,228.86,2033.69,Silver
15122,114,3,1633.78,2,3,4,234,At Risk,3,🟢 Promising Mid-Tier,0.9991,2.16,544.59,7798.14,Gold
15123,7,2,2199.31,5,3,5,535,Loyal Customers,1,🟢 Promising Mid-Tier,0.9986,1.28,1099.66,9382.67,Gold
15124,23,2,184.19,4,3,1,431,Need Attention,1,🟢 Promising Mid-Tier,0.9986,1.28,92.1,879.97,Silver
15125,25,15,11528.48,4,5,5,455,Champions,2,🏆 High Value Active,0.9999,12.67,768.57,63797.78,Platinum
15127,66,1,406.53,3,1,2,312,Promising,0,❄️  Inactive / Lost,1.0,0.41,406.53,166.53,Bronze
15128,60,4,1471.0,3,4,4,344,Loyal Customers,3,🟢 Promising Mid-Tier,0.9996,3.04,367.75,7396.32,Gold
15129,50,11,3447.4,3,5,5,355,Loyal Customers,2,🏆 High Value Active,0.9998,9.17,313.4,18874.43,Platinum
15130,170,1,330.11,2,1,2,212,Hibernating,0,❄️  Inactive / Lost,1.0,0.41,330.11,135.22,Bronze
15132,18,5,977.93,4,4,4,444,Champions,3,🟢 Promising Mid-Tier,0.9998,3.91,195.59,5089.77,Gold
15133,128,3,982.42,2,3,4,234,At Risk,3,🟢 Promising Mid-Tier,0.999,2.16,327.47,4723.05,Gold
15134,15,8,1387.99,4,5,4,454,Champions,2,🏆 High Value Active,0.9999,6.54,173.5,7502.33,Gold
15135,239,1,139.05,1,1,1,111,Hibernating,0,❄️  Inactive / Lost,1.0,0.41,139.05,56.96,Bronze
15136,3,4,1286.7,5,4,4,544,Champions,1,🟢 Promising Mid-Tier,0.9998,3.04,321.68,6480.81,Gold
15139,240,2,178.96,1,3,1,131,Need Attention,0,❄️  Inactive / Lost,0.9954,1.28,89.48,855.14,Silver
15140,52,7,2354.25,3,5,5,355,Loyal Customers,3,🟢 Promising Mid-Tier,0.9998,5.66,336.32,12545.5,Platinum
15142,46,1,498.74,3,1,3,313,Need Attention,1,🟢 Promising Mid-Tier,1.0,0.41,498.74,204.3,Bronze
15143,226,1,259.45,1,1,2,112,Hibernating,0,❄️  Inactive / Lost,1.0,0.41,259.45,106.28,Bronze
15144,8,17,6580.44,5,5,5,555,Champions,2,🏆 High Value Active,0.9999,14.42,387.08,36604.21,Platinum
15145,4,4,1194.73,5,4,4,544,Champions,1,🟢 Promising Mid-Tier,0.9998,3.04,298.68,6023.35,Gold
15146,165,2,1327.16,2,3,4,234,At Risk,3,🟢 Promising Mid-Tier,0.9972,1.28,663.58,5694.63,Gold
15147,240,1,623.5,1,1,3,113,Need Attention,0,❄️  Inactive / Lost,1.0,0.41,623.5,255.4,Bronze
15148,11,1,301.29,5,1,2,512,New Customers,1,🟢 Promising Mid-Tier,1.0,0.41,301.29,123.42,Bronze
15149,134,1,520.8,2,1,3,213,Need Attention,0,❄️  Inactive / Lost,1.0,0.41,520.8,213.33,Bronze
15150,17,10,5314.47,4,5,5,455,Champions,2,🏆 High Value Active,0.9999,8.29,531.45,28915.26,Platinum
15152,10,13,4745.69,5,5,5,555,Champions,2,🏆 High Value Active,0.9999,10.92,365.05,26159.12,Platinum
15153,31,1,329.25,4,1,2,412,New Customers,1,🟢 Promising Mid-Tier,1.0,0.41,329.25,134.87,Bronze
15154,75,1,296.42,2,1,2,212,Hibernating,0,❄️  Inactive / Lost,1.0,0.41,296.42,121.42,Bronze
15156,1,3,961.49,5,3,4,534,Loyal Customers,1,🟢 Promising Mid-Tier,0.9996,2.16,320.5,4626.97,Gold
15157,4,3,1936.07,5,3,4,534,Loyal Customers,1,🟢 Promising Mid-Tier,0.9996,2.16,645.36,9229.35,Gold
15158,45,1,401.4,3,1,2,312,Promising,1,🟢 Promising Mid-Tier,1.0,0.41,401.4,164.42,Bronze
15159,2,30,18641.01,5,5,5,555,Champions,2,🏆 High Value Active,1.0,25.81,621.37,104997.86,Platinum
15160,357,1,158.16,1,1,1,111,Hibernating,0,❄️  Inactive / Lost,1.0,0.41,158.16,64.79,Bronze
15163,18,2,304.47,4,3,2,432,Need Attention,1,🟢 Promising Mid-Tier,0.9986,1.28,152.24,1387.47,Silver
15164,69,3,843.05,3,3,3,333,Loyal Customers,3,🟢 Promising Mid-Tier,0.9994,2.16,281.02,4066.74,Gold
15165,373,1,487.75,1,1,3,113,Need Attention,0,❄️  Inactive / Lost,1.0,0.41,487.75,199.8,Bronze
15167,321,1,163.0,1,1,1,111,Hibernating,0,❄️  Inactive / Lost,1.0,0.41,163.0,66.77,Bronze
15168,26,1,106.56,4,1,1,411,New Customers,1,🟢 Promising Mid-Tier,1.0,0.41,106.56,43.65,Bronze
15171,331,1,1289.5,1,1,4,114,Can't Lose Them,0,❄️  Inactive / Lost,1.0,0.41,1289.5,528.22,Silver
15172,9,5,1624.05,5,4,4,544,Champions,2,🏆 High Value Active,0.9998,3.91,324.81,8401.16,Gold
15174,323,1,135.75,1,1,1,111,Hibernating,0,❄️  Inactive / Lost,1.0,0.41,135.75,55.61,Bronze
15175,72,1,224.14,3,1,1,311,Promising,0,❄️  Inactive / Lost,1.0,0.41,224.14,91.81,Bronze
15178,260,1,40.5,1,1,1,111,Hibernating,0,❄️  Inactive / Lost,1.0,0.41,40.5,16.59,Bronze
15179,18,5,2206.95,4,4,5,445,Champions,3,🟢 Promising Mid-Tier,0.9998,3.91,441.39,11388.23,Platinum
15180,367,1,87.5,1,1,1,111,Hibernating,0,❄️  Inactive / Lost,1.0,0.41,87.5,35.84,Bronze
15181,66,3,689.48,3,3,3,333,Loyal Customers,3,🟢 Promising Mid-Tier,0.9994,2.16,229.83,3341.71,Gold
15182,154,2,622.85,2,3,3,233,At Risk,0,❄️  Inactive / Lost,0.9974,1.28,311.42,2727.52,Silver
15184,29,2,406.76,4,3,2,432,Need Attention,1,🟢 Promising Mid-Tier,0.9985,1.28,203.38,1818.95,Silver
15185,70,1,310.62,3,1,2,312,Promising,0,❄️  Inactive / Lost,1.0,0.41,310.62,127.24,Bronze
15186,14,2,411.41,4,3,2,432,Need Attention,1,🟢 Promising Mid-Tier,0.9986,1.28,205.7,1838.71,Silver
15187,2,15,4762.18,5,5,5,555,Champions,2,🏆 High Value Active,1.0,12.67,317.48,26397.48,Platinum
15189,1,41,16225.39,5,5,5,555,Champions,2,🏆 High Value Active,1.0,35.45,395.74,91839.61,Platinum
15192,120,3,1044.32,2,3,4,234,At Risk,3,🟢 Promising Mid-Tier,0.9991,2.16,348.11,5015.52,Gold
15193,61,1,499.32,3,1,3,313,Need Attention,0,❄️  Inactive / Lost,1.0,0.41,499.32,204.54,Bronze
15194,3,15,7616.53,5,5,5,555,Champions,2,🏆 High Value Active,1.0,12.67,507.77,42176.22,Platinum
15195,3,1,3861.0,5,1,5,515,New Customers,1,🟢 Promising Mid-Tier,1.0,0.41,3861.0,1581.57,Silver
15197,11,3,1079.61,5,3,4,534,Loyal Customers,1,🟢 Promising Mid-Tier,0.9996,2.16,359.87,5184.66,Gold
15198,92,2,193.64,2,3,1,231,Need Attention,0,❄️  Inactive / Lost,0.9981,1.28,96.82,919.41,Silver
15199,59,4,1268.7,3,4,4,344,Loyal Customers,3,🟢 Promising Mid-Tier,0.9996,3.04,317.18,6390.27,Gold
15201,87,5,1236.54,2,4,4,244,At Risk,3,🟢 Promising Mid-Tier,0.9995,3.91,247.31,6413.35,Gold
15203,26,6,1827.8,4,5,4,454,Champions,3,🟢 Promising Mid-Tier,0.9998,4.79,304.63,9627.42,Gold
15204,357,1,316.58,1,1,2,112,Hibernating,0,❄️  Inactive / Lost,1.0,0.41,316.58,129.68,Bronze
15205,85,2,653.24,2,3,3,233,At Risk,0,❄️  Inactive / Lost,0.9982,1.28,326.62,2857.75,Silver
15206,10,4,420.3,5,4,2,542,Need Attention,1,🟢 Promising Mid-Tier,0.9997,3.04,105.08,2171.36,Silver
15208,1,5,870.12,5,4,3,543,Loyal Customers,2,🏆 High Value Active,0.9998,3.91,174.02,4537.42,Gold
15210,225,1,331.18,1,1,2,112,Hibernating,0,❄️  Inactive / Lost,1.0,0.41,331.18,135.66,Bronze
15211,60,2,894.41,3,3,3,333,Loyal Customers,3,🟢 Promising Mid-Tier,0.9983,1.28,447.2,3875.57,Gold
15212,241,1,101.8,1,1,1,111,Hibernating,0,❄️  Inactive / Lost,1.0,0.41,101.8,41.7,Bronze
15213,319,2,328.35,1,3,2,132,Need Attention,0,❄️  Inactive / Lost,0.989,1.27,164.18,1473.89,Silver
15214,2,8,1661.44,5,5,4,554,Champions,2,🏆 High Value Active,0.9999,6.54,207.68,8965.91,Gold
15215,47,3,734.94,3,3,3,333,Loyal Customers,3,🟢 Promising Mid-Tier,0.9995,2.16,244.98,3556.61,Gold
15216,88,1,96.6,2,1,1,211,Hibernating,0,❄️  Inactive / Lost,1.0,0.41,96.6,39.57,Bronze
15218,11,11,5756.89,5,5,5,555,Champions,2,🏆 High Value Active,0.9999,9.17,523.35,31474.58,Platinum
15219,176,1,305.75,2,1,2,212,Hibernating,0,❄️  Inactive / Lost,1.0,0.41,305.75,125.24,Bronze
15220,52,6,1778.96,3,5,4,354,Loyal Customers,3,🟢 Promising Mid-Tier,0.9997,4.79,296.49,9371.42,Gold
15221,366,1,403.25,1,1,2,112,Hibernating,0,❄️  Inactive / Lost,1.0,0.41,403.25,165.18,Bronze
15222,319,1,585.0,1,1,3,113,Need Attention,0,❄️  Inactive / Lost,1.0,0.41,585.0,239.63,Bronze
15223,226,2,755.75,1,3,3,133,At Risk,0,❄️  Inactive / Lost,0.9958,1.28,377.88,3282.45,Gold
15224,358,2,322.08,1,3,2,132,Need Attention,0,❄️  Inactive / Lost,0.977,1.26,161.04,1430.1,Silver
15225,234,1,409.4,1,1,2,112,Hibernating,0,❄️  Inactive / Lost,1.0,0.41,409.4,167.7,Bronze
15226,311,1,154.41,1,1,1,111,Hibernating,0,❄️  Inactive / Lost,1.0,0.41,154.41,63.25,Bronze
15227,37,5,1219.4,3,4,4,344,Loyal Customers,3,🟢 Promising Mid-Tier,0.9997,3.91,243.88,6326.94,Gold
15228,66,4,3386.71,3,4,5,345,Loyal Customers,3,🟢 Promising Mid-Tier,0.9996,3.04,846.68,16923.0,Platinum
15230,239,2,429.6,1,3,2,132,Need Attention,0,❄️  Inactive / Lost,0.9954,1.28,214.8,1909.28,Silver
15232,113,2,612.06,2,3,3,233,At Risk,0,❄️  Inactive / Lost,0.9979,1.28,306.03,2683.39,Silver
15234,277,1,197.0,1,1,1,111,Hibernating,0,❄️  Inactive / Lost,1.0,0.41,197.0,80.7,Bronze
15235,218,12,2247.51,1,5,5,155,At Risk,3,🟢 Promising Mid-Tier,0.789,7.93,187.29,9771.5,Gold
15236,299,1,321.05,1,1,2,112,Hibernating,0,❄️  Inactive / Lost,1.0,0.41,321.05,131.51,Bronze
15237,2,4,1412.32,5,4,4,544,Champions,2,🏆 High Value Active,0.9998,3.04,353.08,7105.65,Gold
15238,29,3,1071.99,4,3,4,434,Loyal Customers,3,🟢 Promising Mid-Tier,0.9995,2.16,357.33,5148.42,Gold
15239,10,2,780.59,5,3,3,533,Loyal Customers,1,🟢 Promising Mid-Tier,0.9986,1.28,390.3,3396.45,Gold
15240,45,5,1706.57,3,4,4,344,Loyal Customers,3,🟢 Promising Mid-Tier,0.9997,3.91,341.31,8823.23,Gold
15241,67,8,1756.44,3,5,4,354,Loyal Customers,3,🟢 Promising Mid-Tier,0.9997,6.54,219.56,9472.08,Gold
15243,74,1,316.68,2,1,2,212,Hibernating,0,❄️  Inactive / Lost,1.0,0.41,316.68,129.72,Bronze
15244,65,2,631.57,3,3,3,333,Loyal Customers,3,🟢 Promising Mid-Tier,0.9983,1.28,315.79,2766.78,Silver
15245,134,3,2515.84,2,3,5,235,At Risk,3,🟢 Promising Mid-Tier,0.999,2.16,838.61,11959.75,Platinum
15246,238,2,514.15,1,3,3,133,At Risk,0,❄️  Inactive / Lost,0.9954,1.28,257.08,2264.96,Silver
15247,122,1,356.0,2,1,2,212,Hibernating,0,❄️  Inactive / Lost,1.0,0.41,356.0,145.83,Bronze
15249,32,13,6688.46,4,5,5,455,Champions,2,🏆 High Value Active,0.9999,10.92,514.5,36835.82,Platinum
15251,9,11,10484.99,5,5,5,555,Champions,2,🏆 High Value Active,0.9999,9.17,953.18,57264.63,Platinum
15252,36,2,740.78,3,3,3,333,Loyal Customers,1,🟢 Promising Mid-Tier,0.9985,1.28,370.39,3228.03,Gold
15253,16,5,918.2,4,4,3,443,Loyal Customers,3,🟢 Promising Mid-Tier,0.9998,3.91,183.64,4783.69,Gold
15254,127,1,300.36,2,1,2,212,Hibernating,0,❄️  Inactive / Lost,1.0,0.41,300.36,123.04,Bronze
15255,67,1,890.85,3,1,3,313,Need Attention,0,❄️  Inactive / Lost,1.0,0.41,890.85,364.92,Bronze
15256,149,1,98.45,2,1,1,211,Hibernating,0,❄️  Inactive / Lost,1.0,0.41,98.45,40.33,Bronze
15257,283,1,317.15,1,1,2,112,Hibernating,0,❄️  Inactive / Lost,1.0,0.41,317.15,129.91,Bronze
15258,169,2,623.16,2,3,3,233,At Risk,0,❄️  Inactive / Lost,0.9972,1.28,311.58,2728.19,Silver
15260,100,7,1810.77,2,5,4,254,At Risk,3,🟢 Promising Mid-Tier,0.9994,5.66,258.68,9663.17,Gold
15261,135,1,254.82,2,1,2,212,Hibernating,0,❄️  Inactive / Lost,1.0,0.41,254.82,104.38,Bronze
15262,324,1,178.95,1,1,1,111,Hibernating,0,❄️  Inactive / Lost,1.0,0.41,178.95,73.3,Bronze
15263,107,1,156.51,2,1,1,211,Hibernating,0,❄️  Inactive / Lost,1.0,0.41,156.51,64.11,Bronze
15264,64,1,393.74,3,1,2,312,Promising,0,❄️  Inactive / Lost,1.0,0.41,393.74,161.29,Bronze
15265,151,2,1506.12,2,3,4,234,At Risk,3,🟢 Promising Mid-Tier,0.9974,1.28,753.06,6450.04,Gold
15266,338,1,119.3,1,1,1,111,Hibernating,0,❄️  Inactive / Lost,1.0,0.41,119.3,48.87,Bronze
15267,22,5,1717.36,4,4,4,444,Champions,3,🟢 Promising Mid-Tier,0.9998,3.91,343.47,8879.1,Gold
15269,24,1,408.8,4,1,2,412,New Customers,1,🟢 Promising Mid-Tier,1.0,0.41,408.8,167.46,Bronze
15270,16,7,2379.49,4,5,5,455,Champions,2,🏆 High Value Active,0.9999,5.66,339.93,12680.63,Platinum
15271,7,15,2507.07,5,5,5,555,Champions,2,🏆 High Value Active,0.9999,12.67,167.14,13931.13,Platinum
15272,57,2,721.94,3,3,3,333,Loyal Customers,3,🟢 Promising Mid-Tier,0.9984,1.28,360.97,3148.13,Gold
15274,4,2,716.57,5,3,3,533,Loyal Customers,1,🟢 Promising Mid-Tier,0.9987,1.28,358.28,3126.42,Gold
15275,38,1,615.14,3,1,3,313,Need Attention,1,🟢 Promising Mid-Tier,1.0,0.41,615.14,251.98,Bronze
15276,66,1,135.31,3,1,1,311,Promising,0,❄️  Inactive / Lost,1.0,0.41,135.31,55.43,Bronze
15277,47,1,255.9,3,1,2,312,Promising,0,❄️  Inactive / Lost,1.0,0.41,255.9,104.82,Bronze
15279,355,1,290.51,1,1,2,112,Hibernating,0,❄️  Inactive / Lost,1.0,0.41,290.51,119.0,Bronze
15280,172,1,113.12,2,1,1,211,Hibernating,0,❄️  Inactive / Lost,1.0,0.41,113.12,46.34,Bronze
15281,59,9,2332.15,3,5,5,355,Loyal Customers,3,🟢 Promising Mid-Tier,0.9997,7.42,259.13,12650.1,Platinum
15286,50,1,240.55,3,1,1,311,Promising,0,❄️  Inactive / Lost,1.0,0.41,240.55,98.54,Bronze
15287,22,2,486.69,4,3,3,433,Loyal Customers,1,🟢 Promising Mid-Tier,0.9986,1.28,243.34,2156.25,Silver
15288,43,5,2306.52,3,4,5,345,Loyal Customers,3,🟢 Promising Mid-Tier,0.9997,3.91,461.3,11897.7,Platinum
15289,29,3,939.78,4,3,4,434,Loyal Customers,3,🟢 Promising Mid-Tier,0.9995,2.16,313.26,4524.11,Gold
15290,5,18,7943.22,5,5,5,555,Champions,2,🏆 High Value Active,1.0,15.3,441.29,44248.54,Platinum
15291,26,14,4623.3,4,5,5,455,Champions,2,🏆 High Value Active,0.9999,11.8,330.24,25561.8,Platinum
15292,201,1,180.94,1,1,1,111,Hibernating,0,❄️  Inactive / Lost,1.0,0.41,180.94,74.12,Bronze
15296,51,6,3672.86,3,5,5,355,Loyal Customers,3,🟢 Promising Mid-Tier,0.9997,4.79,612.14,19267.05,Platinum
15297,10,3,641.94,5,3,3,533,Loyal Customers,1,🟢 Promising Mid-Tier,0.9996,2.16,213.98,3117.83,Gold
15298,2,12,4799.9,5,5,5,555,Champions,2,🏆 High Value Active,0.9999,10.04,399.99,26364.69,Platinum
15299,67,6,3907.01,3,5,5,355,Loyal Customers,3,🟢 Promising Mid-Tier,0.9997,4.79,651.17,20488.99,Platinum
15300,64,1,496.44,3,1,3,313,Need Attention,0,❄️  Inactive / Lost,1.0,0.41,496.44,203.36,Bronze
15301,51,12,5070.35,3,5,5,355,Loyal Customers,2,🏆 High Value Active,0.9998,10.04,422.53,27840.91,Platinum
15303,290,1,574.02,1,1,3,113,Need Attention,0,❄️  Inactive / Lost,1.0,0.41,574.02,235.13,Bronze
15304,61,8,694.4,3,5,3,353,Loyal Customers,3,🟢 Promising Mid-Tier,0.9997,6.54,86.8,3789.96,Gold
15306,64,3,1174.35,3,3,4,334,Loyal Customers,3,🟢 Promising Mid-Tier,0.9994,2.16,391.45,5631.07,Gold
15307,96,1,205.3,2,1,1,211,Hibernating,0,❄️  Inactive / Lost,1.0,0.41,205.3,84.1,Bronze
15308,274,1,310.47,1,1,2,112,Hibernating,0,❄️  Inactive / Lost,1.0,0.41,310.47,127.18,Bronze
15311,1,91,60767.9,5,5,5,555,Champions,2,🏆 High Value Active,1.0,79.25,667.78,346230.42,Platinum
15312,75,4,924.85,2,4,3,243,At Risk,3,🟢 Promising Mid-Tier,0.9995,3.04,231.21,4679.93,Gold
15313,110,1,52.0,2,1,1,211,Hibernating,0,❄️  Inactive / Lost,1.0,0.41,52.0,21.3,Bronze
15314,199,1,327.97,1,1,2,112,Hibernating,0,❄️  Inactive / Lost,1.0,0.41,327.97,134.35,Bronze
15315,64,2,570.5,3,3,3,333,Loyal Customers,0,❄️  Inactive / Lost,0.9983,1.28,285.25,2509.21,Silver
15316,327,1,165.0,1,1,1,111,Hibernating,0,❄️  Inactive / Lost,1.0,0.41,165.0,67.59,Bronze
15318,4,1,312.62,5,1,2,512,New Customers,1,🟢 Promising Mid-Tier,1.0,0.41,312.62,128.06,Bronze
15319,284,1,204.5,1,1,1,111,Hibernating,0,❄️  Inactive / Lost,1.0,0.41,204.5,83.77,Bronze
15320,44,1,267.13,3,1,2,312,Promising,0,❄️  Inactive / Lost,1.0,0.41,267.13,109.42,Bronze
15321,71,3,2748.31,3,3,5,335,Loyal Customers,3,🟢 Promising Mid-Tier,0.9994,2.16,916.1,13062.19,Platinum
15322,86,1,679.68,2,1,3,213,Need Attention,0,❄️  Inactive / Lost,1.0,0.41,679.68,278.42,Bronze
15325,104,1,162.29,2,1,1,211,Hibernating,0,❄️  Inactive / Lost,1.0,0.41,162.29,66.48,Bronze
15326,334,1,311.71,1,1,2,112,Hibernating,0,❄️  Inactive / Lost,1.0,0.41,311.71,127.69,Bronze
15327,53,1,208.75,3,1,1,311,Promising,0,❄️  Inactive / Lost,1.0,0.41,208.75,85.51,Bronze
15329,39,3,1049.7,3,3,4,334,Loyal Customers,3,🟢 Promising Mid-Tier,0.9995,2.16,349.9,5043.0,Gold
15330,32,2,714.96,4,3,3,433,Loyal Customers,1,🟢 Promising Mid-Tier,0.9985,1.28,357.48,3119.17,Gold
15332,366,4,1661.06,1,4,4,144,At Risk,3,🟢 Promising Mid-Tier,0.753,2.29,415.26,6283.73,Gold
15333,208,1,1028.56,1,1,4,114,Can't Lose Them,0,❄️  Inactive / Lost,1.0,0.41,1028.56,421.33,Bronze
15334,157,3,348.72,2,3,2,232,Need Attention,0,❄️  Inactive / Lost,0.9987,2.16,116.24,1731.65,Silver
15335,54,1,173.97,3,1,1,311,Promising,0,❄️  Inactive / Lost,1.0,0.41,173.97,71.26,Bronze
15339,66,2,574.07,3,3,3,333,Loyal Customers,0,❄️  Inactive / Lost,0.9983,1.28,287.04,2524.23,Silver
15341,81,1,2020.52,2,1,4,214,Can't Lose Them,3,🟢 Promising Mid-Tier,1.0,0.41,2020.52,827.66,Silver
15342,130,1,406.09,2,1,2,212,Hibernating,0,❄️  Inactive / Lost,1.0,0.41,406.09,166.35,Bronze
15343,87,1,364.5,2,1,2,212,Hibernating,0,❄️  Inactive / Lost,1.0,0.41,364.5,149.31,Bronze
15344,1,3,563.94,5,3,3,533,Loyal Customers,1,🟢 Promising Mid-Tier,0.9996,2.16,187.98,2749.55,Silver
15345,46,1,393.54,3,1,2,312,Promising,1,🟢 Promising Mid-Tier,1.0,0.41,393.54,161.2,Bronze
15346,333,1,252.42,1,1,2,112,Hibernating,0,❄️  Inactive / Lost,1.0,0.41,252.42,103.4,Bronze
15347,366,1,201.6,1,1,1,111,Hibernating,0,❄️  Inactive / Lost,1.0,0.41,201.6,82.58,Bronze
15348,72,1,158.04,3,1,1,311,Promising,0,❄️  Inactive / Lost,1.0,0.41,158.04,64.74,Bronze
15349,158,2,473.81,2,3,2,232,Need Attention,0,❄️  Inactive / Lost,0.9973,1.28,236.9,2099.32,Silver
15350,373,1,115.65,1,1,1,111,Hibernating,0,❄️  Inactive / Lost,1.0,0.41,115.65,47.37,Bronze
15351,12,7,1960.11,5,5,4,554,Champions,2,🏆 High Value Active,0.9999,5.66,280.02,10459.06,Platinum
15353,255,2,777.02,1,3,3,133,At Risk,0,❄️  Inactive / Lost,0.9947,1.28,388.51,3368.11,Gold
15355,29,2,277.05,4,3,2,432,Need Attention,1,🟢 Promising Mid-Tier,0.9985,1.28,138.52,1271.71,Silver
15356,31,10,2766.5,4,5,5,455,Champions,2,🏆 High Value Active,0.9999,8.29,276.65,15086.76,Platinum
15358,5,22,8347.2,5,5,5,555,Champions,2,🏆 High Value Active,1.0,18.8,379.42,46749.97,Platinum
15360,40,1,427.93,3,1,2,312,Promising,1,🟢 Promising Mid-Tier,1.0,0.41,427.93,175.29,Bronze
15361,362,1,418.92,1,1,2,112,Hibernating,0,❄️  Inactive / Lost,1.0,0.41,418.92,171.6,Bronze
15363,373,1,326.0,1,1,2,112,Hibernating,0,❄️  Inactive / Lost,1.0,0.41,326.0,133.54,Bronze
15364,96,2,913.19,2,3,3,233,At Risk,3,🟢 Promising Mid-Tier,0.9981,1.28,456.6,3953.67,Gold
15365,26,7,2314.32,4,5,5,455,Champions,3,🟢 Promising Mid-Tier,0.9998,5.66,330.62,12335.1,Platinum
15366,75,2,602.51,2,3,3,233,At Risk,0,❄️  Inactive / Lost,0.9982,1.28,301.26,2644.01,Silver
15367,57,4,1877.59,3,4,4,344,Loyal Customers,3,🟢 Promising Mid-Tier,0.9996,3.04,469.4,9418.45,Gold
15368,21,1,446.94,4,1,2,412,New Customers,1,🟢 Promising Mid-Tier,1.0,0.41,446.94,183.08,Bronze
15370,41,7,2386.05,3,5,5,355,Loyal Customers,3,🟢 Promising Mid-Tier,0.9998,5.66,340.86,12714.5,Platinum
15372,137,1,2007.4,2,1,4,214,Can't Lose Them,3,🟢 Promising Mid-Tier,1.0,0.41,2007.4,822.29,Silver
15373,8,12,2415.91,5,5,5,555,Champions,2,🏆 High Value Active,0.9999,10.04,201.33,13306.05,Platinum
15374,129,1,168.0,2,1,1,211,Hibernating,0,❄️  Inactive / Lost,1.0,0.41,168.0,68.82,Bronze
15376,40,3,1233.36,3,3,4,334,Loyal Customers,3,🟢 Promising Mid-Tier,0.9995,2.16,411.12,5910.22,Gold
15379,169,7,3703.29,2,5,5,255,At Risk,3,🟢 Promising Mid-Tier,0.997,5.65,529.04,19636.46,Platinum
15380,9,5,1690.26,5,4,4,544,Champions,2,🏆 High Value Active,0.9998,3.91,338.05,8740.47,Gold
15381,214,2,596.85,1,3,3,133,At Risk,0,❄️  Inactive / Lost,0.9962,1.28,298.42,2614.8,Silver
15382,15,6,5955.71,4,5,5,455,Champions,2,🏆 High Value Active,0.9998,4.79,992.62,31198.19,Platinum
15384,170,2,642.41,2,3,3,233,At Risk,0,❄️  Inactive / Lost,0.9971,1.28,321.2,2809.24,Silver
15385,40,1,316.88,3,1,2,312,Promising,1,🟢 Promising Mid-Tier,1.0,0.41,316.88,129.8,Bronze
15386,186,1,394.14,1,1,2,112,Hibernating,0,❄️  Inactive / Lost,1.0,0.41,394.14,161.45,Bronze
15388,270,1,140.54,1,1,1,111,Hibernating,0,❄️  Inactive / Lost,1.0,0.41,140.54,57.57,Bronze
15389,172,1,500.0,2,1,3,213,Need Attention,0,❄️  Inactive / Lost,1.0,0.41,500.0,204.81,Bronze
15392,5,4,1535.53,5,4,4,544,Champions,2,🏆 High Value Active,0.9998,3.04,383.88,7718.45,Gold
15393,16,2,231.86,4,3,1,431,Need Attention,1,🟢 Promising Mid-Tier,0.9986,1.28,115.93,1081.13,Silver
15394,10,4,2183.54,5,4,5,545,Champions,3,🟢 Promising Mid-Tier,0.9997,3.04,545.88,10941.48,Platinum
15395,326,1,107.45,1,1,1,111,Hibernating,0,❄️  Inactive / Lost,1.0,0.41,107.45,44.01,Bronze
15396,113,1,288.18,2,1,2,212,Hibernating,0,❄️  Inactive / Lost,1.0,0.41,288.18,118.05,Bronze
15397,290,1,94.0,1,1,1,111,Hibernating,0,❄️  Inactive / Lost,1.0,0.41,94.0,38.51,Bronze
15398,16,2,1345.53,4,3,4,434,Loyal Customers,1,🟢 Promising Mid-Tier,0.9986,1.28,672.76,5779.96,Gold
15399,1,3,815.77,5,3,3,533,Loyal Customers,1,🟢 Promising Mid-Tier,0.9996,2.16,271.92,3938.81,Gold
15400,92,5,716.2,2,4,3,243,At Risk,3,🟢 Promising Mid-Tier,0.9995,3.91,143.24,3747.32,Gold
15402,149,2,626.35,2,3,3,233,At Risk,0,❄️  Inactive / Lost,0.9975,1.28,313.18,2742.47,Silver
15405,189,1,349.1,1,1,2,112,Hibernating,0,❄️  Inactive / Lost,1.0,0.41,349.1,143.0,Bronze
15406,31,2,510.71,4,3,3,433,Loyal Customers,1,🟢 Promising Mid-Tier,0.9985,1.28,255.36,2257.48,Silver
15407,34,4,1056.44,3,4,4,344,Loyal Customers,3,🟢 Promising Mid-Tier,0.9997,3.04,264.11,5335.11,Gold
15408,264,1,267.18,1,1,2,112,Hibernating,0,❄️  Inactive / Lost,1.0,0.41,267.18,109.44,Bronze
15410,84,8,3450.84,2,5,5,255,At Risk,3,🟢 Promising Mid-Tier,0.9995,6.54,431.36,18534.94,Platinum
15411,26,4,1358.88,4,4,4,444,Champions,3,🟢 Promising Mid-Tier,0.9997,3.04,339.72,6839.47,Gold
15412,171,1,190.53,2,1,1,211,Hibernating,0,❄️  Inactive / Lost,1.0,0.41,190.53,78.05,Bronze
15414,10,3,774.9,5,3,3,533,Loyal Customers,1,🟢 Promising Mid-Tier,0.9996,2.16,258.3,3745.72,Gold
15415,313,1,572.81,1,1,3,113,Need Attention,0,❄️  Inactive / Lost,1.0,0.41,572.81,234.64,Bronze
15416,65,4,3984.32,3,4,5,345,Loyal Customers,3,🟢 Promising Mid-Tier,0.9996,3.04,996.08,19895.01,Platinum
15417,85,1,508.8,2,1,3,213,Need Attention,0,❄️  Inactive / Lost,1.0,0.41,508.8,208.42,Bronze
15419,25,1,135.86,4,1,1,411,New Customers,1,🟢 Promising Mid-Tier,1.0,0.41,135.86,55.65,Bronze
15421,59,4,950.36,3,4,4,344,Loyal Customers,3,🟢 Promising Mid-Tier,0.9996,3.04,237.59,4807.12,Gold
15422,323,2,97.7,1,3,1,131,Need Attention,0,❄️  Inactive / Lost,0.9883,1.27,48.85,509.75,Silver
15423,38,1,43.5,3,1,1,311,Promising,0,❄️  Inactive / Lost,1.0,0.41,43.5,17.82,Bronze
15424,254,2,383.34,1,3,2,132,Need Attention,0,❄️  Inactive / Lost,0.9948,1.28,191.67,1713.64,Silver
15426,19,5,1447.39,4,4,4,444,Champions,3,🟢 Promising Mid-Tier,0.9998,3.91,289.48,7495.63,Gold
15427,33,3,1483.14,4,3,4,434,Loyal Customers,3,🟢 Promising Mid-Tier,0.9995,2.16,494.38,7089.84,Gold
15428,15,1,93.78,4,1,1,411,New Customers,1,🟢 Promising Mid-Tier,1.0,0.41,93.78,38.41,Bronze
15429,27,2,397.35,4,3,2,432,Need Attention,1,🟢 Promising Mid-Tier,0.9985,1.28,198.68,1779.27,Silver
15432,23,1,171.19,4,1,1,411,New Customers,1,🟢 Promising Mid-Tier,1.0,0.41,171.19,70.12,Bronze
15433,214,2,533.3,1,3,3,133,At Risk,0,❄️  Inactive / Lost,0.9962,1.28,266.65,2347.31,Silver
15434,8,5,1041.48,5,4,4,544,Champions,1,🟢 Promising Mid-Tier,0.9998,3.91,208.3,5415.56,Gold
15435,22,1,149.29,4,1,1,411,New Customers,1,🟢 Promising Mid-Tier,1.0,0.41,149.29,61.15,Bronze
15436,12,3,1122.53,5,3,4,534,Loyal Customers,1,🟢 Promising Mid-Tier,0.9996,2.16,374.18,5387.33,Gold
15437,262,1,200.16,1,1,1,111,Hibernating,0,❄️  Inactive / Lost,1.0,0.41,200.16,81.99,Bronze
15438,131,1,156.58,2,1,1,211,Hibernating,0,❄️  Inactive / Lost,1.0,0.41,156.58,64.14,Bronze
15440,55,3,383.68,3,3,2,332,Potential Loyalists,1,🟢 Promising Mid-Tier,0.9994,2.16,127.89,1897.96,Silver
15442,249,1,594.0,1,1,3,113,Need Attention,0,❄️  Inactive / Lost,1.0,0.41,594.0,243.32,Bronze
15443,2,7,3236.91,5,5,5,555,Champions,2,🏆 High Value Active,0.9999,5.66,462.42,17223.26,Platinum
15444,9,2,1418.26,5,3,4,534,Loyal Customers,1,🟢 Promising Mid-Tier,0.9986,1.28,709.13,6087.04,Gold
15445,264,1,113.5,1,1,1,111,Hibernating,0,❄️  Inactive / Lost,1.0,0.41,113.5,46.49,Bronze
15447,331,1,155.17,1,1,1,111,Hibernating,0,❄️  Inactive / Lost,1.0,0.41,155.17,63.56,Bronze
15448,313,1,494.64,1,1,3,113,Need Attention,0,❄️  Inactive / Lost,1.0,0.41,494.64,202.62,Bronze
15449,26,3,974.52,4,3,4,434,Loyal Customers,3,🟢 Promising Mid-Tier,0.9995,2.16,324.84,4688.19,Gold
15450,30,1,429.84,4,1,2,412,New Customers,1,🟢 Promising Mid-Tier,1.0,0.41,429.84,176.07,Bronze
15452,30,3,538.73,4,3,3,433,Loyal Customers,1,🟢 Promising Mid-Tier,0.9995,2.16,179.58,2630.29,Silver
15453,2,7,1388.37,5,5,4,554,Champions,2,🏆 High Value Active,0.9999,5.66,198.34,7430.4,Gold
15454,362,1,179.1,1,1,1,111,Hibernating,0,❄️  Inactive / Lost,1.0,0.41,179.1,73.36,Bronze
15456,283,3,447.22,1,3,2,132,Need Attention,0,❄️  Inactive / Lost,0.9934,2.15,149.07,2184.81,Silver
15457,262,1,237.07,1,1,1,111,Hibernating,0,❄️  Inactive / Lost,1.0,0.41,237.07,97.11,Bronze
15458,25,1,161.64,4,1,1,411,New Customers,1,🟢 Promising Mid-Tier,1.0,0.41,161.64,66.21,Bronze
15460,354,1,216.76,1,1,1,111,Hibernating,0,❄️  Inactive / Lost,1.0,0.41,216.76,88.79,Bronze
15462,94,3,234.6,2,3,1,231,Need Attention,0,❄️  Inactive / Lost,0.9993,2.16,78.2,1193.83,Silver
15463,29,1,126.14,4,1,1,411,New Customers,1,🟢 Promising Mid-Tier,1.0,0.41,126.14,51.67,Bronze
15464,338,1,1048.85,1,1,4,114,Can't Lose Them,0,❄️  Inactive / Lost,1.0,0.41,1048.85,429.64,Bronze
15465,20,18,7354.62,4,5,5,455,Champions,2,🏆 High Value Active,0.9999,15.3,408.59,40973.4,Platinum
15466,85,1,334.53,2,1,2,212,Hibernating,0,❄️  Inactive / Lost,1.0,0.41,334.53,137.03,Bronze
15467,9,3,524.88,5,3,3,533,Loyal Customers,1,🟢 Promising Mid-Tier,0.9996,2.16,174.96,2565.04,Silver
15468,51,2,467.51,3,3,2,332,Potential Loyalists,1,🟢 Promising Mid-Tier,0.9984,1.28,233.76,2074.97,Silver
15469,50,2,538.55,3,3,3,333,Loyal Customers,1,🟢 Promising Mid-Tier,0.9984,1.28,269.27,2374.66,Silver
15471,2,1,469.48,5,1,2,512,New Customers,1,🟢 Promising Mid-Tier,1.0,0.41,469.48,192.31,Bronze
15472,113,1,371.56,2,1,2,212,Hibernating,0,❄️  Inactive / Lost,1.0,0.41,371.56,152.2,Bronze
15473,14,7,1771.2,4,5,4,454,Champions,2,🏆 High Value Active,0.9999,5.66,253.03,9458.27,Gold
15475,77,1,454.11,2,1,2,212,Hibernating,0,❄️  Inactive / Lost,1.0,0.41,454.11,186.02,Bronze
15478,40,2,1441.42,3,3,4,334,Loyal Customers,3,🟢 Promising Mid-Tier,0.9985,1.28,720.71,6183.72,Gold
15480,116,1,905.5,2,1,3,213,Need Attention,0,❄️  Inactive / Lost,1.0,0.41,905.5,370.92,Bronze
15482,16,11,11014.96,4,5,5,455,Champions,2,🏆 High Value Active,0.9999,9.17,1001.36,60154.5,Platinum
15483,161,4,233.81,2,4,1,241,Need Attention,0,❄️  Inactive / Lost,0.9987,3.03,58.45,1242.51,Silver
15484,1,4,3594.31,5,4,5,545,Champions,2,🏆 High Value Active,0.9998,3.04,898.58,17958.81,Platinum
15485,30,3,2575.0,4,3,5,435,Loyal Customers,3,🟢 Promising Mid-Tier,0.9995,2.16,858.33,12245.79,Platinum
15488,93,1,91.32,2,1,1,211,Hibernating,0,❄️  Inactive / Lost,1.0,0.41,91.32,37.41,Bronze
15489,23,3,1134.28,4,3,4,434,Loyal Customers,3,🟢 Promising Mid-Tier,0.9995,2.16,378.09,5442.66,Gold
15491,95,6,3100.09,2,5,5,255,At Risk,3,🟢 Promising Mid-Tier,0.9995,4.79,516.68,16270.0,Platinum
15492,28,2,659.46,4,3,3,433,Loyal Customers,1,🟢 Promising Mid-Tier,0.9985,1.28,329.73,2885.09,Silver
15493,33,5,2001.8,4,4,4,444,Champions,3,🟢 Promising Mid-Tier,0.9998,3.91,400.36,10336.49,Platinum
15494,21,2,1299.23,4,3,4,434,Loyal Customers,1,🟢 Promising Mid-Tier,0.9986,1.28,649.62,5584.46,Gold
15497,18,2,1262.2,4,3,4,434,Loyal Customers,1,🟢 Promising Mid-Tier,0.9986,1.28,631.1,5428.31,Gold
15498,3,27,13316.4,5,5,5,555,Champions,2,🏆 High Value Active,1.0,23.18,493.2,74877.39,Platinum
15500,8,4,1131.56,5,4,4,544,Champions,1,🟢 Promising Mid-Tier,0.9997,3.04,282.89,5709.1,Gold
15502,16,10,6923.98,4,5,5,455,Champions,2,🏆 High Value Active,0.9999,8.29,692.4,37650.2,Platinum
15503,363,1,147.09,1,1,1,111,Hibernating,0,❄️  Inactive / Lost,1.0,0.41,147.09,60.25,Bronze
15504,81,1,52.83,2,1,1,211,Hibernating,0,❄️  Inactive / Lost,1.0,0.41,52.83,21.64,Bronze
15505,53,5,3610.96,3,4,5,345,Loyal Customers,3,🟢 Promising Mid-Tier,0.9997,3.91,722.19,18581.57,Platinum
15506,23,3,979.26,4,3,4,434,Loyal Customers,3,🟢 Promising Mid-Tier,0.9995,2.16,326.42,4710.62,Gold
15507,172,1,492.36,2,1,3,213,Need Attention,0,❄️  Inactive / Lost,1.0,0.41,492.36,201.68,Bronze
15508,189,6,1000.27,1,5,4,154,At Risk,3,🟢 Promising Mid-Tier,0.9965,4.77,166.71,5285.68,Gold
15510,331,1,250.0,1,1,2,112,Hibernating,0,❄️  Inactive / Lost,1.0,0.41,250.0,102.41,Bronze
15511,12,5,909.23,5,4,3,543,Loyal Customers,3,🟢 Promising Mid-Tier,0.9998,3.91,181.85,4737.76,Gold
15512,156,2,121.0,2,3,1,231,Need Attention,0,❄️  Inactive / Lost,0.9974,1.28,60.5,612.63,Silver
15513,33,19,14758.22,4,5,5,455,Champions,2,🏆 High Value Active,0.9998,16.18,776.75,82272.06,Platinum
15514,12,11,4139.46,5,5,5,555,Champions,2,🏆 High Value Active,0.9999,9.17,376.31,22652.12,Platinum
15516,45,3,62.43,3,3,1,331,Potential Loyalists,0,❄️  Inactive / Lost,0.9995,2.16,20.81,381.12,Bronze
15517,233,1,267.03,1,1,2,112,Hibernating,0,❄️  Inactive / Lost,1.0,0.41,267.03,109.38,Bronze
15518,64,8,1942.45,3,5,4,354,Loyal Customers,3,🟢 Promising Mid-Tier,0.9997,6.54,242.81,10467.51,Platinum
15520,2,1,343.5,5,1,2,512,New Customers,1,🟢 Promising Mid-Tier,1.0,0.41,343.5,140.71,Bronze
15521,40,8,3000.2,3,5,5,355,Loyal Customers,3,🟢 Promising Mid-Tier,0.9998,6.54,375.02,16128.87,Platinum
15522,33,2,398.84,4,3,2,432,Need Attention,1,🟢 Promising Mid-Tier,0.9985,1.28,199.42,1785.49,Silver
15523,84,1,412.01,2,1,2,212,Hibernating,0,❄️  Inactive / Lost,1.0,0.41,412.01,168.77,Bronze
15524,25,1,440.0,4,1,2,412,New Customers,1,🟢 Promising Mid-Tier,1.0,0.41,440.0,180.24,Bronze
15525,2,3,823.42,5,3,3,533,Loyal Customers,1,🟢 Promising Mid-Tier,0.9996,2.16,274.47,3974.93,Gold
15526,33,2,148.44,4,3,1,431,Need Attention,1,🟢 Promising Mid-Tier,0.9985,1.28,74.22,729.1,Silver
15527,19,8,2429.78,4,5,5,455,Champions,2,🏆 High Value Active,0.9999,6.54,303.72,13077.32,Platinum
15528,254,1,229.33,1,1,1,111,Hibernating,0,❄️  Inactive / Lost,1.0,0.41,229.33,93.94,Bronze
15529,23,11,3992.68,4,5,5,455,Champions,2,🏆 High Value Active,0.9999,9.17,362.97,21850.9,Platinum
15530,22,4,1502.35,4,4,4,444,Champions,3,🟢 Promising Mid-Tier,0.9997,3.04,375.59,7553.12,Gold
15531,8,2,2007.44,5,3,4,534,Loyal Customers,1,🟢 Promising Mid-Tier,0.9986,1.28,1003.72,8573.05,Gold
15532,25,4,1571.03,4,4,4,444,Champions,3,🟢 Promising Mid-Tier,0.9997,3.04,392.76,7894.66,Gold
15533,19,3,807.57,4,3,3,433,Loyal Customers,1,🟢 Promising Mid-Tier,0.9996,2.16,269.19,3899.91,Gold
15535,173,4,536.4,2,4,3,243,At Risk,3,🟢 Promising Mid-Tier,0.9985,3.03,134.1,2745.39,Silver
15537,163,1,110.92,2,1,1,211,Hibernating,0,❄️  Inactive / Lost,1.0,0.41,110.92,45.44,Bronze
15539,7,1,538.46,5,1,3,513,New Customers,1,🟢 Promising Mid-Tier,1.0,0.41,538.46,220.57,Bronze
15540,11,1,213.3,5,1,1,511,New Customers,1,🟢 Promising Mid-Tier,1.0,0.41,213.3,87.37,Bronze
15541,114,1,85.13,2,1,1,211,Hibernating,0,❄️  Inactive / Lost,1.0,0.41,85.13,34.87,Bronze
15543,288,1,127.86,1,1,1,111,Hibernating,0,❄️  Inactive / Lost,1.0,0.41,127.86,52.38,Bronze
15544,9,9,3546.71,5,5,5,555,Champions,2,🏆 High Value Active,0.9999,7.42,394.08,19203.22,Platinum
15545,54,2,292.72,3,3,2,332,Potential Loyalists,0,❄️  Inactive / Lost,0.9984,1.28,146.36,1337.62,Silver
15547,7,14,4954.84,5,5,5,555,Champions,2,🏆 High Value Active,0.9999,11.8,353.92,27391.08,Platinum
15549,77,3,1689.51,2,3,4,234,At Risk,3,🟢 Promising Mid-Tier,0.9993,2.16,563.17,8062.95,Gold
15550,4,4,575.63,5,4,3,543,Loyal Customers,1,🟢 Promising Mid-Tier,0.9998,3.04,143.91,2943.98,Silver
15551,37,1,436.06,3,1,2,312,Promising,1,🟢 Promising Mid-Tier,1.0,0.41,436.06,178.62,Bronze
15552,217,1,90.12,1,1,1,111,Hibernating,0,❄️  Inactive / Lost,1.0,0.41,90.12,36.92,Bronze
15553,60,1,437.23,3,1,2,312,Promising,0,❄️  Inactive / Lost,1.0,0.41,437.23,179.1,Bronze
15554,278,1,217.2,1,1,1,111,Hibernating,0,❄️  Inactive / Lost,1.0,0.41,217.2,88.97,Bronze
15555,12,16,4802.18,5,5,5,555,Champions,2,🏆 High Value Active,0.9999,13.55,300.14,26678.44,Platinum
15556,24,1,279.77,4,1,2,412,New Customers,1,🟢 Promising Mid-Tier,1.0,0.41,279.77,114.6,Bronze
15557,29,1,473.65,4,1,2,412,New Customers,1,🟢 Promising Mid-Tier,1.0,0.41,473.65,194.02,Bronze
15561,12,4,800.59,5,4,3,543,Loyal Customers,1,🟢 Promising Mid-Tier,0.9997,3.04,200.15,4062.85,Gold
15562,352,1,134.55,1,1,1,111,Hibernating,0,❄️  Inactive / Lost,1.0,0.41,134.55,55.12,Bronze
15563,22,3,1361.44,4,3,4,434,Loyal Customers,3,🟢 Promising Mid-Tier,0.9995,2.16,453.81,6515.37,Gold
15565,50,2,173.16,3,3,1,331,Potential Loyalists,0,❄️  Inactive / Lost,0.9984,1.28,86.58,833.3,Silver
15567,19,1,186.01,4,1,1,411,New Customers,1,🟢 Promising Mid-Tier,1.0,0.41,186.01,76.19,Bronze
15568,3,3,758.29,5,3,3,533,Loyal Customers,1,🟢 Promising Mid-Tier,0.9996,2.16,252.76,3667.34,Gold
15569,104,5,1375.71,2,4,4,244,At Risk,3,🟢 Promising Mid-Tier,0.9994,3.91,275.14,7125.48,Gold
15570,7,12,4165.52,5,5,5,555,Champions,2,🏆 High Value Active,0.9999,10.04,347.13,22889.62,Platinum
15571,12,4,650.43,5,4,3,543,Loyal Customers,1,🟢 Promising Mid-Tier,0.9997,3.04,162.61,3315.98,Gold
15572,5,7,2552.86,5,5,5,555,Champions,2,🏆 High Value Active,0.9999,5.66,364.69,13599.35,Platinum
15573,32,2,599.5,4,3,3,433,Loyal Customers,1,🟢 Promising Mid-Tier,0.9985,1.28,299.75,2632.06,Silver
15574,178,4,702.25,2,4,3,243,At Risk,3,🟢 Promising Mid-Tier,0.9984,3.03,175.56,3568.87,Gold
15576,38,1,940.67,3,1,4,314,Need Attention,1,🟢 Promising Mid-Tier,1.0,0.41,940.67,385.32,Bronze
15577,151,3,258.88,2,3,2,232,Need Attention,0,❄️  Inactive / Lost,0.9988,2.16,86.29,1307.85,Silver
15578,162,1,127.1,2,1,1,211,Hibernating,0,❄️  Inactive / Lost,1.0,0.41,127.1,52.06,Bronze
15579,69,2,348.6,3,3,2,332,Potential Loyalists,0,❄️  Inactive / Lost,0.9983,1.28,174.3,1573.17,Silver
15581,156,10,721.63,2,5,3,253,At Risk,3,🟢 Promising Mid-Tier,0.9943,8.25,72.16,3967.43,Gold
15582,25,3,682.91,4,3,3,433,Loyal Customers,1,🟢 Promising Mid-Tier,0.9995,2.16,227.64,3311.17,Gold
15584,24,4,725.11,4,4,3,443,Loyal Customers,3,🟢 Promising Mid-Tier,0.9997,3.04,181.28,3687.32,Gold
15585,177,1,455.3,2,1,2,212,Hibernating,0,❄️  Inactive / Lost,1.0,0.41,455.3,186.5,Bronze
15587,50,4,913.68,3,4,3,343,Loyal Customers,3,🟢 Promising Mid-Tier,0.9996,3.04,228.42,4624.85,Gold
15589,256,3,478.53,1,3,2,132,Need Attention,0,❄️  Inactive / Lost,0.9958,2.15,159.51,2337.35,Silver
15592,47,1,388.58,3,1,2,312,Promising,0,❄️  Inactive / Lost,1.0,0.41,388.58,159.17,Bronze
15593,71,1,199.8,3,1,1,311,Promising,0,❄️  Inactive / Lost,1.0,0.41,199.8,81.84,Bronze
15594,16,5,1771.78,4,4,4,444,Champions,3,🟢 Promising Mid-Tier,0.9998,3.91,354.36,9158.12,Gold
15596,101,5,1406.59,2,4,4,244,At Risk,3,🟢 Promising Mid-Tier,0.9994,3.91,281.32,7283.85,Gold
15597,35,1,324.57,3,1,2,312,Promising,1,🟢 Promising Mid-Tier,1.0,0.41,324.57,132.95,Bronze
15598,53,1,240.68,3,1,1,311,Promising,0,❄️  Inactive / Lost,1.0,0.41,240.68,98.59,Bronze
15599,27,2,761.74,4,3,3,433,Loyal Customers,1,🟢 Promising Mid-Tier,0.9985,1.28,380.87,3316.62,Gold
15601,11,14,6776.56,5,5,5,555,Champions,2,🏆 High Value Active,0.9999,11.8,484.04,37434.9,Platinum
15602,8,9,1297.87,5,5,4,554,Champions,2,🏆 High Value Active,0.9999,7.42,144.21,7074.07,Gold
15603,79,1,48.48,2,1,1,211,Hibernating,0,❄️  Inactive / Lost,1.0,0.41,48.48,19.86,Bronze
15604,52,1,216.39,3,1,1,311,Promising,0,❄️  Inactive / Lost,1.0,0.41,216.39,88.64,Bronze
15605,36,5,1198.23,3,4,4,344,Loyal Customers,3,🟢 Promising Mid-Tier,0.9998,3.91,239.65,6218.47,Gold
15606,61,9,2920.16,3,5,5,355,Loyal Customers,3,🟢 Promising Mid-Tier,0.9997,7.42,324.46,15820.73,Platinum
15607,337,1,104.76,1,1,1,111,Hibernating,0,❄️  Inactive / Lost,1.0,0.41,104.76,42.91,Bronze
15608,28,4,1093.68,4,4,4,444,Champions,3,🟢 Promising Mid-Tier,0.9997,3.04,273.42,5520.42,Gold
15609,184,1,298.48,1,1,2,112,Hibernating,0,❄️  Inactive / Lost,1.0,0.41,298.48,122.27,Bronze
15610,52,1,112.46,3,1,1,311,Promising,0,❄️  Inactive / Lost,1.0,0.41,112.46,46.07,Bronze
15611,10,11,1570.45,5,5,4,554,Champions,2,🏆 High Value Active,0.9999,9.17,142.77,8639.31,Gold
15612,36,2,195.15,3,3,1,331,Potential Loyalists,1,🟢 Promising Mid-Tier,0.9985,1.28,97.58,926.14,Silver
15615,10,23,10399.74,5,5,5,555,Champions,2,🏆 High Value Active,1.0,19.68,452.16,58289.48,Platinum
15618,33,4,776.85,4,4,3,443,Loyal Customers,3,🟢 Promising Mid-Tier,0.9997,3.04,194.21,3944.56,Gold
15619,11,1,336.4,5,1,2,512,New Customers,1,🟢 Promising Mid-Tier,1.0,0.41,336.4,137.8,Bronze
15620,57,3,1553.18,3,3,4,334,Loyal Customers,3,🟢 Promising Mid-Tier,0.9994,2.16,517.73,7419.94,Gold
15621,4,4,1293.03,5,4,4,544,Champions,1,🟢 Promising Mid-Tier,0.9998,3.04,323.26,6512.28,Gold
15622,43,9,3709.56,3,5,5,355,Loyal Customers,2,🏆 High Value Active,0.9998,7.42,412.17,20079.54,Platinum
15623,141,1,301.03,2,1,2,212,Hibernating,0,❄️  Inactive / Lost,1.0,0.41,301.03,123.31,Bronze
15624,117,4,588.13,2,4,3,243,At Risk,3,🟢 Promising Mid-Tier,0.9993,3.04,147.03,3004.68,Gold
15625,104,4,1534.26,2,4,4,244,At Risk,3,🟢 Promising Mid-Tier,0.9994,3.04,383.56,7709.12,Gold
15626,75,2,675.8,2,3,3,233,At Risk,3,🟢 Promising Mid-Tier,0.9982,1.28,337.9,2953.12,Silver
15628,5,9,2870.24,5,5,5,555,Champions,2,🏆 High Value Active,0.9999,7.42,318.92,15554.78,Platinum
15630,45,2,1186.35,3,3,4,334,Loyal Customers,3,🟢 Promising Mid-Tier,0.9984,1.28,593.17,5107.51,Gold
15632,16,8,3285.31,4,5,5,455,Champions,2,🏆 High Value Active,0.9999,6.54,410.66,17655.74,Platinum
15634,17,1,243.55,4,1,1,411,New Customers,1,🟢 Promising Mid-Tier,1.0,0.41,243.55,99.76,Bronze
15636,90,2,724.76,2,3,3,233,At Risk,3,🟢 Promising Mid-Tier,0.9981,1.28,362.38,3159.24,Gold
15637,53,1,223.36,3,1,1,311,Promising,0,❄️  Inactive / Lost,1.0,0.41,223.36,91.49,Bronze
15639,134,1,425.32,2,1,2,212,Hibernating,0,❄️  Inactive / Lost,1.0,0.41,425.32,174.22,Bronze
15640,4,15,12515.66,5,5,5,555,Champions,2,🏆 High Value Active,1.0,12.67,834.38,69258.4,Platinum
15641,105,4,1887.2,2,4,4,244,At Risk,3,🟢 Promising Mid-Tier,0.9994,3.04,471.8,9463.87,Gold
15643,192,3,664.0,1,3,3,133,At Risk,0,❄️  Inactive / Lost,0.9982,2.16,221.33,3217.48,Gold
15644,166,4,813.0,2,4,3,243,At Risk,3,🟢 Promising Mid-Tier,0.9986,3.03,203.25,4120.02,Gold
15645,19,1,611.59,4,1,3,413,New Customers,1,🟢 Promising Mid-Tier,1.0,0.41,611.59,250.52,Bronze
15646,158,3,447.64,2,3,2,232,Need Attention,0,❄️  Inactive / Lost,0.9987,2.16,149.21,2198.36,Silver
15648,204,2,657.35,1,3,3,133,At Risk,0,❄️  Inactive / Lost,0.9965,1.28,328.68,2870.2,Silver
15649,336,2,816.0,1,3,3,133,At Risk,0,❄️  Inactive / Lost,0.9854,1.27,408.0,3499.03,Gold
15651,37,3,646.3,3,3,3,333,Loyal Customers,3,🟢 Promising Mid-Tier,0.9995,2.16,215.43,3138.18,Gold
15652,91,1,337.74,2,1,2,212,Hibernating,0,❄️  Inactive / Lost,1.0,0.41,337.74,138.35,Bronze
15653,93,2,877.44,2,3,3,233,At Risk,3,🟢 Promising Mid-Tier,0.9981,1.28,438.72,3803.02,Gold
15654,9,2,922.53,5,3,3,533,Loyal Customers,1,🟢 Promising Mid-Tier,0.9986,1.28,461.26,3995.37,Gold
15655,243,1,560.67,1,1,3,113,Need Attention,0,❄️  Inactive / Lost,1.0,0.41,560.67,229.67,Bronze
15656,45,4,748.5,3,4,3,343,Loyal Customers,3,🟢 Promising Mid-Tier,0.9997,3.04,187.12,3803.43,Gold
15657,23,1,30.0,4,1,1,411,New Customers,1,🟢 Promising Mid-Tier,1.0,0.41,30.0,12.29,Bronze
15658,190,5,1024.1,1,4,4,144,At Risk,3,🟢 Promising Mid-Tier,0.9975,3.9,204.82,5314.05,Gold
15659,44,1,306.45,3,1,2,312,Promising,0,❄️  Inactive / Lost,1.0,0.41,306.45,125.53,Bronze
15660,25,9,1600.86,4,5,4,454,Champions,2,🏆 High Value Active,0.9999,7.42,177.87,8707.91,Gold
15661,317,2,309.8,1,3,2,132,Need Attention,0,❄️  Inactive / Lost,0.9893,1.27,154.9,1396.83,Silver
15663,106,1,138.14,2,1,1,211,Hibernating,0,❄️  Inactive / Lost,1.0,0.41,138.14,56.59,Bronze
15664,51,1,386.43,3,1,2,312,Promising,0,❄️  Inactive / Lost,1.0,0.41,386.43,158.29,Bronze
15665,168,2,2242.01,2,3,5,235,At Risk,3,🟢 Promising Mid-Tier,0.9972,1.28,1121.01,9548.83,Gold
15667,40,1,301.32,3,1,2,312,Promising,1,🟢 Promising Mid-Tier,1.0,0.41,301.32,123.43,Bronze
15668,218,1,76.32,1,1,1,111,Hibernating,0,❄️  Inactive / Lost,1.0,0.41,76.32,31.26,Bronze
15669,40,4,684.34,3,4,3,343,Loyal Customers,3,🟢 Promising Mid-Tier,0.9997,3.04,171.08,3484.39,Gold
15670,297,1,173.05,1,1,1,111,Hibernating,0,❄️  Inactive / Lost,1.0,0.41,173.05,70.89,Bronze
15671,19,7,2657.13,4,5,5,455,Champions,2,🏆 High Value Active,0.9999,5.66,379.59,14151.33,Platinum
15673,88,4,2881.02,2,4,5,245,At Risk,3,🟢 Promising Mid-Tier,0.9995,3.04,720.26,14406.64,Platinum
15674,73,4,2111.89,2,4,5,245,At Risk,3,🟢 Promising Mid-Tier,0.9995,3.04,527.97,10582.97,Platinum
15675,81,3,323.69,2,3,2,232,Need Attention,0,❄️  Inactive / Lost,0.9993,2.16,107.9,1614.52,Silver
15676,19,3,3435.76,4,3,5,435,Loyal Customers,3,🟢 Promising Mid-Tier,0.9996,2.16,1145.25,16310.93,Platinum
15677,49,1,657.23,3,1,3,313,Need Attention,1,🟢 Promising Mid-Tier,1.0,0.41,657.23,269.22,Bronze
15678,53,1,352.7,3,1,2,312,Promising,0,❄️  Inactive / Lost,1.0,0.41,352.7,144.48,Bronze
15679,24,4,781.28,4,4,3,443,Loyal Customers,3,🟢 Promising Mid-Tier,0.9997,3.04,195.32,3966.69,Gold
15680,9,3,1333.68,5,4,4,544,Champions,1,🟢 Promising Mid-Tier,0.9996,2.16,444.56,6384.51,Gold
15681,25,5,1426.16,4,4,4,444,Champions,3,🟢 Promising Mid-Tier,0.9998,3.91,285.23,7386.73,Gold
15683,117,1,193.75,2,1,1,211,Hibernating,0,❄️  Inactive / Lost,1.0,0.41,193.75,79.37,Bronze
15687,9,9,2993.1,5,5,5,555,Champions,2,🏆 High Value Active,0.9999,7.42,332.57,16217.31,Platinum
15689,120,2,254.1,2,3,2,232,Need Attention,0,❄️  Inactive / Lost,0.9978,1.28,127.05,1174.05,Silver
15690,4,2,239.76,5,3,1,531,Need Attention,1,🟢 Promising Mid-Tier,0.9987,1.28,119.88,1114.53,Silver
15691,252,1,136.8,1,1,1,111,Hibernating,0,❄️  Inactive / Lost,1.0,0.41,136.8,56.04,Bronze
15692,28,1,191.04,4,1,1,411,New Customers,1,🟢 Promising Mid-Tier,1.0,0.41,191.04,78.26,Bronze
15694,1,13,6464.4,5,5,5,555,Champions,2,🏆 High Value Active,0.9999,10.92,497.26,35607.25,Platinum
15695,267,2,409.98,1,3,2,132,Need Attention,0,❄️  Inactive / Lost,0.9941,1.28,204.99,1824.36,Silver
15696,33,8,2736.46,4,5,5,455,Champions,3,🟢 Promising Mid-Tier,0.9998,6.54,342.06,14717.93,Platinum
15699,18,1,309.65,4,1,2,412,New Customers,1,🟢 Promising Mid-Tier,1.0,0.41,309.65,126.84,Bronze
15700,172,2,696.68,2,3,3,233,At Risk,0,❄️  Inactive / Lost,0.9971,1.28,348.34,3037.79,Gold
15701,2,4,1542.14,5,4,4,544,Champions,2,🏆 High Value Active,0.9998,3.04,385.54,7751.37,Gold
15703,265,1,211.5,1,1,1,111,Hibernating,0,❄️  Inactive / Lost,1.0,0.41,211.5,86.64,Bronze
15704,140,4,2293.62,2,4,5,245,At Risk,3,🟢 Promising Mid-Tier,0.999,3.03,573.4,11480.8,Platinum
15705,201,1,143.1,1,1,1,111,Hibernating,0,❄️  Inactive / Lost,1.0,0.41,143.1,58.62,Bronze
15706,64,4,1060.56,3,4,4,344,Loyal Customers,3,🟢 Promising Mid-Tier,0.9996,3.04,265.14,5355.05,Gold
15707,35,4,945.58,3,4,4,344,Loyal Customers,3,🟢 Promising Mid-Tier,0.9997,3.04,236.4,4783.73,Gold
15708,41,7,3364.24,3,5,5,355,Loyal Customers,3,🟢 Promising Mid-Tier,0.9998,5.66,480.61,17896.07,Platinum
15709,284,1,133.25,1,1,1,111,Hibernating,0,❄️  Inactive / Lost,1.0,0.41,133.25,54.58,Bronze
15712,9,5,1072.36,5,4,4,544,Champions,3,🟢 Promising Mid-Tier,0.9998,3.91,214.47,5573.81,Gold
15713,143,2,356.7,2,3,2,232,Need Attention,0,❄️  Inactive / Lost,0.9975,1.28,178.35,1606.17,Silver
15714,12,2,330.88,5,3,2,532,Need Attention,1,🟢 Promising Mid-Tier,0.9986,1.28,165.44,1498.95,Silver
15716,146,4,1118.81,2,4,4,244,At Risk,3,🟢 Promising Mid-Tier,0.999,3.03,279.7,5641.19,Gold
15717,234,1,150.3,1,1,1,111,Hibernating,0,❄️  Inactive / Lost,1.0,0.41,150.3,61.57,Bronze
15719,33,13,5043.96,4,5,5,455,Champions,2,🏆 High Value Active,0.9999,10.92,388.0,27796.68,Platinum
15720,24,1,598.73,4,1,3,413,New Customers,1,🟢 Promising Mid-Tier,1.0,0.41,598.73,245.26,Bronze
15721,12,1,507.08,5,1,3,513,New Customers,1,🟢 Promising Mid-Tier,1.0,0.41,507.08,207.71,Bronze
15722,36,5,2222.56,3,4,5,345,Loyal Customers,3,🟢 Promising Mid-Tier,0.9998,3.91,444.51,11467.7,Platinum
15723,365,1,203.1,1,2,1,121,Hibernating,0,❄️  Inactive / Lost,1.0,0.41,203.1,83.2,Bronze
15724,201,2,218.25,1,3,1,131,Need Attention,0,❄️  Inactive / Lost,0.9965,1.28,109.12,1021.58,Silver
15725,15,1,415.25,4,2,2,422,New Customers,1,🟢 Promising Mid-Tier,1.0,0.41,415.25,170.1,Bronze
15727,17,7,5178.96,4,5,5,455,Champions,2,🏆 High Value Active,0.9999,5.66,739.85,27510.71,Platinum
15729,213,1,85.0,1,2,1,121,Hibernating,0,❄️  Inactive / Lost,1.0,0.41,85.0,34.82,Bronze
15730,66,3,1120.88,3,4,4,344,Loyal Customers,3,🟢 Promising Mid-Tier,0.9994,2.16,373.63,5378.56,Gold
15732,212,2,294.12,1,3,2,132,Need Attention,0,❄️  Inactive / Lost,0.9963,1.28,147.06,1340.66,Silver
15733,283,1,162.3,1,2,1,121,Hibernating,0,❄️  Inactive / Lost,1.0,0.41,162.3,66.48,Bronze
15734,115,2,1339.45,2,3,4,234,At Risk,3,🟢 Promising Mid-Tier,0.9979,1.28,669.72,5750.14,Gold
15737,15,8,1205.12,4,5,4,454,Champions,2,🏆 High Value Active,0.9999,6.54,150.64,6523.71,Gold
15738,19,16,4812.42,4,5,5,455,Champions,2,🏆 High Value Active,0.9999,13.55,300.78,26734.66,Platinum
15739,66,1,449.12,3,2,2,322,Potential Loyalists,0,❄️  Inactive / Lost,1.0,0.41,449.12,183.97,Bronze
15740,49,1,154.88,3,2,1,321,Potential Loyalists,0,❄️  Inactive / Lost,1.0,0.41,154.88,63.44,Bronze
15743,16,4,784.46,4,4,3,443,Loyal Customers,1,🟢 Promising Mid-Tier,0.9997,3.04,196.12,3982.59,Gold
15744,78,1,34.8,2,2,1,221,Hibernating,0,❄️  Inactive / Lost,1.0,0.41,34.8,14.26,Bronze
15745,19,4,1094.59,4,4,4,444,Champions,3,🟢 Promising Mid-Tier,0.9997,3.04,273.65,5525.07,Gold
15746,134,1,196.88,2,2,1,221,Hibernating,0,❄️  Inactive / Lost,1.0,0.41,196.88,80.65,Bronze
15747,13,3,974.04,5,4,4,544,Champions,1,🟢 Promising Mid-Tier,0.9996,2.16,324.68,4686.1,Gold
15748,40,1,149.31,3,2,1,321,Potential Loyalists,0,❄️  Inactive / Lost,1.0,0.41,149.31,61.16,Bronze
15749,235,3,44534.3,1,4,5,145,At Risk,3,🟢 Promising Mid-Tier,0.9969,2.15,14844.77,209834.45,Platinum
15750,3,8,2465.48,5,5,5,555,Champions,2,🏆 High Value Active,0.9999,6.54,308.18,13268.79,Platinum
15752,40,7,2637.38,3,5,5,355,Loyal Customers,3,🟢 Promising Mid-Tier,0.9998,5.66,376.77,14045.87,Platinum
15753,305,1,79.2,1,2,1,121,Hibernating,0,❄️  Inactive / Lost,1.0,0.41,79.2,32.44,Bronze
15754,51,3,458.57,3,4,2,342,Potential Loyalists,3,🟢 Promising Mid-Tier,0.9995,2.16,152.86,2251.6,Silver
15755,10,6,2364.25,5,5,5,555,Champions,2,🏆 High Value Active,0.9999,4.79,394.04,12431.03,Platinum
15756,61,4,532.96,3,4,3,343,Loyal Customers,3,🟢 Promising Mid-Tier,0.9996,3.04,133.24,2731.3,Silver
15757,66,2,714.42,3,3,3,333,Loyal Customers,3,🟢 Promising Mid-Tier,0.9983,1.28,357.21,3116.22,Gold
15758,25,1,205.25,4,2,1,421,New Customers,1,🟢 Promising Mid-Tier,1.0,0.41,205.25,84.08,Bronze
15759,218,3,253.04,1,4,2,142,Need Attention,0,❄️  Inactive / Lost,0.9975,2.16,84.35,1278.67,Silver
15762,65,2,583.75,3,3,3,333,Loyal Customers,3,🟢 Promising Mid-Tier,0.9983,1.28,291.88,2565.08,Silver
15763,32,2,1086.92,4,3,4,434,Loyal Customers,3,🟢 Promising Mid-Tier,0.9985,1.28,543.46,4688.42,Gold
15764,88,6,3279.97,2,5,5,255,At Risk,3,🟢 Promising Mid-Tier,0.9995,4.79,546.66,17210.63,Platinum
15766,64,1,315.06,3,2,2,322,Potential Loyalists,0,❄️  Inactive / Lost,1.0,0.41,315.06,129.06,Bronze
15768,116,3,621.83,2,4,3,243,At Risk,3,🟢 Promising Mid-Tier,0.9991,2.16,207.28,3021.45,Gold
15769,7,26,56252.72,5,5,5,555,Champions,2,🏆 High Value Active,1.0,22.31,2163.57,315831.86,Platinum
15773,6,1,635.68,5,2,3,523,New Customers,1,🟢 Promising Mid-Tier,1.0,0.41,635.68,260.39,Bronze
15774,69,1,270.8,3,2,2,322,Potential Loyalists,0,❄️  Inactive / Lost,1.0,0.41,270.8,110.93,Bronze
15775,245,1,104.9,1,2,1,121,Hibernating,0,❄️  Inactive / Lost,1.0,0.41,104.9,42.97,Bronze
15776,133,1,241.62,2,2,1,221,Hibernating,0,❄️  Inactive / Lost,1.0,0.41,241.62,98.97,Bronze
15777,241,4,1047.11,1,4,4,144,At Risk,3,🟢 Promising Mid-Tier,0.9953,3.02,261.78,5265.68,Gold
15780,184,3,475.28,1,4,2,142,Need Attention,0,❄️  Inactive / Lost,0.9983,2.16,158.43,2327.88,Silver
15781,25,3,345.46,4,4,2,442,Need Attention,1,🟢 Promising Mid-Tier,0.9995,2.16,115.15,1717.67,Silver
15782,10,3,2614.74,5,4,5,545,Champions,3,🟢 Promising Mid-Tier,0.9996,2.16,871.58,12434.15,Platinum
15783,11,1,246.3,5,2,1,521,New Customers,1,🟢 Promising Mid-Tier,1.0,0.41,246.3,100.89,Bronze
15785,33,5,2328.97,4,4,5,445,Champions,3,🟢 Promising Mid-Tier,0.9998,3.91,465.79,12013.1,Platinum
15786,46,3,4932.2,3,4,5,345,Loyal Customers,3,🟢 Promising Mid-Tier,0.9995,2.16,1644.07,23375.54,Platinum
15787,26,3,948.05,4,4,4,444,Champions,3,🟢 Promising Mid-Tier,0.9995,2.16,316.02,4563.2,Gold
15789,358,1,351.3,1,2,2,122,Hibernating,0,❄️  Inactive / Lost,1.0,0.41,351.3,143.9,Bronze
15790,10,1,220.85,5,2,1,521,New Customers,1,🟢 Promising Mid-Tier,1.0,0.41,220.85,90.47,Bronze
15791,44,2,1612.69,3,3,4,334,Loyal Customers,3,🟢 Promising Mid-Tier,0.9984,1.28,806.34,6906.08,Gold
15793,15,3,965.61,4,4,4,444,Champions,1,🟢 Promising Mid-Tier,0.9996,2.16,321.87,4646.26,Gold
15795,150,1,610.01,2,2,3,223,Need Attention,0,❄️  Inactive / Lost,1.0,0.41,610.01,249.88,Bronze
15796,1,8,2710.56,5,5,5,555,Champions,2,🏆 High Value Active,0.9999,6.54,338.82,14580.41,Platinum
15797,113,3,2192.4,2,4,5,245,At Risk,3,🟢 Promising Mid-Tier,0.9991,2.16,730.8,10435.04,Platinum
15799,76,3,884.14,2,4,3,243,At Risk,3,🟢 Promising Mid-Tier,0.9993,2.16,294.71,4260.6,Gold
15800,107,2,699.08,2,3,3,233,At Risk,0,❄️  Inactive / Lost,0.998,1.28,349.54,3050.47,Gold
15801,46,3,1063.95,3,4,4,344,Loyal Customers,3,🟢 Promising Mid-Tier,0.9995,2.16,354.65,5110.17,Gold
15803,51,1,415.82,3,2,2,322,Potential Loyalists,0,❄️  Inactive / Lost,1.0,0.41,415.82,170.33,Bronze
15804,1,13,4206.39,5,5,5,555,Champions,2,🏆 High Value Active,0.9999,10.92,323.57,23195.02,Platinum
15805,23,17,5528.48,4,5,5,455,Champions,2,🏆 High Value Active,0.9999,14.42,325.2,30762.76,Platinum
15806,46,3,784.58,3,4,3,343,Loyal Customers,3,🟢 Promising Mid-Tier,0.9995,2.16,261.53,3791.02,Gold
15807,50,3,903.9,3,4,3,343,Loyal Customers,3,🟢 Promising Mid-Tier,0.9995,2.16,301.3,4354.37,Gold
15808,306,4,3734.97,1,4,5,145,At Risk,3,🟢 Promising Mid-Tier,0.9772,2.97,933.74,18237.76,Platinum
15809,36,5,515.77,3,4,3,343,Loyal Customers,3,🟢 Promising Mid-Tier,0.9998,3.91,103.15,2721.17,Silver
15810,79,4,1391.98,2,4,4,244,At Risk,3,🟢 Promising Mid-Tier,0.9995,3.04,348.0,7002.75,Gold
15811,22,6,2218.62,4,5,5,455,Champions,3,🟢 Promising Mid-Tier,0.9998,4.79,369.77,11669.72,Platinum
15812,107,5,1801.14,2,4,4,244,At Risk,3,🟢 Promising Mid-Tier,0.9994,3.91,360.23,9304.6,Gold
15813,208,2,1303.91,1,3,4,134,At Risk,3,🟢 Promising Mid-Tier,0.9964,1.28,651.96,5591.76,Gold
15814,17,4,1945.33,4,4,4,444,Champions,3,🟢 Promising Mid-Tier,0.9997,3.04,486.33,9756.5,Gold
15815,64,5,2100.6,3,4,5,345,Loyal Customers,3,🟢 Promising Mid-Tier,0.9997,3.91,420.12,10841.61,Platinum
15819,49,4,1905.45,3,4,4,344,Loyal Customers,3,🟢 Promising Mid-Tier,0.9996,3.04,476.36,9557.28,Gold
15820,320,1,206.98,1,2,1,121,Hibernating,0,❄️  Inactive / Lost,1.0,0.41,206.98,84.78,Bronze
15821,44,2,570.96,3,3,3,333,Loyal Customers,1,🟢 Promising Mid-Tier,0.9984,1.28,285.48,2511.48,Silver
15822,3,2,885.47,5,3,3,533,Loyal Customers,1,🟢 Promising Mid-Tier,0.9987,1.28,442.74,3839.11,Gold
15823,372,1,15.0,1,2,1,121,Hibernating,0,❄️  Inactive / Lost,1.0,0.41,15.0,6.14,Bronze
15825,172,1,532.94,2,2,3,223,Need Attention,0,❄️  Inactive / Lost,1.0,0.41,532.94,218.31,Bronze
15826,56,3,1654.31,3,4,4,344,Loyal Customers,3,🟢 Promising Mid-Tier,0.9994,2.16,551.44,7897.48,Gold
15827,73,14,1836.09,2,5,4,254,At Risk,3,🟢 Promising Mid-Tier,0.9994,11.79,131.15,10190.06,Platinum
15829,99,2,636.14,2,3,3,233,At Risk,0,❄️  Inactive / Lost,0.998,1.28,318.07,2785.29,Silver
15830,38,1,576.0,3,2,3,323,Potential Loyalists,1,🟢 Promising Mid-Tier,1.0,0.41,576.0,235.95,Bronze
15831,58,3,801.76,3,4,3,343,Loyal Customers,3,🟢 Promising Mid-Tier,0.9994,2.16,267.25,3871.97,Gold
15832,254,1,836.79,1,2,3,123,Need Attention,0,❄️  Inactive / Lost,1.0,0.41,836.79,342.77,Bronze
15834,70,4,2231.25,3,4,5,345,Loyal Customers,3,🟢 Promising Mid-Tier,0.9996,3.04,557.81,11176.68,Platinum
15835,44,4,954.09,3,4,4,344,Loyal Customers,3,🟢 Promising Mid-Tier,0.9997,3.04,238.52,4825.92,Gold
15836,50,1,137.37,3,2,1,321,Potential Loyalists,0,❄️  Inactive / Lost,1.0,0.41,137.37,56.27,Bronze
15837,65,1,391.98,3,2,2,322,Potential Loyalists,0,❄️  Inactive / Lost,1.0,0.41,391.98,160.57,Bronze
15838,11,19,33643.08,5,5,5,555,Champions,2,🏆 High Value Active,0.9999,16.18,1770.69,187475.12,Platinum
15839,33,3,1048.49,4,4,4,444,Champions,3,🟢 Promising Mid-Tier,0.9995,2.16,349.5,5037.39,Gold
15840,59,2,355.56,3,3,2,332,Potential Loyalists,0,❄️  Inactive / Lost,0.9983,1.28,177.78,1602.64,Silver
15841,73,4,1224.06,2,4,4,244,At Risk,3,🟢 Promising Mid-Tier,0.9995,3.04,306.02,6167.91,Gold
15843,304,1,118.95,1,2,1,121,Hibernating,0,❄️  Inactive / Lost,1.0,0.41,118.95,48.73,Bronze
15844,46,1,130.74,3,2,1,321,Potential Loyalists,0,❄️  Inactive / Lost,1.0,0.41,130.74,53.55,Bronze
15845,18,8,3711.77,4,5,5,455,Champions,2,🏆 High Value Active,0.9999,6.54,463.97,19937.83,Platinum
15847,38,2,389.27,3,3,2,332,Potential Loyalists,1,🟢 Promising Mid-Tier,0.9985,1.28,194.64,1745.07,Silver
15850,19,2,238.85,4,3,1,431,Need Attention,1,🟢 Promising Mid-Tier,0.9986,1.28,119.42,1110.61,Silver
15852,187,2,160.71,1,3,1,131,Need Attention,0,❄️  Inactive / Lost,0.9968,1.28,80.36,779.55,Silver
15853,52,1,110.8,3,2,1,321,Potential Loyalists,0,❄️  Inactive / Lost,1.0,0.41,110.8,45.39,Bronze
15854,4,12,2974.65,5,5,5,555,Champions,2,🏆 High Value Active,0.9999,10.04,247.89,16366.68,Platinum
15855,137,5,712.24,2,4,3,243,At Risk,3,🟢 Promising Mid-Tier,0.999,3.91,142.45,3725.24,Gold
15856,4,27,16386.31,5,5,5,555,Champions,2,🏆 High Value Active,1.0,23.18,606.9,92122.77,Platinum
15857,19,1,297.0,4,2,2,422,New Customers,1,🟢 Promising Mid-Tier,1.0,0.41,297.0,121.66,Bronze
15858,16,5,1438.85,4,4,4,444,Champions,3,🟢 Promising Mid-Tier,0.9998,3.91,287.77,7451.92,Gold
15860,41,8,977.21,3,5,4,354,Loyal Customers,3,🟢 Promising Mid-Tier,0.9998,6.54,122.15,5303.66,Gold
15861,12,8,3165.36,5,5,5,555,Champions,2,🏆 High Value Active,0.9999,6.54,395.67,17013.98,Platinum
15862,8,4,832.88,5,4,3,543,Loyal Customers,1,🟢 Promising Mid-Tier,0.9997,3.04,208.22,4223.49,Gold
15863,26,2,68.84,4,3,1,431,Need Attention,1,🟢 Promising Mid-Tier,0.9985,1.28,34.42,393.29,Bronze
15864,22,6,1936.32,4,5,4,454,Champions,3,🟢 Promising Mid-Tier,0.9998,4.79,322.72,10194.58,Platinum
15865,41,3,895.13,3,4,3,343,Loyal Customers,3,🟢 Promising Mid-Tier,0.9995,2.16,298.38,4313.1,Gold
15866,101,1,230.53,2,2,1,221,Hibernating,0,❄️  Inactive / Lost,1.0,0.41,230.53,94.43,Bronze
15867,5,15,3806.1,5,5,5,555,Champions,2,🏆 High Value Active,0.9999,12.67,253.74,21112.17,Platinum
15869,277,2,149.64,1,3,1,131,Need Attention,0,❄️  Inactive / Lost,0.9934,1.28,74.82,730.44,Silver
15870,33,1,354.09,4,2,2,422,New Customers,1,🟢 Promising Mid-Tier,1.0,0.41,354.09,145.05,Bronze
15872,15,2,360.93,4,3,2,432,Need Attention,1,🟢 Promising Mid-Tier,0.9986,1.28,180.46,1625.71,Silver
15874,64,7,4405.88,3,5,5,355,Loyal Customers,3,🟢 Promising Mid-Tier,0.9997,5.66,629.41,23411.33,Platinum
15877,2,2,493.28,5,3,3,533,Loyal Customers,1,🟢 Promising Mid-Tier,0.9987,1.28,246.64,2184.27,Silver
15880,369,1,343.28,1,2,2,122,Hibernating,0,❄️  Inactive / Lost,1.0,0.41,343.28,140.62,Bronze
15881,312,5,501.39,1,4,3,143,At Risk,3,🟢 Promising Mid-Tier,0.9261,3.62,100.28,2452.41,Silver
15882,199,4,514.08,1,4,3,143,At Risk,3,🟢 Promising Mid-Tier,0.9978,3.03,128.52,2632.61,Silver
15883,2,2,396.48,5,3,2,532,Need Attention,1,🟢 Promising Mid-Tier,0.9987,1.28,198.24,1775.82,Silver
15885,93,1,349.35,2,2,2,222,Hibernating,0,❄️  Inactive / Lost,1.0,0.41,349.35,143.1,Bronze
15886,60,1,181.09,3,2,1,321,Potential Loyalists,0,❄️  Inactive / Lost,1.0,0.41,181.09,74.18,Bronze
15888,81,1,162.64,2,2,1,221,Hibernating,0,❄️  Inactive / Lost,1.0,0.41,162.64,66.62,Bronze
15889,157,2,427.57,2,3,2,232,Need Attention,0,❄️  Inactive / Lost,0.9974,1.28,213.78,1904.5,Silver
15891,227,1,521.97,1,2,3,123,Need Attention,0,❄️  Inactive / Lost,1.0,0.41,521.97,213.81,Bronze
15894,253,2,262.9,1,3,2,132,Need Attention,0,❄️  Inactive / Lost,0.9948,1.28,131.45,1207.49,Silver
15895,150,1,179.17,2,2,1,221,Hibernating,0,❄️  Inactive / Lost,1.0,0.41,179.17,73.39,Bronze
15897,194,2,222.05,1,3,1,131,Need Attention,0,❄️  Inactive / Lost,0.9967,1.28,111.02,1037.75,Silver
15898,1,5,1388.88,5,4,4,544,Champions,2,🏆 High Value Active,0.9998,3.91,277.78,7196.05,Gold
15899,369,1,56.25,1,2,1,121,Hibernating,0,❄️  Inactive / Lost,1.0,0.41,56.25,23.04,Bronze
15900,24,1,351.11,4,2,2,422,New Customers,1,🟢 Promising Mid-Tier,1.0,0.41,351.11,143.82,Bronze
15901,17,3,361.9,4,4,2,442,Need Attention,1,🟢 Promising Mid-Tier,0.9996,2.16,120.63,1795.34,Silver
15903,10,7,5126.76,5,5,5,555,Champions,2,🏆 High Value Active,0.9999,5.66,732.39,27234.58,Platinum
15904,8,1,164.68,5,2,1,521,New Customers,1,🟢 Promising Mid-Tier,1.0,0.41,164.68,67.46,Bronze
15906,20,7,1567.69,4,5,4,454,Champions,3,🟢 Promising Mid-Tier,0.9999,5.66,223.96,8380.06,Gold
15907,4,3,966.6,5,4,4,544,Champions,1,🟢 Promising Mid-Tier,0.9996,2.16,322.2,4651.07,Gold
15909,174,1,191.94,2,2,1,221,Hibernating,0,❄️  Inactive / Lost,1.0,0.41,191.94,78.62,Bronze
15910,1,8,1232.18,5,5,4,554,Champions,2,🏆 High Value Active,0.9999,6.54,154.02,6668.7,Gold
15912,178,2,264.62,2,3,2,232,Need Attention,0,❄️  Inactive / Lost,0.997,1.28,132.31,1217.41,Silver
15916,16,8,1528.09,4,5,4,454,Champions,2,🏆 High Value Active,0.9999,6.54,191.01,8252.06,Gold
15917,248,1,123.1,1,2,1,121,Hibernating,0,❄️  Inactive / Lost,1.0,0.41,123.1,50.43,Bronze
15918,191,2,334.23,1,3,2,132,Need Attention,0,❄️  Inactive / Lost,0.9967,1.28,167.12,1510.25,Silver
15919,20,2,639.89,4,3,3,433,Loyal Customers,1,🟢 Promising Mid-Tier,0.9986,1.28,319.94,2802.64,Silver
15920,154,3,163.55,2,4,1,241,Need Attention,0,❄️  Inactive / Lost,0.9988,2.16,54.52,857.99,Silver
15921,173,1,336.03,2,2,2,222,Hibernating,0,❄️  Inactive / Lost,1.0,0.41,336.03,137.65,Bronze
15922,373,1,369.5,1,2,2,122,Hibernating,0,❄️  Inactive / Lost,1.0,0.41,369.5,151.36,Bronze
15923,373,1,127.08,1,2,1,121,Hibernating,0,❄️  Inactive / Lost,1.0,0.41,127.08,52.06,Bronze
15925,194,1,207.15,1,2,1,121,Hibernating,0,❄️  Inactive / Lost,1.0,0.41,207.15,84.85,Bronze
15930,67,1,426.63,3,2,2,322,Potential Loyalists,0,❄️  Inactive / Lost,1.0,0.41,426.63,174.76,Bronze
15932,4,8,2495.87,5,5,5,555,Champions,2,🏆 High Value Active,0.9999,6.54,311.98,13431.4,Platinum
15933,21,3,1107.46,4,4,4,444,Champions,3,🟢 Promising Mid-Tier,0.9995,2.16,369.15,5316.04,Gold
15935,239,1,108.04,1,2,1,121,Hibernating,0,❄️  Inactive / Lost,1.0,0.41,108.04,44.26,Bronze
15937,64,1,145.35,3,2,1,321,Potential Loyalists,0,❄️  Inactive / Lost,1.0,0.41,145.35,59.54,Bronze
15938,112,5,404.58,2,4,2,242,Need Attention,3,🟢 Promising Mid-Tier,0.9993,3.91,80.92,2150.46,Silver
15939,90,15,6115.01,2,5,5,255,At Risk,2,🏆 High Value Active,0.9986,12.66,407.67,33828.89,Platinum
15940,311,1,35.8,1,2,1,121,Hibernating,0,❄️  Inactive / Lost,1.0,0.41,35.8,14.66,Bronze
15942,134,1,337.44,2,2,2,222,Hibernating,0,❄️  Inactive / Lost,1.0,0.41,337.44,138.22,Bronze
15944,277,1,325.1,1,2,2,122,Hibernating,0,❄️  Inactive / Lost,1.0,0.41,325.1,133.17,Bronze
15945,365,1,181.0,1,2,1,121,Hibernating,0,❄️  Inactive / Lost,1.0,0.41,181.0,74.14,Bronze
15947,83,1,1708.24,2,2,4,224,Can't Lose Them,3,🟢 Promising Mid-Tier,1.0,0.41,1708.24,699.74,Silver
15948,8,2,955.24,5,3,4,534,Loyal Customers,1,🟢 Promising Mid-Tier,0.9986,1.28,477.62,4133.4,Gold
15949,17,2,364.72,4,3,2,432,Need Attention,1,🟢 Promising Mid-Tier,0.9986,1.28,182.36,1641.69,Silver
15950,32,4,1765.51,4,4,4,444,Champions,3,🟢 Promising Mid-Tier,0.9997,3.04,441.38,8861.78,Gold
15951,9,2,708.22,5,3,3,533,Loyal Customers,1,🟢 Promising Mid-Tier,0.9986,1.28,354.11,3091.11,Gold
15952,34,4,806.57,3,4,3,343,Loyal Customers,3,🟢 Promising Mid-Tier,0.9997,3.04,201.64,4092.37,Gold
15953,15,8,1659.38,4,5,4,454,Champions,2,🏆 High Value Active,0.9999,6.54,207.42,8954.67,Gold
15955,24,14,4416.26,4,5,5,455,Champions,2,🏆 High Value Active,0.9999,11.8,315.45,24420.52,Platinum
15957,32,1,428.89,4,2,2,422,New Customers,1,🟢 Promising Mid-Tier,1.0,0.41,428.89,175.69,Bronze
15958,74,1,104.35,2,2,1,221,Hibernating,0,❄️  Inactive / Lost,1.0,0.41,104.35,42.74,Bronze
15963,20,2,470.76,4,3,2,432,Need Attention,1,🟢 Promising Mid-Tier,0.9986,1.28,235.38,2089.06,Silver
15965,17,4,845.64,4,4,3,443,Loyal Customers,3,🟢 Promising Mid-Tier,0.9997,3.04,211.41,4286.87,Gold
15967,23,2,418.83,4,3,2,432,Need Attention,1,🟢 Promising Mid-Tier,0.9986,1.28,209.42,1869.93,Silver
15969,3,3,666.1,5,4,3,543,Loyal Customers,1,🟢 Promising Mid-Tier,0.9996,2.16,222.03,3231.98,Gold
15970,304,1,314.1,1,2,2,122,Hibernating,0,❄️  Inactive / Lost,1.0,0.41,314.1,128.66,Bronze
15971,18,12,4194.9,4,5,5,455,Champions,2,🏆 High Value Active,0.9999,10.04,349.58,23049.99,Platinum
15973,367,1,307.82,1,2,2,122,Hibernating,0,❄️  Inactive / Lost,1.0,0.41,307.82,126.09,Bronze
15974,39,7,3442.15,3,5,5,355,Loyal Customers,3,🟢 Promising Mid-Tier,0.9998,5.66,491.74,18308.9,Platinum
15975,84,1,371.01,2,2,2,222,Hibernating,0,❄️  Inactive / Lost,1.0,0.41,371.01,151.98,Bronze
15976,165,2,430.94,2,3,2,232,Need Attention,0,❄️  Inactive / Lost,0.9972,1.28,215.47,1918.46,Silver
15977,17,2,1054.73,4,3,4,434,Loyal Customers,1,🟢 Promising Mid-Tier,0.9986,1.28,527.36,4552.98,Gold
15978,77,1,1098.78,2,2,4,224,Can't Lose Them,0,❄️  Inactive / Lost,1.0,0.41,1098.78,450.09,Bronze
15980,89,3,2398.86,2,4,5,245,At Risk,3,🟢 Promising Mid-Tier,0.9993,2.16,799.62,11411.28,Platinum
15981,25,8,3408.48,4,5,5,455,Champions,2,🏆 High Value Active,0.9999,6.54,426.06,18314.48,Platinum
15983,22,4,1475.02,4,4,4,444,Champions,3,🟢 Promising Mid-Tier,0.9997,3.04,368.76,7417.19,Gold
15984,3,10,2837.67,5,5,5,555,Champions,2,🏆 High Value Active,0.9999,8.29,283.77,15474.04,Platinum
15985,123,2,1142.42,2,3,4,234,At Risk,3,🟢 Promising Mid-Tier,0.9978,1.28,571.21,4919.01,Gold
15986,30,1,168.12,4,2,1,421,New Customers,1,🟢 Promising Mid-Tier,1.0,0.41,168.12,68.87,Bronze
15987,12,7,1451.28,5,5,4,554,Champions,2,🏆 High Value Active,0.9999,5.66,207.33,7763.53,Gold
15988,19,1,158.03,4,2,1,421,New Customers,1,🟢 Promising Mid-Tier,1.0,0.41,158.03,64.73,Bronze
15990,44,2,792.11,3,3,3,333,Loyal Customers,3,🟢 Promising Mid-Tier,0.9984,1.28,396.06,3444.41,Gold
15992,4,1,41.99,5,2,1,521,New Customers,1,🟢 Promising Mid-Tier,1.0,0.41,41.99,17.2,Bronze
15993,9,7,2788.87,5,5,5,555,Champions,2,🏆 High Value Active,0.9999,5.66,398.41,14849.53,Platinum
15994,55,1,427.07,3,2,2,322,Potential Loyalists,0,❄️  Inactive / Lost,1.0,0.41,427.07,174.94,Bronze
15996,88,6,1060.68,2,5,4,254,At Risk,3,🟢 Promising Mid-Tier,0.9995,4.79,176.78,5617.29,Gold
15998,37,5,3089.97,3,4,5,345,Loyal Customers,3,🟢 Promising Mid-Tier,0.9997,3.91,617.99,15912.73,Platinum
16000,3,3,12393.7,5,4,5,545,Champions,2,🏆 High Value Active,0.9996,2.16,4131.23,58615.16,Platinum
16003,30,5,2735.37,4,4,5,445,Champions,3,🟢 Promising Mid-Tier,0.9998,3.91,547.07,14095.85,Platinum
16005,12,4,615.39,5,4,3,543,Loyal Customers,1,🟢 Promising Mid-Tier,0.9997,3.04,153.85,3141.69,Gold
16006,211,1,101.4,1,2,1,121,Hibernating,0,❄️  Inactive / Lost,1.0,0.41,101.4,41.54,Bronze
16007,48,4,1701.94,3,4,4,344,Loyal Customers,3,🟢 Promising Mid-Tier,0.9996,3.04,425.48,8545.18,Gold
16008,24,3,478.78,4,4,2,442,Need Attention,1,🟢 Promising Mid-Tier,0.9995,2.16,159.59,2347.24,Silver
16009,22,4,992.71,4,4,4,444,Champions,3,🟢 Promising Mid-Tier,0.9997,3.04,248.18,5018.31,Gold
16010,246,3,407.5,1,4,2,142,Need Attention,0,❄️  Inactive / Lost,0.9964,2.15,135.83,2004.33,Silver
16011,8,16,3362.71,5,5,5,555,Champions,2,🏆 High Value Active,0.9999,13.55,210.17,18703.24,Platinum
16012,35,3,1415.29,3,4,4,344,Loyal Customers,3,🟢 Promising Mid-Tier,0.9995,2.16,471.76,6769.4,Gold
16013,4,47,37130.6,5,5,5,555,Champions,2,🏆 High Value Active,1.0,40.7,790.01,210425.57,Platinum
16014,38,3,662.38,3,4,3,343,Loyal Customers,3,🟢 Promising Mid-Tier,0.9995,2.16,220.79,3214.09,Gold
16015,4,3,705.1,5,4,3,543,Loyal Customers,1,🟢 Promising Mid-Tier,0.9996,2.16,235.03,3416.15,Gold
16016,3,8,1508.76,5,5,4,554,Champions,2,🏆 High Value Active,0.9999,6.54,188.6,8148.82,Gold
16017,47,1,211.88,3,2,1,321,Potential Loyalists,0,❄️  Inactive / Lost,1.0,0.41,211.88,86.79,Bronze
16018,39,2,408.9,3,3,2,332,Potential Loyalists,1,🟢 Promising Mid-Tier,0.9985,1.28,204.45,1827.87,Silver
16019,47,9,3786.24,3,5,5,355,Loyal Customers,2,🏆 High Value Active,0.9998,7.42,420.69,20492.69,Platinum
16020,17,3,851.01,4,4,3,443,Loyal Customers,1,🟢 Promising Mid-Tier,0.9996,2.16,283.67,4105.06,Gold
16022,260,1,628.28,1,2,3,123,Need Attention,0,❄️  Inactive / Lost,1.0,0.41,628.28,257.36,Bronze
16023,46,3,719.81,3,4,3,343,Loyal Customers,3,🟢 Promising Mid-Tier,0.9995,2.16,239.94,3485.18,Gold
16024,12,1,245.96,5,2,1,521,New Customers,1,🟢 Promising Mid-Tier,1.0,0.41,245.96,100.75,Bronze
16025,30,1,439.66,4,2,2,422,New Customers,1,🟢 Promising Mid-Tier,1.0,0.41,439.66,180.1,Bronze
16026,43,1,236.09,3,2,1,321,Potential Loyalists,0,❄️  Inactive / Lost,1.0,0.41,236.09,96.71,Bronze
16027,92,6,934.62,2,5,4,254,At Risk,3,🟢 Promising Mid-Tier,0.9995,4.79,155.77,4958.61,Gold
16029,39,62,72882.09,3,5,5,355,Loyal Customers,2,🏆 High Value Active,0.996,53.63,1175.52,412473.35,Platinum
16030,310,1,331.24,1,2,2,122,Hibernating,0,❄️  Inactive / Lost,1.0,0.41,331.24,135.69,Bronze
16031,92,2,548.94,2,3,3,233,At Risk,0,❄️  Inactive / Lost,0.9981,1.28,274.47,2417.74,Silver
16033,6,20,8816.4,5,5,5,555,Champions,2,🏆 High Value Active,1.0,17.05,440.82,49252.65,Platinum
16034,196,3,437.7,1,4,2,142,Need Attention,0,❄️  Inactive / Lost,0.9981,2.16,145.9,2150.13,Silver
16036,87,2,758.92,2,3,3,233,At Risk,3,🟢 Promising Mid-Tier,0.9981,1.28,379.46,3303.38,Gold
16037,270,3,855.02,1,4,3,143,At Risk,3,🟢 Promising Mid-Tier,0.9948,2.15,285.01,4104.29,Gold
16038,8,3,471.78,5,4,2,542,Need Attention,1,🟢 Promising Mid-Tier,0.9996,2.16,157.26,2314.28,Silver
16040,65,3,1313.55,3,4,4,344,Loyal Customers,3,🟢 Promising Mid-Tier,0.9994,2.16,437.85,6288.28,Gold
16041,31,3,3166.4,4,4,5,445,Champions,3,🟢 Promising Mid-Tier,0.9995,2.16,1055.47,15038.41,Platinum
16042,22,5,1197.27,4,4,4,444,Champions,3,🟢 Promising Mid-Tier,0.9998,3.91,239.45,6213.78,Gold
16043,38,4,773.99,3,4,3,343,Loyal Customers,3,🟢 Promising Mid-Tier,0.9997,3.04,193.5,3930.28,Gold
16045,120,4,1340.7,2,4,4,244,At Risk,3,🟢 Promising Mid-Tier,0.9992,3.04,335.18,6745.89,Gold
16048,373,2,256.44,1,3,2,132,Need Attention,0,❄️  Inactive / Lost,0.9724,1.25,128.22,1153.7,Silver
16049,40,3,1111.79,3,4,4,344,Loyal Customers,3,🟢 Promising Mid-Tier,0.9995,2.16,370.6,5336.17,Gold
16050,174,1,137.9,2,2,1,221,Hibernating,0,❄️  Inactive / Lost,1.0,0.41,137.9,56.49,Bronze
16052,54,1,362.06,3,2,2,322,Potential Loyalists,0,❄️  Inactive / Lost,1.0,0.41,362.06,148.31,Bronze
16053,33,2,1511.95,4,3,4,434,Loyal Customers,3,🟢 Promising Mid-Tier,0.9985,1.28,755.98,6481.53,Gold
16054,145,1,783.9,2,2,3,223,Need Attention,0,❄️  Inactive / Lost,1.0,0.41,783.9,321.11,Bronze
16055,221,1,134.8,1,2,1,121,Hibernating,0,❄️  Inactive / Lost,1.0,0.41,134.8,55.22,Bronze
16056,45,1,664.85,3,2,3,323,Potential Loyalists,1,🟢 Promising Mid-Tier,1.0,0.41,664.85,272.34,Bronze
16057,16,7,2263.12,4,5,5,455,Champions,2,🏆 High Value Active,0.9999,5.66,323.3,12064.17,Platinum
16059,66,6,1459.86,3,5,4,354,Loyal Customers,3,🟢 Promising Mid-Tier,0.9997,4.79,243.31,7703.65,Gold
16062,10,4,1153.62,5,4,4,544,Champions,3,🟢 Promising Mid-Tier,0.9997,3.04,288.4,5818.8,Gold
16063,260,1,335.32,1,2,2,122,Hibernating,0,❄️  Inactive / Lost,1.0,0.41,335.32,137.36,Bronze
16065,365,1,372.09,1,2,2,122,Hibernating,0,❄️  Inactive / Lost,1.0,0.41,372.09,152.42,Bronze
16066,17,5,1521.87,4,4,4,444,Champions,3,🟢 Promising Mid-Tier,0.9998,3.91,304.37,7877.36,Gold
16070,22,2,852.15,4,3,3,433,Loyal Customers,1,🟢 Promising Mid-Tier,0.9986,1.28,426.08,3698.16,Gold
16071,45,1,326.24,3,2,2,322,Potential Loyalists,0,❄️  Inactive / Lost,1.0,0.41,326.24,133.64,Bronze
16072,288,1,584.32,1,2,3,123,Need Attention,0,❄️  Inactive / Lost,1.0,0.41,584.32,239.35,Bronze
16073,297,1,122.4,1,2,1,121,Hibernating,0,❄️  Inactive / Lost,1.0,0.41,122.4,50.14,Bronze
16076,3,10,2234.73,5,5,5,555,Champions,2,🏆 High Value Active,0.9999,8.29,223.47,12201.78,Platinum
16078,284,1,79.2,1,2,1,121,Hibernating,0,❄️  Inactive / Lost,1.0,0.41,79.2,32.44,Bronze
16079,17,3,1352.0,4,4,4,444,Champions,3,🟢 Promising Mid-Tier,0.9996,2.16,450.67,6470.89,Gold
16080,82,2,217.16,2,3,1,231,Need Attention,0,❄️  Inactive / Lost,0.9982,1.28,108.58,1018.68,Silver
16081,56,5,2806.9,3,4,5,345,Loyal Customers,3,🟢 Promising Mid-Tier,0.9997,3.91,561.38,14461.19,Platinum
16083,101,2,1317.62,2,3,4,234,At Risk,3,🟢 Promising Mid-Tier,0.998,1.28,658.81,5658.87,Gold
16084,299,1,436.18,1,2,2,122,Hibernating,0,❄️  Inactive / Lost,1.0,0.41,436.18,178.67,Bronze
16085,23,5,981.51,4,4,4,444,Champions,3,🟢 Promising Mid-Tier,0.9998,3.91,196.3,5108.05,Gold
16086,59,5,1121.39,3,4,4,344,Loyal Customers,3,🟢 Promising Mid-Tier,0.9997,3.91,224.28,5824.23,Gold
16091,155,2,315.06,2,3,2,232,Need Attention,0,❄️  Inactive / Lost,0.9974,1.28,157.53,1430.43,Silver
16092,115,3,817.86,2,4,3,243,At Risk,3,🟢 Promising Mid-Tier,0.9991,2.16,272.62,3946.77,Gold
16093,107,1,17.0,2,2,1,221,Hibernating,0,❄️  Inactive / Lost,1.0,0.41,17.0,6.96,Bronze
16094,12,4,1078.23,5,4,4,544,Champions,3,🟢 Promising Mid-Tier,0.9997,3.04,269.56,5443.79,Gold
16096,264,1,320.62,1,2,2,122,Hibernating,0,❄️  Inactive / Lost,1.0,0.41,320.62,131.33,Bronze
16097,240,1,185.05,1,2,1,121,Hibernating,0,❄️  Inactive / Lost,1.0,0.41,185.05,75.8,Bronze
16098,88,7,2005.63,2,5,4,254,At Risk,3,🟢 Promising Mid-Tier,0.9995,5.66,286.52,10696.36,Platinum
16099,50,3,731.9,3,4,3,343,Loyal Customers,3,🟢 Promising Mid-Tier,0.9995,2.16,243.97,3542.22,Gold
16101,71,1,1290.7,3,2,4,324,Potential Loyalists,3,🟢 Promising Mid-Tier,1.0,0.41,1290.7,528.71,Silver
16102,42,3,1842.14,3,4,4,344,Loyal Customers,3,🟢 Promising Mid-Tier,0.9995,2.16,614.05,8784.8,Gold
16103,7,6,1429.64,5,5,4,554,Champions,2,🏆 High Value Active,0.9999,4.79,238.27,7547.19,Gold
16104,62,1,302.36,3,2,2,322,Potential Loyalists,0,❄️  Inactive / Lost,1.0,0.41,302.36,123.86,Bronze
16105,249,1,336.96,1,2,2,122,Hibernating,0,❄️  Inactive / Lost,1.0,0.41,336.96,138.03,Bronze
16106,66,1,108.38,3,2,1,321,Potential Loyalists,0,❄️  Inactive / Lost,1.0,0.41,108.38,44.4,Bronze
16107,18,7,3204.16,4,5,5,455,Champions,2,🏆 High Value Active,0.9999,5.66,457.74,17049.23,Platinum
16108,85,1,842.5,2,2,3,223,Need Attention,0,❄️  Inactive / Lost,1.0,0.41,842.5,345.11,Bronze
16109,219,2,611.88,1,3,3,133,At Risk,0,❄️  Inactive / Lost,0.9961,1.28,305.94,2677.68,Silver
16110,45,3,1337.48,3,4,4,344,Loyal Customers,3,🟢 Promising Mid-Tier,0.9995,2.16,445.83,6401.76,Gold
16112,143,4,195.74,2,4,1,241,Need Attention,0,❄️  Inactive / Lost,0.999,3.03,48.94,1053.63,Silver
16113,183,1,161.38,1,2,1,121,Hibernating,0,❄️  Inactive / Lost,1.0,0.41,161.38,66.11,Bronze
16114,171,1,135.75,2,2,1,221,Hibernating,0,❄️  Inactive / Lost,1.0,0.41,135.75,55.61,Bronze
16115,10,8,1667.97,5,5,4,554,Champions,2,🏆 High Value Active,0.9999,6.54,208.5,9000.73,Gold
16116,212,1,612.78,1,2,3,123,Need Attention,0,❄️  Inactive / Lost,1.0,0.41,612.78,251.01,Bronze
16117,190,1,232.21,1,2,1,121,Hibernating,0,❄️  Inactive / Lost,1.0,0.41,232.21,95.12,Bronze
16119,8,2,423.36,5,3,2,532,Need Attention,1,🟢 Promising Mid-Tier,0.9986,1.28,211.68,1889.19,Silver
16120,59,4,1309.14,3,4,4,344,Loyal Customers,3,🟢 Promising Mid-Tier,0.9996,3.04,327.29,6591.39,Gold
16121,57,2,867.11,3,3,3,333,Loyal Customers,3,🟢 Promising Mid-Tier,0.9984,1.28,433.56,3760.49,Gold
16122,73,4,684.42,2,4,3,243,At Risk,3,🟢 Promising Mid-Tier,0.9995,3.04,171.1,3484.35,Gold
16123,52,1,307.78,3,2,2,322,Potential Loyalists,0,❄️  Inactive / Lost,1.0,0.41,307.78,126.08,Bronze
16124,317,1,249.0,1,2,2,122,Hibernating,0,❄️  Inactive / Lost,1.0,0.41,249.0,102.0,Bronze
16125,367,1,289.35,1,2,2,122,Hibernating,0,❄️  Inactive / Lost,1.0,0.41,289.35,118.53,Bronze
16126,29,4,6287.77,4,4,5,445,Champions,3,🟢 Promising Mid-Tier,0.9997,3.04,1571.94,31353.95,Platinum
16127,39,1,656.25,3,2,3,323,Potential Loyalists,1,🟢 Promising Mid-Tier,1.0,0.41,656.25,268.82,Bronze
16128,18,5,1880.22,4,4,4,444,Champions,3,🟢 Promising Mid-Tier,0.9998,3.91,376.04,9713.81,Gold
16131,52,6,3506.54,3,5,5,355,Loyal Customers,3,🟢 Promising Mid-Tier,0.9997,4.79,584.42,18397.96,Platinum
16133,4,33,14589.04,5,5,5,555,Champions,2,🏆 High Value Active,1.0,28.44,442.09,82323.4,Platinum
16134,22,2,618.09,4,3,3,433,Loyal Customers,1,🟢 Promising Mid-Tier,0.9986,1.28,309.04,2710.64,Silver
16135,263,1,517.55,1,2,3,123,Need Attention,0,❄️  Inactive / Lost,1.0,0.41,517.55,212.0,Bronze
16136,60,3,709.38,3,4,3,343,Loyal Customers,3,🟢 Promising Mid-Tier,0.9994,2.16,236.46,3435.75,Gold
16139,19,3,635.41,4,4,3,443,Loyal Customers,1,🟢 Promising Mid-Tier,0.9996,2.16,211.8,3086.92,Gold
16140,66,2,725.18,3,3,3,333,Loyal Customers,3,🟢 Promising Mid-Tier,0.9983,1.28,362.59,3161.6,Gold
16141,88,1,620.4,2,2,3,223,Need Attention,0,❄️  Inactive / Lost,1.0,0.41,620.4,254.13,Bronze
16142,250,1,535.34,1,2,3,123,Need Attention,0,❄️  Inactive / Lost,1.0,0.41,535.34,219.29,Bronze
16143,3,6,2424.94,5,5,5,555,Champions,2,🏆 High Value Active,0.9999,4.79,404.16,12748.34,Platinum
16144,247,1,175.2,1,2,1,121,Hibernating,0,❄️  Inactive / Lost,1.0,0.41,175.2,71.77,Bronze
16145,9,11,3799.49,5,5,5,555,Champions,2,🏆 High Value Active,0.9999,9.17,345.41,20797.86,Platinum
16146,157,3,734.13,2,4,3,243,At Risk,3,🟢 Promising Mid-Tier,0.9987,2.16,244.71,3550.15,Gold
16147,134,1,375.0,2,2,2,222,Hibernating,0,❄️  Inactive / Lost,1.0,0.41,375.0,153.61,Bronze
16148,296,1,76.32,1,2,1,121,Hibernating,0,❄️  Inactive / Lost,1.0,0.41,76.32,31.26,Bronze
16149,5,2,280.52,5,3,2,532,Need Attention,1,🟢 Promising Mid-Tier,0.9987,1.28,140.26,1286.51,Silver
16150,43,5,2053.02,3,4,5,345,Loyal Customers,3,🟢 Promising Mid-Tier,0.9997,3.91,410.6,10598.65,Platinum
16152,269,1,1829.04,1,2,4,124,Can't Lose Them,0,❄️  Inactive / Lost,1.0,0.41,1829.04,749.23,Silver
16153,50,5,1824.23,3,4,4,344,Loyal Customers,3,🟢 Promising Mid-Tier,0.9997,3.91,364.85,9426.01,Gold
16156,9,9,3122.04,5,5,5,555,Champions,2,🏆 High Value Active,0.9999,7.42,346.89,16912.76,Platinum
16157,16,3,656.69,4,4,3,443,Loyal Customers,1,🟢 Promising Mid-Tier,0.9996,2.16,218.9,3187.44,Gold
16159,282,1,348.2,1,2,2,122,Hibernating,0,❄️  Inactive / Lost,1.0,0.41,348.2,142.63,Bronze
16160,65,2,1025.44,3,3,4,334,Loyal Customers,3,🟢 Promising Mid-Tier,0.9983,1.28,512.72,4428.12,Gold
16161,2,19,5575.56,5,5,5,555,Champions,2,🏆 High Value Active,1.0,16.18,293.45,31130.0,Platinum
16162,252,1,37.4,1,2,1,121,Hibernating,0,❄️  Inactive / Lost,1.0,0.41,37.4,15.32,Bronze
16163,232,2,856.6,1,3,3,133,At Risk,0,❄️  Inactive / Lost,0.9956,1.28,428.3,3706.05,Gold
16164,17,3,822.48,4,4,3,443,Loyal Customers,1,🟢 Promising Mid-Tier,0.9996,2.16,274.16,3970.34,Gold
16168,11,27,3787.6,5,5,5,555,Champions,2,🏆 High Value Active,1.0,23.18,140.28,21347.96,Platinum
16169,8,4,1822.97,5,4,4,544,Champions,3,🟢 Promising Mid-Tier,0.9997,3.04,455.74,9148.09,Gold
16170,51,6,1885.05,3,5,4,354,Loyal Customers,3,🟢 Promising Mid-Tier,0.9997,4.79,314.18,9925.78,Gold
16171,59,1,73.2,3,2,1,321,Potential Loyalists,0,❄️  Inactive / Lost,1.0,0.41,73.2,29.98,Bronze
16172,95,5,1140.21,2,4,4,244,At Risk,3,🟢 Promising Mid-Tier,0.9995,3.91,228.04,5919.49,Gold
16173,16,6,1418.32,4,5,4,454,Champions,3,🟢 Promising Mid-Tier,0.9998,4.79,236.39,7487.9,Gold
16174,126,3,1009.55,2,4,4,244,At Risk,3,🟢 Promising Mid-Tier,0.999,2.16,336.52,4851.18,Gold
16175,94,4,1037.59,2,4,4,244,At Risk,3,🟢 Promising Mid-Tier,0.9994,3.04,259.4,5240.03,Gold
16177,50,1,331.95,3,2,2,322,Potential Loyalists,0,❄️  Inactive / Lost,1.0,0.41,331.95,135.98,Bronze
16178,138,1,197.9,2,2,1,221,Hibernating,0,❄️  Inactive / Lost,1.0,0.41,197.9,81.07,Bronze
16179,61,1,215.83,3,2,1,321,Potential Loyalists,0,❄️  Inactive / Lost,1.0,0.41,215.83,88.41,Bronze
16180,100,8,10254.18,2,5,5,255,At Risk,3,🟢 Promising Mid-Tier,0.9993,6.54,1281.77,54918.07,Platinum
16181,73,1,305.54,2,2,2,222,Hibernating,0,❄️  Inactive / Lost,1.0,0.41,305.54,125.16,Bronze
16182,72,4,6617.65,3,4,5,345,Loyal Customers,3,🟢 Promising Mid-Tier,0.9995,3.04,1654.41,32989.66,Platinum
16183,67,1,338.71,3,2,2,322,Potential Loyalists,0,❄️  Inactive / Lost,1.0,0.41,338.71,138.75,Bronze
16184,64,6,1158.79,3,5,4,354,Loyal Customers,3,🟢 Promising Mid-Tier,0.9997,4.79,193.13,6130.73,Gold
16185,17,2,529.41,4,3,3,433,Loyal Customers,1,🟢 Promising Mid-Tier,0.9986,1.28,264.7,2336.55,Silver
16186,23,12,4006.94,4,5,5,455,Champions,2,🏆 High Value Active,0.9999,10.04,333.91,22020.15,Platinum
16187,32,15,6911.44,4,5,5,455,Champions,2,🏆 High Value Active,0.9999,12.67,460.76,38275.14,Platinum
16188,45,4,981.86,3,4,4,344,Loyal Customers,3,🟢 Promising Mid-Tier,0.9997,3.04,245.46,4964.02,Gold
16189,16,2,215.48,4,3,1,431,Need Attention,1,🟢 Promising Mid-Tier,0.9986,1.28,107.74,1012.02,Silver
16190,40,1,215.08,3,2,1,321,Potential Loyalists,1,🟢 Promising Mid-Tier,1.0,0.41,215.08,88.1,Bronze
16191,3,13,5180.52,5,5,5,555,Champions,2,🏆 High Value Active,0.9999,10.92,398.5,28549.7,Platinum
16193,237,1,314.45,1,2,2,122,Hibernating,0,❄️  Inactive / Lost,1.0,0.41,314.45,128.81,Bronze
16198,75,1,400.68,2,2,2,222,Hibernating,0,❄️  Inactive / Lost,1.0,0.41,400.68,164.13,Bronze
16200,4,2,1080.62,5,3,4,534,Loyal Customers,1,🟢 Promising Mid-Tier,0.9987,1.28,540.31,4662.52,Gold
16201,3,4,1863.47,5,4,4,544,Champions,2,🏆 High Value Active,0.9998,3.04,465.87,9349.63,Gold
16202,361,1,365.27,1,2,2,122,Hibernating,0,❄️  Inactive / Lost,1.0,0.41,365.27,149.62,Bronze
16203,59,4,592.9,3,4,3,343,Loyal Customers,3,🟢 Promising Mid-Tier,0.9996,3.04,148.22,3029.41,Gold
16204,23,1,405.71,4,2,2,422,New Customers,1,🟢 Promising Mid-Tier,1.0,0.41,405.71,166.19,Bronze
16205,31,4,754.78,4,4,3,443,Loyal Customers,3,🟢 Promising Mid-Tier,0.9997,3.04,188.7,3834.82,Gold
16206,55,4,537.06,3,4,3,343,Loyal Customers,3,🟢 Promising Mid-Tier,0.9996,3.04,134.26,2751.75,Silver
16207,25,1,394.38,4,2,2,422,New Customers,1,🟢 Promising Mid-Tier,1.0,0.41,394.38,161.55,Bronze
16208,45,2,664.26,3,3,3,333,Loyal Customers,1,🟢 Promising Mid-Tier,0.9984,1.28,332.13,2905.05,Silver
16209,89,5,2262.62,2,4,5,245,At Risk,3,🟢 Promising Mid-Tier,0.9995,3.91,452.52,11670.22,Platinum
16210,2,17,21076.3,5,5,5,555,Champions,2,🏆 High Value Active,1.0,14.42,1239.78,117081.44,Platinum
16211,89,1,547.02,2,2,3,223,Need Attention,0,❄️  Inactive / Lost,1.0,0.41,547.02,224.07,Bronze
16212,19,2,690.34,4,3,3,433,Loyal Customers,1,🟢 Promising Mid-Tier,0.9986,1.28,345.17,3015.52,Gold
16213,79,1,159.0,2,2,1,221,Hibernating,0,❄️  Inactive / Lost,1.0,0.41,159.0,65.13,Bronze
16214,171,3,1062.75,2,4,4,244,At Risk,3,🟢 Promising Mid-Tier,0.9985,2.16,354.25,5099.73,Gold
16215,81,1,242.35,2,2,1,221,Hibernating,0,❄️  Inactive / Lost,1.0,0.41,242.35,99.27,Bronze
16216,267,1,914.93,1,2,3,123,Need Attention,0,❄️  Inactive / Lost,1.0,0.41,914.93,374.78,Bronze
16217,235,2,304.25,1,3,2,132,Need Attention,0,❄️  Inactive / Lost,0.9955,1.28,152.12,1382.31,Silver
16218,30,7,3084.68,4,5,5,455,Champions,3,🟢 Promising Mid-Tier,0.9998,5.66,440.67,16415.79,Platinum
16221,37,3,864.86,3,4,3,343,Loyal Customers,3,🟢 Promising Mid-Tier,0.9995,2.16,288.29,4170.22,Gold
16222,318,1,846.72,1,2,3,123,Need Attention,0,❄️  Inactive / Lost,1.0,0.41,846.72,346.84,Bronze
16224,57,4,1295.3,3,4,4,344,Loyal Customers,3,🟢 Promising Mid-Tier,0.9996,3.04,323.82,6522.61,Gold
16225,45,5,1096.32,3,4,4,344,Loyal Customers,3,🟢 Promising Mid-Tier,0.9997,3.91,219.26,5696.07,Gold
16226,203,3,255.12,1,4,2,142,Need Attention,0,❄️  Inactive / Lost,0.9979,2.16,85.04,1288.99,Silver
16227,225,1,314.22,1,2,2,122,Hibernating,0,❄️  Inactive / Lost,1.0,0.41,314.22,128.71,Bronze
16229,87,2,1010.6,2,3,4,234,At Risk,3,🟢 Promising Mid-Tier,0.9981,1.28,505.3,4364.78,Gold
16230,190,2,542.03,1,3,3,133,At Risk,0,❄️  Inactive / Lost,0.9968,1.28,271.02,2385.43,Silver
16232,44,4,990.88,3,4,4,344,Loyal Customers,3,🟢 Promising Mid-Tier,0.9997,3.04,247.72,5008.9,Gold
16233,71,3,536.68,3,4,3,343,Loyal Customers,3,🟢 Promising Mid-Tier,0.9994,2.16,178.89,2620.21,Silver
16235,41,4,857.31,3,4,3,343,Loyal Customers,3,🟢 Promising Mid-Tier,0.9997,3.04,214.33,4344.64,Gold
16236,78,1,432.2,2,2,2,222,Hibernating,0,❄️  Inactive / Lost,1.0,0.41,432.2,177.04,Bronze
16239,57,2,414.2,3,3,2,332,Potential Loyalists,0,❄️  Inactive / Lost,0.9984,1.28,207.1,1850.02,Silver
16240,24,2,3718.8,4,3,5,435,Loyal Customers,3,🟢 Promising Mid-Tier,0.9986,1.28,1859.4,15792.66,Platinum
16241,10,13,2607.87,5,5,5,555,Champions,2,🏆 High Value Active,0.9999,10.92,200.61,14407.76,Platinum
16242,8,7,3603.21,5,5,5,555,Champions,2,🏆 High Value Active,0.9999,5.66,514.74,19163.57,Platinum
16243,34,2,409.1,3,3,2,332,Potential Loyalists,1,🟢 Promising Mid-Tier,0.9985,1.28,204.55,1828.77,Silver
16244,212,2,1522.75,1,3,4,134,At Risk,3,🟢 Promising Mid-Tier,0.9963,1.28,761.38,6512.34,Gold
16245,24,3,1413.66,4,4,4,444,Champions,3,🟢 Promising Mid-Tier,0.9995,2.16,471.22,6761.93,Gold
16247,170,1,114.56,2,2,1,221,Hibernating,0,❄️  Inactive / Lost,1.0,0.41,114.56,46.93,Bronze
16248,62,1,152.94,3,2,1,321,Potential Loyalists,0,❄️  Inactive / Lost,1.0,0.41,152.94,62.65,Bronze
16249,53,5,1800.07,3,4,4,344,Loyal Customers,3,🟢 Promising Mid-Tier,0.9997,3.91,360.01,9302.1,Gold
16250,261,2,389.44,1,3,2,132,Need Attention,0,❄️  Inactive / Lost,0.9944,1.28,194.72,1738.67,Silver
16253,67,2,3683.86,3,3,5,335,Loyal Customers,3,🟢 Promising Mid-Tier,0.9983,1.28,1841.93,15641.06,Platinum
16255,17,8,2619.91,4,5,5,455,Champions,2,🏆 High Value Active,0.9999,6.54,327.49,14094.85,Platinum
16256,267,1,752.43,1,2,3,123,Need Attention,0,❄️  Inactive / Lost,1.0,0.41,752.43,308.22,Bronze
16257,177,1,46.95,2,2,1,221,Hibernating,0,❄️  Inactive / Lost,1.0,0.41,46.95,19.23,Bronze
16258,45,5,5203.51,3,4,5,345,Loyal Customers,3,🟢 Promising Mid-Tier,0.9997,3.91,1040.7,26742.97,Platinum
16260,51,1,1035.45,3,2,4,324,Potential Loyalists,1,🟢 Promising Mid-Tier,1.0,0.41,1035.45,424.15,Bronze
16261,17,4,746.83,4,4,3,443,Loyal Customers,1,🟢 Promising Mid-Tier,0.9997,3.04,186.71,3795.41,Gold
16265,9,9,5447.0,5,5,5,555,Champions,2,🏆 High Value Active,0.9999,7.42,605.22,29452.48,Platinum
16266,74,7,861.89,2,5,3,253,At Risk,3,🟢 Promising Mid-Tier,0.9996,5.66,123.13,4640.08,Gold
16268,71,2,667.65,3,3,3,333,Loyal Customers,3,🟢 Promising Mid-Tier,0.9983,1.28,333.82,2918.84,Silver
16270,353,1,1141.24,1,2,4,124,Can't Lose Them,0,❄️  Inactive / Lost,1.0,0.41,1141.24,467.48,Bronze
16271,3,5,1429.24,5,4,4,544,Champions,2,🏆 High Value Active,0.9998,3.91,285.85,7402.86,Gold
16272,117,1,411.7,2,2,2,222,Hibernating,0,❄️  Inactive / Lost,1.0,0.41,411.7,168.64,Bronze
16274,373,1,337.75,1,2,2,122,Hibernating,0,❄️  Inactive / Lost,1.0,0.41,337.75,138.35,Bronze
16275,197,1,559.87,1,2,3,123,Need Attention,0,❄️  Inactive / Lost,1.0,0.41,559.87,229.34,Bronze
16276,177,1,810.6,2,2,3,223,Need Attention,0,❄️  Inactive / Lost,1.0,0.41,810.6,332.04,Bronze
16278,100,1,566.38,2,2,3,223,Need Attention,0,❄️  Inactive / Lost,1.0,0.41,566.38,232.0,Bronze
16279,21,3,1509.58,4,4,4,444,Champions,3,🟢 Promising Mid-Tier,0.9995,2.16,503.19,7214.95,Gold
16281,72,1,2062.06,3,2,5,325,Potential Loyalists,3,🟢 Promising Mid-Tier,1.0,0.41,2062.06,844.68,Silver
16282,340,1,168.3,1,2,1,121,Hibernating,0,❄️  Inactive / Lost,1.0,0.41,168.3,68.94,Bronze
16283,6,5,1569.11,5,4,4,544,Champions,2,🏆 High Value Active,0.9998,3.91,313.82,8119.64,Gold
16284,31,2,823.97,4,3,3,433,Loyal Customers,1,🟢 Promising Mid-Tier,0.9985,1.28,411.98,3579.09,Gold
16287,170,1,142.5,2,2,1,221,Hibernating,0,❄️  Inactive / Lost,1.0,0.41,142.5,58.37,Bronze
16292,122,1,302.25,2,2,2,222,Hibernating,0,❄️  Inactive / Lost,1.0,0.41,302.25,123.81,Bronze
16293,22,10,2248.99,4,5,5,455,Champions,2,🏆 High Value Active,0.9999,8.29,224.9,12278.67,Platinum
16295,10,4,1328.55,5,4,4,544,Champions,3,🟢 Promising Mid-Tier,0.9997,3.04,332.14,6688.87,Gold
16297,269,1,301.9,1,2,2,122,Hibernating,0,❄️  Inactive / Lost,1.0,0.41,301.9,123.67,Bronze
16298,23,3,598.2,4,4,3,443,Loyal Customers,1,🟢 Promising Mid-Tier,0.9995,2.16,199.4,2911.17,Silver
16302,127,1,233.22,2,2,1,221,Hibernating,0,❄️  Inactive / Lost,1.0,0.41,233.22,95.53,Bronze
16303,26,3,5360.63,4,4,5,445,Champions,3,🟢 Promising Mid-Tier,0.9995,2.16,1786.88,25400.17,Platinum
16305,139,1,361.22,2,2,2,222,Hibernating,0,❄️  Inactive / Lost,1.0,0.41,361.22,147.97,Bronze
16306,214,6,632.27,1,5,3,153,At Risk,3,🟢 Promising Mid-Tier,0.9934,4.76,105.38,3358.66,Gold
16308,38,4,2560.0,3,4,5,345,Loyal Customers,3,🟢 Promising Mid-Tier,0.9997,3.04,640.0,12813.03,Platinum
16309,106,2,706.57,2,3,3,233,At Risk,0,❄️  Inactive / Lost,0.998,1.28,353.28,3082.08,Gold
16311,18,2,616.26,4,3,3,433,Loyal Customers,1,🟢 Promising Mid-Tier,0.9986,1.28,308.13,2702.97,Silver
16313,3,2,274.15,5,3,2,532,Need Attention,1,🟢 Promising Mid-Tier,0.9987,1.28,137.07,1259.64,Silver
16315,331,1,226.37,1,2,1,121,Hibernating,0,❄️  Inactive / Lost,1.0,0.41,226.37,92.73,Bronze
16316,64,8,2938.91,3,5,5,355,Loyal Customers,3,🟢 Promising Mid-Tier,0.9997,6.54,367.36,15799.01,Platinum
16317,120,3,1341.65,2,4,4,244,At Risk,3,🟢 Promising Mid-Tier,0.9991,2.16,447.22,6418.93,Gold
16318,35,1,328.15,3,2,2,322,Potential Loyalists,1,🟢 Promising Mid-Tier,1.0,0.41,328.15,134.42,Bronze
16319,218,1,404.4,1,2,2,122,Hibernating,0,❄️  Inactive / Lost,1.0,0.41,404.4,165.65,Bronze
16320,172,2,1038.46,2,3,4,234,At Risk,3,🟢 Promising Mid-Tier,0.9971,1.28,519.23,4477.69,Gold
16321,72,5,373.65,3,4,2,342,Potential Loyalists,3,🟢 Promising Mid-Tier,0.9996,3.91,74.73,1992.59,Silver
16322,1,2,326.75,5,3,2,532,Need Attention,1,🟢 Promising Mid-Tier,0.9987,1.28,163.38,1481.6,Silver
16323,196,1,207.5,1,2,1,121,Hibernating,0,❄️  Inactive / Lost,1.0,0.41,207.5,85.0,Bronze
16324,128,3,428.68,2,4,2,242,Need Attention,0,❄️  Inactive / Lost,0.999,2.16,142.89,2109.55,Silver
16325,47,3,594.24,3,4,3,343,Loyal Customers,3,🟢 Promising Mid-Tier,0.9995,2.16,198.08,2892.25,Silver
16326,6,14,3110.96,5,5,5,555,Champions,2,🏆 High Value Active,0.9999,11.8,222.21,17224.81,Platinum
16327,14,6,3813.62,4,5,5,455,Champions,2,🏆 High Value Active,0.9998,4.79,635.6,20004.68,Platinum
16330,18,3,251.91,4,4,2,442,Need Attention,1,🟢 Promising Mid-Tier,0.9996,2.16,83.97,1275.93,Silver
16332,28,7,1593.2,4,5,4,454,Champions,3,🟢 Promising Mid-Tier,0.9998,5.66,227.6,8515.03,Gold
16333,8,22,26626.8,5,5,5,555,Champions,2,🏆 High Value Active,1.0,18.8,1210.31,148970.81,Platinum
16337,37,1,151.05,3,2,1,321,Potential Loyalists,1,🟢 Promising Mid-Tier,1.0,0.41,151.05,61.87,Bronze
16338,157,1,214.8,2,2,1,221,Hibernating,0,❄️  Inactive / Lost,1.0,0.41,214.8,87.99,Bronze
16339,284,1,109.95,1,2,1,121,Hibernating,0,❄️  Inactive / Lost,1.0,0.41,109.95,45.04,Bronze
16340,107,1,549.07,2,2,3,223,Need Attention,0,❄️  Inactive / Lost,1.0,0.41,549.07,224.91,Bronze
16341,25,4,1971.87,4,4,4,444,Champions,3,🟢 Promising Mid-Tier,0.9997,3.04,492.97,9888.31,Gold
16342,75,4,322.41,2,4,2,242,Need Attention,3,🟢 Promising Mid-Tier,0.9995,3.04,80.6,1684.11,Silver
16343,16,2,370.48,4,3,2,432,Need Attention,1,🟢 Promising Mid-Tier,0.9986,1.28,185.24,1666.0,Silver
16344,158,1,101.1,2,2,1,221,Hibernating,0,❄️  Inactive / Lost,1.0,0.41,101.1,41.41,Bronze
16345,44,1,575.41,3,2,3,323,Potential Loyalists,1,🟢 Promising Mid-Tier,1.0,0.41,575.41,235.7,Bronze
16347,11,2,887.65,5,3,3,533,Loyal Customers,1,🟢 Promising Mid-Tier,0.9986,1.28,443.82,3848.16,Gold
16348,32,7,1467.11,4,5,4,454,Champions,3,🟢 Promising Mid-Tier,0.9998,5.66,209.59,7847.0,Gold
16349,291,1,53.5,1,2,1,121,Hibernating,0,❄️  Inactive / Lost,1.0,0.41,53.5,21.92,Bronze
16350,21,4,1116.47,4,4,4,444,Champions,3,🟢 Promising Mid-Tier,0.9997,3.04,279.12,5633.87,Gold
16351,333,1,153.9,1,2,1,121,Hibernating,0,❄️  Inactive / Lost,1.0,0.41,153.9,63.04,Bronze
16352,18,2,494.44,4,3,3,433,Loyal Customers,1,🟢 Promising Mid-Tier,0.9986,1.28,247.22,2188.99,Silver
16353,4,23,6675.71,5,5,5,555,Champions,2,🏆 High Value Active,1.0,19.68,290.25,37442.7,Platinum
16354,63,2,395.8,3,3,2,332,Potential Loyalists,0,❄️  Inactive / Lost,0.9983,1.28,197.9,1772.33,Silver
16356,198,3,211.77,1,4,1,141,Need Attention,0,❄️  Inactive / Lost,0.998,2.16,70.59,1084.74,Silver
16357,33,3,658.88,4,4,3,443,Loyal Customers,3,🟢 Promising Mid-Tier,0.9995,2.16,219.63,3197.62,Gold
16358,1,4,2027.5,5,4,4,544,Champions,2,🏆 High Value Active,0.9998,3.04,506.88,10165.55,Platinum
16359,7,9,1750.92,5,5,4,554,Champions,2,🏆 High Value Active,0.9999,7.42,194.55,9517.62,Gold
16360,5,6,3512.53,5,5,5,555,Champions,2,🏆 High Value Active,0.9999,4.79,585.42,18431.64,Platinum
16361,10,4,896.66,5,4,3,543,Loyal Customers,1,🟢 Promising Mid-Tier,0.9997,3.04,224.16,4540.71,Gold
16362,32,5,734.77,4,4,3,443,Loyal Customers,3,🟢 Promising Mid-Tier,0.9998,3.91,146.95,3843.49,Gold
16363,53,1,109.36,3,2,1,321,Potential Loyalists,0,❄️  Inactive / Lost,1.0,0.41,109.36,44.8,Bronze
16364,12,2,707.04,5,3,3,533,Loyal Customers,1,🟢 Promising Mid-Tier,0.9986,1.28,353.52,3086.09,Gold
16365,18,9,1540.42,4,5,4,454,Champions,2,🏆 High Value Active,0.9999,7.42,171.16,8382.09,Gold
16366,19,1,327.3,4,2,2,422,New Customers,1,🟢 Promising Mid-Tier,1.0,0.41,327.3,134.07,Bronze
16367,37,2,804.49,3,3,3,333,Loyal Customers,1,🟢 Promising Mid-Tier,0.9985,1.28,402.24,3496.78,Gold
16368,2,2,497.43,5,3,3,533,Loyal Customers,1,🟢 Promising Mid-Tier,0.9987,1.28,248.72,2201.78,Silver
16369,18,3,1551.58,4,4,4,444,Champions,3,🟢 Promising Mid-Tier,0.9996,2.16,517.19,7413.34,Gold
16370,82,4,1320.56,2,4,4,244,At Risk,3,🟢 Promising Mid-Tier,0.9995,3.04,330.14,6647.5,Gold
16372,33,2,367.93,4,3,2,432,Need Attention,1,🟢 Promising Mid-Tier,0.9985,1.28,183.96,1655.09,Silver
16374,66,2,465.08,3,3,2,332,Potential Loyalists,0,❄️  Inactive / Lost,0.9983,1.28,232.54,2064.51,Silver
16376,9,2,987.01,5,3,4,534,Loyal Customers,1,🟢 Promising Mid-Tier,0.9986,1.28,493.5,4267.43,Gold
16377,267,1,676.2,1,2,3,123,Need Attention,0,❄️  Inactive / Lost,1.0,0.41,676.2,276.99,Bronze
16378,247,3,362.95,1,4,2,142,Need Attention,0,❄️  Inactive / Lost,0.9964,2.15,120.98,1794.53,Silver
16379,4,4,2157.4,5,4,5,545,Champions,2,🏆 High Value Active,0.9998,3.04,539.35,10811.6,Platinum
16380,61,1,1780.59,3,2,4,324,Potential Loyalists,3,🟢 Promising Mid-Tier,1.0,0.41,1780.59,729.38,Silver
16383,75,2,668.36,2,3,3,233,At Risk,3,🟢 Promising Mid-Tier,0.9982,1.28,334.18,2921.74,Silver
16384,90,2,584.5,2,3,3,233,At Risk,0,❄️  Inactive / Lost,0.9981,1.28,292.25,2567.74,Silver
16385,60,3,555.89,3,4,3,343,Loyal Customers,3,🟢 Promising Mid-Tier,0.9994,2.16,185.3,2711.03,Silver
16386,29,2,317.2,4,3,2,432,Need Attention,1,🟢 Promising Mid-Tier,0.9985,1.28,158.6,1441.1,Silver
16387,323,1,94.36,1,2,1,121,Hibernating,0,❄️  Inactive / Lost,1.0,0.41,94.36,38.65,Bronze
16389,53,4,1382.07,3,4,4,344,Loyal Customers,3,🟢 Promising Mid-Tier,0.9996,3.04,345.52,6954.24,Gold
16392,270,1,221.19,1,2,1,121,Hibernating,0,❄️  Inactive / Lost,1.0,0.41,221.19,90.61,Bronze
16393,2,13,3046.21,5,5,5,555,Champions,2,🏆 High Value Active,0.9999,10.92,234.32,16817.51,Platinum
16394,57,5,1555.34,3,4,4,344,Loyal Customers,3,🟢 Promising Mid-Tier,0.9997,3.91,311.07,8047.92,Gold
16395,61,5,1486.9,3,4,4,344,Loyal Customers,3,🟢 Promising Mid-Tier,0.9997,3.91,297.38,7697.09,Gold
16398,154,2,1705.8,2,3,4,234,At Risk,3,🟢 Promising Mid-Tier,0.9974,1.28,852.9,7291.24,Gold
16399,19,2,406.77,4,3,2,432,Need Attention,1,🟢 Promising Mid-Tier,0.9986,1.28,203.38,1819.09,Silver
16400,95,1,303.93,2,2,2,222,Hibernating,0,❄️  Inactive / Lost,1.0,0.41,303.93,124.5,Bronze
16401,1,12,4098.32,5,5,5,555,Champions,2,🏆 High Value Active,0.9999,10.04,341.53,22521.76,Platinum
16402,265,2,299.6,1,3,2,132,Need Attention,0,❄️  Inactive / Lost,0.9942,1.28,149.8,1360.91,Silver
16403,312,1,177.5,1,2,1,121,Hibernating,0,❄️  Inactive / Lost,1.0,0.41,177.5,72.71,Bronze
16404,70,1,443.05,3,2,2,322,Potential Loyalists,0,❄️  Inactive / Lost,1.0,0.41,443.05,181.49,Bronze
16405,302,2,167.25,1,3,1,131,Need Attention,0,❄️  Inactive / Lost,0.9913,1.27,83.62,802.59,Silver
16406,19,1,163.07,4,2,1,421,New Customers,1,🟢 Promising Mid-Tier,1.0,0.41,163.07,66.8,Bronze
16407,13,10,2126.93,5,5,5,555,Champions,2,🏆 High Value Active,0.9999,8.29,212.69,11616.51,Platinum
16409,36,5,2028.88,3,4,4,344,Loyal Customers,3,🟢 Promising Mid-Tier,0.9998,3.91,405.78,10475.17,Platinum
16411,19,2,214.65,4,3,1,431,Need Attention,1,🟢 Promising Mid-Tier,0.9986,1.28,107.32,1008.5,Silver
16412,54,1,151.83,3,2,1,321,Potential Loyalists,0,❄️  Inactive / Lost,1.0,0.41,151.83,62.19,Bronze
16413,57,1,262.2,3,2,2,322,Potential Loyalists,0,❄️  Inactive / Lost,1.0,0.41,262.2,107.4,Bronze
16414,22,2,126.25,4,3,1,431,Need Attention,1,🟢 Promising Mid-Tier,0.9986,1.28,63.12,635.52,Silver
16415,44,1,210.35,3,2,1,321,Potential Loyalists,0,❄️  Inactive / Lost,1.0,0.41,210.35,86.17,Bronze
16416,27,3,1051.4,4,4,4,444,Champions,3,🟢 Promising Mid-Tier,0.9995,2.16,350.47,5051.22,Gold
16418,45,3,675.27,3,4,3,343,Loyal Customers,3,🟢 Promising Mid-Tier,0.9995,2.16,225.09,3274.88,Gold
16419,113,6,972.23,2,5,4,254,At Risk,3,🟢 Promising Mid-Tier,0.9993,4.79,162.04,5153.93,Gold
16422,17,51,34684.4,4,5,5,455,Champions,2,🏆 High Value Active,0.9999,44.2,680.09,196727.33,Platinum
16423,25,1,346.12,4,2,2,422,New Customers,1,🟢 Promising Mid-Tier,1.0,0.41,346.12,141.78,Bronze
16424,191,1,133.56,1,2,1,121,Hibernating,0,❄️  Inactive / Lost,1.0,0.41,133.56,54.71,Bronze
16425,302,1,302.7,1,2,2,122,Hibernating,0,❄️  Inactive / Lost,1.0,0.41,302.7,123.99,Bronze
16426,2,10,1908.25,5,5,4,554,Champions,2,🏆 High Value Active,0.9999,8.29,190.82,10429.93,Platinum
16427,263,2,241.06,1,3,1,131,Need Attention,0,❄️  Inactive / Lost,0.9943,1.28,120.53,1115.13,Silver
16429,106,1,284.55,2,2,2,222,Hibernating,0,❄️  Inactive / Lost,1.0,0.41,284.55,116.56,Bronze
16430,57,1,300.85,3,2,2,322,Potential Loyalists,0,❄️  Inactive / Lost,1.0,0.41,300.85,123.24,Bronze
16431,213,3,642.81,1,4,3,143,At Risk,0,❄️  Inactive / Lost,0.9977,2.16,214.27,3115.99,Gold
16432,64,1,287.4,3,2,2,322,Potential Loyalists,0,❄️  Inactive / Lost,1.0,0.41,287.4,117.73,Bronze
16433,28,1,184.26,4,2,1,421,New Customers,1,🟢 Promising Mid-Tier,1.0,0.41,184.26,75.48,Bronze
16434,29,7,1522.25,4,5,4,454,Champions,3,🟢 Promising Mid-Tier,0.9998,5.66,217.46,8139.16,Gold
16438,6,5,798.35,5,4,3,543,Loyal Customers,1,🟢 Promising Mid-Tier,0.9998,3.91,159.67,4169.56,Gold
16440,8,5,3640.67,5,4,5,545,Champions,2,🏆 High Value Active,0.9998,3.91,728.13,18736.14,Platinum
16441,67,2,381.2,3,3,2,332,Potential Loyalists,0,❄️  Inactive / Lost,0.9983,1.28,190.6,1710.7,Silver
16442,2,3,616.79,5,4,3,543,Loyal Customers,1,🟢 Promising Mid-Tier,0.9996,2.16,205.6,2999.12,Silver
16444,46,4,654.67,3,4,3,343,Loyal Customers,3,🟢 Promising Mid-Tier,0.9996,3.04,163.67,3336.76,Gold
16445,34,1,230.51,3,2,1,321,Potential Loyalists,1,🟢 Promising Mid-Tier,1.0,0.41,230.51,94.42,Bronze
16446,1,2,168472.5,5,3,5,535,Loyal Customers,2,🏆 High Value Active,0.9987,1.28,84236.25,710979.22,Platinum
16447,136,1,259.01,2,2,2,222,Hibernating,0,❄️  Inactive / Lost,1.0,0.41,259.01,106.1,Bronze
16448,198,1,188.89,1,2,1,121,Hibernating,0,❄️  Inactive / Lost,1.0,0.41,188.89,77.37,Bronze
16449,198,2,707.69,1,3,3,133,At Risk,0,❄️  Inactive / Lost,0.9966,1.28,353.84,3082.57,Gold
16450,150,1,311.92,2,2,2,222,Hibernating,0,❄️  Inactive / Lost,1.0,0.41,311.92,127.77,Bronze
16451,88,1,266.97,2,2,2,222,Hibernating,0,❄️  Inactive / Lost,1.0,0.41,266.97,109.36,Bronze
16454,64,1,5.9,3,2,1,321,Potential Loyalists,0,❄️  Inactive / Lost,1.0,0.41,5.9,2.42,Bronze
16455,64,7,1841.18,3,5,4,354,Loyal Customers,3,🟢 Promising Mid-Tier,0.9997,5.66,263.03,9827.24,Gold
16456,99,5,2158.37,2,4,5,245,At Risk,3,🟢 Promising Mid-Tier,0.9994,3.91,431.67,11135.31,Platinum
16457,218,1,208.36,1,2,1,121,Hibernating,0,❄️  Inactive / Lost,1.0,0.41,208.36,85.35,Bronze
16458,3,18,3482.74,5,5,5,555,Champions,2,🏆 High Value Active,1.0,15.3,193.49,19441.34,Platinum
16460,28,3,814.72,4,4,3,443,Loyal Customers,3,🟢 Promising Mid-Tier,0.9995,2.16,271.57,3933.57,Gold
16461,178,1,151.42,2,2,1,221,Hibernating,0,❄️  Inactive / Lost,1.0,0.41,151.42,62.03,Bronze
16462,74,3,136.0,2,4,1,241,Need Attention,0,❄️  Inactive / Lost,0.9994,2.16,45.33,728.43,Silver
16463,21,4,1422.4,4,4,4,444,Champions,3,🟢 Promising Mid-Tier,0.9997,3.04,355.6,7155.49,Gold
16464,20,3,1314.68,4,4,4,444,Champions,3,🟢 Promising Mid-Tier,0.9996,2.16,438.23,6294.6,Gold
16466,34,7,1603.46,3,5,4,354,Loyal Customers,3,🟢 Promising Mid-Tier,0.9998,5.66,229.07,8569.23,Gold
16468,74,1,74.9,2,2,1,221,Hibernating,0,❄️  Inactive / Lost,1.0,0.41,74.9,30.68,Bronze
16469,24,4,650.43,4,4,3,443,Loyal Customers,3,🟢 Promising Mid-Tier,0.9997,3.04,162.61,3315.88,Gold
16470,52,4,762.39,3,4,3,343,Loyal Customers,3,🟢 Promising Mid-Tier,0.9996,3.04,190.6,3872.41,Gold
16471,275,1,223.95,1,2,1,121,Hibernating,0,❄️  Inactive / Lost,1.0,0.41,223.95,91.74,Bronze
16473,165,3,316.11,2,4,2,242,Need Attention,0,❄️  Inactive / Lost,0.9986,2.16,105.37,1577.62,Silver
16474,7,7,1871.34,5,5,4,554,Champions,2,🏆 High Value Active,0.9999,5.66,267.33,9988.9,Gold
16475,88,4,544.3,2,4,3,243,At Risk,3,🟢 Promising Mid-Tier,0.9995,3.04,136.07,2787.34,Silver
16477,64,7,2494.46,3,5,5,355,Loyal Customers,3,🟢 Promising Mid-Tier,0.9997,5.66,356.35,13287.38,Platinum
16478,25,3,331.0,4,4,2,442,Need Attention,1,🟢 Promising Mid-Tier,0.9995,2.16,110.33,1649.39,Silver
16479,10,2,300.83,5,3,2,532,Need Attention,1,🟢 Promising Mid-Tier,0.9986,1.28,150.42,1372.17,Silver
16480,76,1,769.29,2,2,3,223,Need Attention,0,❄️  Inactive / Lost,1.0,0.41,769.29,315.12,Bronze
16482,16,1,220.62,4,2,1,421,New Customers,1,🟢 Promising Mid-Tier,1.0,0.41,220.62,90.37,Bronze
16483,192,1,139.35,1,2,1,121,Hibernating,0,❄️  Inactive / Lost,1.0,0.41,139.35,57.08,Bronze
16484,174,2,404.3,2,3,2,232,Need Attention,0,❄️  Inactive / Lost,0.9971,1.28,202.15,1805.94,Silver
16485,77,1,363.65,2,2,2,222,Hibernating,0,❄️  Inactive / Lost,1.0,0.41,363.65,148.96,Bronze
16488,33,3,498.8,4,4,3,443,Loyal Customers,1,🟢 Promising Mid-Tier,0.9995,2.16,166.27,2441.71,Silver
16491,47,1,731.5,3,2,3,323,Potential Loyalists,1,🟢 Promising Mid-Tier,1.0,0.41,731.5,299.64,Bronze
16493,80,4,1351.63,2,4,4,244,At Risk,3,🟢 Promising Mid-Tier,0.9995,3.04,337.91,6802.07,Gold
16494,297,1,826.53,1,2,3,123,Need Attention,0,❄️  Inactive / Lost,1.0,0.41,826.53,338.57,Bronze
16495,3,3,684.41,5,4,3,543,Loyal Customers,1,🟢 Promising Mid-Tier,0.9996,2.16,228.14,3318.45,Gold
16496,9,3,1599.52,5,4,4,544,Champions,1,🟢 Promising Mid-Tier,0.9996,2.16,533.17,7639.91,Gold
16497,50,6,2965.69,3,5,5,355,Loyal Customers,3,🟢 Promising Mid-Tier,0.9997,4.79,494.28,15572.16,Platinum
16498,161,2,100.97,2,3,1,231,Need Attention,0,❄️  Inactive / Lost,0.9973,1.28,50.48,528.18,Silver
16499,360,2,365.45,1,3,2,132,Need Attention,0,❄️  Inactive / Lost,0.9758,1.25,182.72,1607.19,Silver
16500,5,6,400.86,5,5,2,552,Need Attention,1,🟢 Promising Mid-Tier,0.9999,4.79,66.81,2171.19,Silver
16503,107,4,1431.93,2,4,4,244,At Risk,3,🟢 Promising Mid-Tier,0.9993,3.04,357.98,7200.18,Gold
16504,25,1,484.38,4,2,2,422,New Customers,1,🟢 Promising Mid-Tier,1.0,0.41,484.38,198.42,Bronze
16505,32,1,777.6,4,2,3,423,New Customers,1,🟢 Promising Mid-Tier,1.0,0.41,777.6,318.53,Bronze
16506,20,2,90.3,4,3,1,431,Need Attention,1,🟢 Promising Mid-Tier,0.9986,1.28,45.15,483.85,Bronze
16509,297,1,363.7,1,2,2,122,Hibernating,0,❄️  Inactive / Lost,1.0,0.41,363.7,148.98,Bronze
16510,372,1,248.1,1,2,1,121,Hibernating,0,❄️  Inactive / Lost,1.0,0.41,248.1,101.63,Bronze
16511,22,3,948.26,4,4,4,444,Champions,3,🟢 Promising Mid-Tier,0.9995,2.16,316.09,4564.24,Gold
16513,5,4,874.59,5,4,3,543,Loyal Customers,1,🟢 Promising Mid-Tier,0.9998,3.04,218.65,4430.98,Gold
16515,52,5,1627.13,3,4,4,344,Loyal Customers,3,🟢 Promising Mid-Tier,0.9997,3.91,325.43,8415.94,Gold
16516,30,1,101.7,4,2,1,421,New Customers,1,🟢 Promising Mid-Tier,1.0,0.41,101.7,41.66,Bronze
16517,277,1,162.7,1,2,1,121,Hibernating,0,❄️  Inactive / Lost,1.0,0.41,162.7,66.65,Bronze
16518,61,2,484.32,3,3,2,332,Potential Loyalists,0,❄️  Inactive / Lost,0.9983,1.28,242.16,2145.74,Silver
16519,25,2,212.98,4,3,1,431,Need Attention,1,🟢 Promising Mid-Tier,0.9986,1.28,106.49,1001.42,Silver
16520,186,3,1046.57,1,4,4,144,At Risk,3,🟢 Promising Mid-Tier,0.9983,2.16,348.86,5022.16,Gold
16523,2,21,9418.47,5,5,5,555,Champions,2,🏆 High Value Active,1.0,17.93,448.5,52679.33,Platinum
16525,2,26,13027.45,5,5,5,555,Champions,2,🏆 High Value Active,1.0,22.31,501.06,73198.22,Platinum
16526,172,1,290.36,2,2,2,222,Hibernating,0,❄️  Inactive / Lost,1.0,0.41,290.36,118.94,Bronze
16527,81,1,228.06,2,2,1,221,Hibernating,0,❄️  Inactive / Lost,1.0,0.41,228.06,93.42,Bronze
16528,4,1,244.41,5,2,1,521,New Customers,1,🟢 Promising Mid-Tier,1.0,0.41,244.41,100.12,Bronze
16529,190,1,455.25,1,2,2,122,Hibernating,0,❄️  Inactive / Lost,1.0,0.41,455.25,186.48,Bronze
16531,22,7,1244.59,4,5,4,454,Champions,3,🟢 Promising Mid-Tier,0.9999,5.66,177.8,6668.43,Gold
16532,18,3,6748.8,4,4,5,445,Champions,3,🟢 Promising Mid-Tier,0.9996,2.16,2249.6,31956.08,Platinum
16533,19,3,1095.56,4,4,4,444,Champions,3,🟢 Promising Mid-Tier,0.9996,2.16,365.19,5259.87,Gold
16535,5,1,593.75,5,2,3,523,New Customers,1,🟢 Promising Mid-Tier,1.0,0.41,593.75,243.22,Bronze
16536,110,1,548.97,2,2,3,223,Need Attention,0,❄️  Inactive / Lost,1.0,0.41,548.97,224.87,Bronze
16539,3,4,1388.81,5,4,4,544,Champions,2,🏆 High Value Active,0.9998,3.04,347.2,6988.7,Gold
16542,54,1,119.62,3,2,1,321,Potential Loyalists,0,❄️  Inactive / Lost,1.0,0.41,119.62,49.0,Bronze
16545,165,1,339.3,2,2,2,222,Hibernating,0,❄️  Inactive / Lost,1.0,0.41,339.3,138.99,Bronze
16546,291,2,787.15,1,3,3,133,At Risk,0,❄️  Inactive / Lost,0.9924,1.28,393.58,3402.62,Gold
16549,10,10,4154.64,5,5,5,555,Champions,2,🏆 High Value Active,0.9999,8.29,415.46,22621.18,Platinum
16550,109,5,2298.97,2,4,5,245,At Risk,3,🟢 Promising Mid-Tier,0.9994,3.91,459.79,11854.58,Platinum
16551,96,3,922.12,2,4,3,243,At Risk,3,🟢 Promising Mid-Tier,0.9992,2.16,307.37,4439.45,Gold
16552,243,2,379.73,1,3,2,132,Need Attention,0,❄️  Inactive / Lost,0.9952,1.28,189.86,1699.28,Silver
16553,163,12,5719.82,2,5,5,255,At Risk,3,🟢 Promising Mid-Tier,0.9841,9.89,476.65,30904.71,Platinum
16554,42,3,837.1,3,4,3,343,Loyal Customers,3,🟢 Promising Mid-Tier,0.9995,2.16,279.03,4039.07,Gold
16555,35,2,285.89,3,3,2,332,Potential Loyalists,1,🟢 Promising Mid-Tier,0.9985,1.28,142.94,1308.96,Silver
16556,67,7,3313.79,3,5,5,355,Loyal Customers,3,🟢 Promising Mid-Tier,0.9997,5.66,473.4,17626.7,Platinum
16557,24,2,281.85,4,3,2,432,Need Attention,1,🟢 Promising Mid-Tier,0.9986,1.28,140.93,1292.0,Silver
16558,1,20,8338.49,5,5,5,555,Champions,2,🏆 High Value Active,1.0,17.05,416.92,46587.09,Platinum
16560,27,2,841.41,4,3,3,433,Loyal Customers,1,🟢 Promising Mid-Tier,0.9985,1.28,420.7,3652.75,Gold
16561,6,2,511.12,5,3,3,533,Loyal Customers,1,🟢 Promising Mid-Tier,0.9986,1.28,255.56,2259.5,Silver
16563,54,1,1077.74,3,2,4,324,Potential Loyalists,3,🟢 Promising Mid-Tier,1.0,0.41,1077.74,441.47,Bronze
16565,364,1,173.7,1,2,1,121,Hibernating,0,❄️  Inactive / Lost,1.0,0.41,173.7,71.15,Bronze
16566,15,5,614.66,4,4,3,443,Loyal Customers,1,🟢 Promising Mid-Tier,0.9998,3.91,122.93,3228.11,Gold
16567,194,2,865.6,1,3,3,133,At Risk,0,❄️  Inactive / Lost,0.9967,1.28,432.8,3747.83,Gold
16569,3,1,124.2,5,2,1,521,New Customers,1,🟢 Promising Mid-Tier,1.0,0.41,124.2,50.88,Bronze
16570,15,10,3738.4,4,5,5,455,Champions,2,🏆 High Value Active,0.9999,8.29,373.84,20361.98,Platinum
16571,27,3,1421.69,4,4,4,444,Champions,3,🟢 Promising Mid-Tier,0.9995,2.16,473.9,6799.79,Gold
16572,127,3,1009.6,2,4,4,244,At Risk,3,🟢 Promising Mid-Tier,0.999,2.16,336.53,4851.37,Gold
16573,85,2,663.61,2,3,3,233,At Risk,0,❄️  Inactive / Lost,0.9982,1.28,331.8,2901.48,Silver
16574,71,1,451.44,3,2,2,322,Potential Loyalists,0,❄️  Inactive / Lost,1.0,0.41,451.44,184.92,Bronze
16581,183,1,105.84,1,2,1,121,Hibernating,0,❄️  Inactive / Lost,1.0,0.41,105.84,43.36,Bronze
16582,113,1,313.62,2,2,2,222,Hibernating,0,❄️  Inactive / Lost,1.0,0.41,313.62,128.47,Bronze
16583,374,1,233.45,1,2,1,121,Hibernating,0,❄️  Inactive / Lost,1.0,0.41,233.45,95.63,Bronze
16584,80,2,936.08,2,3,4,234,At Risk,3,🟢 Promising Mid-Tier,0.9982,1.28,468.04,4050.74,Gold
16586,249,1,463.95,1,2,2,122,Hibernating,0,❄️  Inactive / Lost,1.0,0.41,463.95,190.05,Bronze
16587,232,1,225.15,1,2,1,121,Hibernating,0,❄️  Inactive / Lost,1.0,0.41,225.15,92.23,Bronze
16589,71,3,459.24,3,4,2,342,Potential Loyalists,3,🟢 Promising Mid-Tier,0.9994,2.16,153.08,2254.58,Silver
16591,69,1,213.5,3,2,1,321,Potential Loyalists,0,❄️  Inactive / Lost,1.0,0.41,213.5,87.46,Bronze
16592,4,16,4113.68,5,5,5,555,Champions,2,🏆 High Value Active,1.0,13.55,257.1,22864.18,Platinum
16593,51,3,330.03,3,4,2,342,Potential Loyalists,1,🟢 Promising Mid-Tier,0.9995,2.16,110.01,1644.66,Silver
16594,75,1,181.09,2,2,1,221,Hibernating,0,❄️  Inactive / Lost,1.0,0.41,181.09,74.18,Bronze
16595,61,1,360.16,3,2,2,322,Potential Loyalists,0,❄️  Inactive / Lost,1.0,0.41,360.16,147.53,Bronze
16596,16,2,250.15,4,3,2,432,Need Attention,1,🟢 Promising Mid-Tier,0.9986,1.28,125.08,1158.3,Silver
16597,4,1,90.04,5,2,1,521,New Customers,1,🟢 Promising Mid-Tier,1.0,0.41,90.04,36.88,Bronze
16598,286,1,145.05,1,2,1,121,Hibernating,0,❄️  Inactive / Lost,1.0,0.41,145.05,59.42,Bronze
16600,4,6,813.52,5,5,3,553,Loyal Customers,2,🏆 High Value Active,0.9999,4.79,135.59,4327.6,Gold
16601,41,1,243.63,3,2,1,321,Potential Loyalists,1,🟢 Promising Mid-Tier,1.0,0.41,243.63,99.8,Bronze
16602,36,1,528.08,3,2,3,323,Potential Loyalists,1,🟢 Promising Mid-Tier,1.0,0.41,528.08,216.32,Bronze
16603,75,2,482.47,2,3,2,232,Need Attention,0,❄️  Inactive / Lost,0.9982,1.28,241.24,2137.72,Silver
16607,18,14,3347.71,4,5,5,455,Champions,2,🏆 High Value Active,0.9999,11.8,239.12,18529.63,Platinum
16609,15,7,5493.46,4,5,5,455,Champions,2,🏆 High Value Active,0.9999,5.66,784.78,29176.89,Platinum
16610,219,1,75.66,1,2,1,121,Hibernating,0,❄️  Inactive / Lost,1.0,0.41,75.66,30.99,Bronze
16611,186,1,129.49,1,2,1,121,Hibernating,0,❄️  Inactive / Lost,1.0,0.41,129.49,53.04,Bronze
16612,33,4,1187.66,4,4,4,444,Champions,3,🟢 Promising Mid-Tier,0.9997,3.04,296.92,5987.76,Gold
16613,70,1,618.59,3,2,3,323,Potential Loyalists,0,❄️  Inactive / Lost,1.0,0.41,618.59,253.39,Bronze
16614,183,1,506.19,1,2,3,123,Need Attention,0,❄️  Inactive / Lost,1.0,0.41,506.19,207.35,Bronze
16616,15,2,500.42,4,3,3,433,Loyal Customers,1,🟢 Promising Mid-Tier,0.9986,1.28,250.21,2214.26,Silver
16617,236,1,151.85,1,2,1,121,Hibernating,0,❄️  Inactive / Lost,1.0,0.41,151.85,62.2,Bronze
16618,31,5,2647.59,4,4,5,445,Champions,3,🟢 Promising Mid-Tier,0.9998,3.91,529.52,13645.98,Platinum
16619,264,1,226.21,1,2,1,121,Hibernating,0,❄️  Inactive / Lost,1.0,0.41,226.21,92.66,Bronze
16620,4,2,178.96,5,3,1,531,Need Attention,1,🟢 Promising Mid-Tier,0.9987,1.28,89.48,857.98,Silver
16621,52,4,813.48,3,4,3,343,Loyal Customers,3,🟢 Promising Mid-Tier,0.9996,3.04,203.37,4126.5,Gold
16623,246,1,129.45,1,2,1,121,Hibernating,0,❄️  Inactive / Lost,1.0,0.41,129.45,53.03,Bronze
16624,81,2,810.57,2,3,3,233,At Risk,3,🟢 Promising Mid-Tier,0.9982,1.28,405.28,3521.38,Gold
16625,275,1,333.08,1,2,2,122,Hibernating,0,❄️  Inactive / Lost,1.0,0.41,333.08,136.44,Bronze
16626,1,17,4413.1,5,5,5,555,Champions,2,🏆 High Value Active,1.0,14.42,259.59,24572.2,Platinum
16627,79,1,322.8,2,2,2,222,Hibernating,0,❄️  Inactive / Lost,1.0,0.41,322.8,132.23,Bronze
16628,30,5,2188.05,4,4,5,445,Champions,3,🟢 Promising Mid-Tier,0.9998,3.91,437.61,11291.04,Platinum
16629,74,2,417.73,2,3,2,232,Need Attention,0,❄️  Inactive / Lost,0.9982,1.28,208.86,1864.68,Silver
16633,17,6,2883.1,4,5,5,455,Champions,2,🏆 High Value Active,0.9998,4.79,480.52,15142.1,Platinum
16634,223,2,217.9,1,3,1,131,Need Attention,0,❄️  Inactive / Lost,0.9959,1.28,108.95,1019.5,Silver
16637,32,4,1154.47,4,4,4,444,Champions,3,🟢 Promising Mid-Tier,0.9997,3.04,288.62,5822.71,Gold
16638,23,10,1680.72,4,5,4,454,Champions,2,🏆 High Value Active,0.9999,8.29,168.07,9194.67,Gold
16639,31,3,1257.51,4,4,4,444,Champions,3,🟢 Promising Mid-Tier,0.9995,2.16,419.17,6024.43,Gold
16641,106,1,231.1,2,2,1,221,Hibernating,0,❄️  Inactive / Lost,1.0,0.41,231.1,94.66,Bronze
16642,5,2,688.33,5,3,3,533,Loyal Customers,1,🟢 Promising Mid-Tier,0.9987,1.28,344.16,3007.25,Gold
16643,246,1,487.51,1,2,3,123,Need Attention,0,❄️  Inactive / Lost,1.0,0.41,487.51,199.7,Bronze
16644,178,2,833.78,2,3,3,233,At Risk,0,❄️  Inactive / Lost,0.997,1.28,416.89,3614.99,Gold
16647,170,2,214.06,2,3,1,231,Need Attention,0,❄️  Inactive / Lost,0.9971,1.28,107.03,1004.57,Silver
16648,43,1,290.66,3,2,2,322,Potential Loyalists,1,🟢 Promising Mid-Tier,1.0,0.41,290.66,119.06,Bronze
16650,72,1,518.42,3,2,3,323,Potential Loyalists,0,❄️  Inactive / Lost,1.0,0.41,518.42,212.36,Bronze
16652,59,7,6773.97,3,5,5,355,Loyal Customers,3,🟢 Promising Mid-Tier,0.9997,5.66,967.71,35955.03,Platinum
16653,16,2,1212.66,4,3,4,434,Loyal Customers,1,🟢 Promising Mid-Tier,0.9986,1.28,606.33,5219.35,Gold
16654,141,4,601.27,2,4,3,243,At Risk,3,🟢 Promising Mid-Tier,0.999,3.03,150.32,3069.25,Gold
16655,18,6,3794.52,4,5,5,455,Champions,2,🏆 High Value Active,0.9998,4.79,632.42,19904.69,Platinum
16656,22,15,8625.8,4,5,5,455,Champions,2,🏆 High Value Active,0.9999,12.67,575.05,47753.26,Platinum
16657,10,4,933.62,5,4,4,544,Champions,1,🟢 Promising Mid-Tier,0.9997,3.04,233.4,4724.54,Gold
16658,368,1,123.24,1,2,1,121,Hibernating,0,❄️  Inactive / Lost,1.0,0.41,123.24,50.48,Bronze
16659,189,1,39.12,1,2,1,121,Hibernating,0,❄️  Inactive / Lost,1.0,0.41,39.12,16.02,Bronze
16660,16,4,1267.65,4,4,4,444,Champions,3,🟢 Promising Mid-Tier,0.9997,3.04,316.91,6385.88,Gold
16665,362,1,135.4,1,2,1,121,Hibernating,0,❄️  Inactive / Lost,1.0,0.41,135.4,55.46,Bronze
16666,19,1,118.98,4,2,1,421,New Customers,1,🟢 Promising Mid-Tier,1.0,0.41,118.98,48.74,Bronze
16667,68,2,570.13,3,3,3,333,Loyal Customers,0,❄️  Inactive / Lost,0.9983,1.28,285.06,2507.57,Silver
16668,15,6,306.72,4,5,2,452,Need Attention,1,🟢 Promising Mid-Tier,0.9998,4.79,51.12,1679.21,Silver
16669,24,2,1370.47,4,3,4,434,Loyal Customers,3,🟢 Promising Mid-Tier,0.9986,1.28,685.24,5884.94,Gold
16670,17,11,4095.9,4,5,5,455,Champions,2,🏆 High Value Active,0.9999,9.17,372.35,22414.27,Platinum
16671,28,3,1692.27,4,4,4,444,Champions,3,🟢 Promising Mid-Tier,0.9995,2.16,564.09,8077.49,Gold
16672,2,20,8134.94,5,5,5,555,Champions,2,🏆 High Value Active,1.0,17.05,406.75,45451.54,Platinum
16674,55,2,319.61,3,3,2,332,Potential Loyalists,0,❄️  Inactive / Lost,0.9984,1.28,159.8,1451.04,Silver
16676,34,4,1592.12,3,4,4,344,Loyal Customers,3,🟢 Promising Mid-Tier,0.9997,3.04,398.03,7999.36,Gold
16678,3,12,3109.99,5,5,5,555,Champions,2,🏆 High Value Active,0.9999,10.04,259.17,17108.04,Platinum
16679,366,1,129.75,1,2,1,121,Hibernating,0,❄️  Inactive / Lost,1.0,0.41,129.75,53.15,Bronze
16680,43,1,183.7,3,2,1,321,Potential Loyalists,0,❄️  Inactive / Lost,1.0,0.41,183.7,75.25,Bronze
16681,73,6,1770.34,2,5,4,254,At Risk,3,🟢 Promising Mid-Tier,0.9996,4.79,295.06,9325.43,Gold
16682,5,5,1028.0,5,4,4,544,Champions,1,🟢 Promising Mid-Tier,0.9998,3.91,205.6,5346.51,Gold
16684,4,28,66653.56,5,5,5,555,Champions,2,🏆 High Value Active,1.0,24.06,2380.48,374770.52,Platinum
16685,61,2,324.24,3,3,2,332,Potential Loyalists,0,❄️  Inactive / Lost,0.9983,1.28,162.12,1470.51,Silver
16686,47,7,3062.83,3,5,5,355,Loyal Customers,3,🟢 Promising Mid-Tier,0.9998,5.66,437.55,16299.11,Platinum
16688,1,4,1260.86,5,4,4,544,Champions,2,🏆 High Value Active,0.9998,3.04,315.21,6352.31,Gold
16689,76,2,422.6,2,3,2,232,Need Attention,0,❄️  Inactive / Lost,0.9982,1.28,211.3,1885.2,Silver
16690,72,2,225.58,3,3,1,331,Potential Loyalists,0,❄️  Inactive / Lost,0.9983,1.28,112.79,1054.27,Silver
16692,256,2,1126.0,1,3,4,134,At Risk,0,❄️  Inactive / Lost,0.9947,1.28,563.0,4834.56,Gold
16693,69,2,482.01,3,3,2,332,Potential Loyalists,0,❄️  Inactive / Lost,0.9983,1.28,241.0,2135.88,Silver
16696,135,4,657.9,2,4,3,243,At Risk,3,🟢 Promising Mid-Tier,0.9991,3.03,164.48,3350.95,Gold
16697,241,1,112.75,1,2,1,121,Hibernating,0,❄️  Inactive / Lost,1.0,0.41,112.75,46.19,Bronze
16698,227,2,1998.0,1,3,4,134,At Risk,3,🟢 Promising Mid-Tier,0.9958,1.28,999.0,8509.04,Gold
16700,9,13,5076.55,5,5,5,555,Champions,2,🏆 High Value Active,0.9999,10.92,390.5,27977.88,Platinum
16701,9,13,5398.3,5,5,5,555,Champions,2,🏆 High Value Active,0.9999,10.92,415.25,29746.51,Platinum
16705,1,20,14034.99,5,5,5,555,Champions,2,🏆 High Value Active,1.0,17.05,701.75,78364.5,Platinum
16706,37,3,531.35,3,4,3,343,Loyal Customers,1,🟢 Promising Mid-Tier,0.9995,2.16,177.12,2595.38,Silver
16708,46,1,656.63,3,2,3,323,Potential Loyalists,1,🟢 Promising Mid-Tier,1.0,0.41,656.63,268.97,Bronze
16709,85,5,3029.87,2,4,5,245,At Risk,3,🟢 Promising Mid-Tier,0.9995,3.91,605.97,15601.49,Platinum
16710,19,10,2483.04,4,5,5,455,Champions,2,🏆 High Value Active,0.9999,8.29,248.3,13548.96,Platinum
16711,3,5,1651.03,5,4,4,544,Champions,2,🏆 High Value Active,0.9998,3.91,330.21,8539.52,Gold
16712,9,11,3637.78,5,5,5,555,Champions,2,🏆 High Value Active,0.9999,9.17,330.71,19915.8,Platinum
16713,19,15,6923.13,4,5,5,455,Champions,2,🏆 High Value Active,0.9999,12.67,461.54,38341.73,Platinum
16714,219,3,1161.53,1,4,4,144,At Risk,3,🟢 Promising Mid-Tier,0.9975,2.16,387.18,5559.93,Gold
16715,78,1,301.72,2,2,2,222,Hibernating,0,❄️  Inactive / Lost,1.0,0.41,301.72,123.59,Bronze
16716,267,2,901.2,1,3,3,133,At Risk,0,❄️  Inactive / Lost,0.9941,1.28,450.6,3887.54,Gold
16717,24,6,3858.38,4,5,5,455,Champions,2,🏆 High Value Active,0.9998,4.79,643.06,20238.11,Platinum
16718,369,1,623.75,1,2,3,123,Need Attention,0,❄️  Inactive / Lost,1.0,0.41,623.75,255.51,Bronze
16719,15,7,1790.42,4,5,4,454,Champions,2,🏆 High Value Active,0.9999,5.66,255.77,9560.07,Gold
16720,26,1,155.24,4,2,1,421,New Customers,1,🟢 Promising Mid-Tier,1.0,0.41,155.24,63.59,Bronze
16721,262,1,292.47,1,2,2,122,Hibernating,0,❄️  Inactive / Lost,1.0,0.41,292.47,119.8,Bronze
16722,17,13,4730.81,4,5,5,455,Champions,2,🏆 High Value Active,0.9999,10.92,363.91,26076.9,Platinum
16723,91,2,589.15,2,3,3,233,At Risk,0,❄️  Inactive / Lost,0.9981,1.28,294.58,2587.33,Silver
16725,302,6,779.57,1,5,3,153,At Risk,3,🟢 Promising Mid-Tier,0.87,4.17,129.93,3611.27,Gold
16726,26,5,1382.02,4,4,4,444,Champions,3,🟢 Promising Mid-Tier,0.9998,3.91,276.4,7160.5,Gold
16727,364,1,272.82,1,2,2,122,Hibernating,0,❄️  Inactive / Lost,1.0,0.41,272.82,111.75,Bronze
16728,46,4,1054.67,3,4,4,344,Loyal Customers,3,🟢 Promising Mid-Tier,0.9996,3.04,263.67,5326.12,Gold
16729,38,21,7236.6,3,5,5,355,Loyal Customers,2,🏆 High Value Active,0.9998,17.93,344.6,40485.17,Platinum
16730,52,3,743.11,3,4,3,343,Loyal Customers,3,🟢 Promising Mid-Tier,0.9994,2.16,247.7,3595.13,Gold
16732,32,1,603.75,4,2,3,423,New Customers,1,🟢 Promising Mid-Tier,1.0,0.41,603.75,247.31,Bronze
16734,52,3,650.51,3,4,3,343,Loyal Customers,3,🟢 Promising Mid-Tier,0.9994,2.16,216.84,3157.89,Gold
16735,79,5,2300.56,2,4,5,245,At Risk,3,🟢 Promising Mid-Tier,0.9996,3.91,460.11,11865.32,Platinum
16737,53,1,417.6,3,2,2,322,Potential Loyalists,0,❄️  Inactive / Lost,1.0,0.41,417.6,171.06,Bronze
16738,298,1,3.75,1,2,1,121,Hibernating,0,❄️  Inactive / Lost,1.0,0.41,3.75,1.54,Bronze
16739,177,1,323.0,2,2,2,222,Hibernating,0,❄️  Inactive / Lost,1.0,0.41,323.0,132.31,Bronze
16743,29,7,2238.09,4,5,5,455,Champions,3,🟢 Promising Mid-Tier,0.9998,5.66,319.73,11931.19,Platinum
16744,11,7,1304.76,5,5,4,554,Champions,2,🏆 High Value Active,0.9999,5.66,186.39,6987.35,Gold
16745,87,17,7194.3,2,5,5,255,At Risk,2,🏆 High Value Active,0.9983,14.4,423.19,39944.34,Platinum
16746,5,18,6697.66,5,5,5,555,Champions,2,🏆 High Value Active,1.0,15.3,372.09,37321.27,Platinum
16747,38,2,836.06,3,3,3,333,Loyal Customers,3,🟢 Promising Mid-Tier,0.9985,1.28,418.03,3629.95,Gold
16748,18,5,1515.9,4,4,4,444,Champions,3,🟢 Promising Mid-Tier,0.9998,3.91,303.18,7846.75,Gold
16750,45,5,623.93,3,4,3,343,Loyal Customers,3,🟢 Promising Mid-Tier,0.9997,3.91,124.79,3275.35,Gold
16751,31,1,1764.72,4,2,4,424,New Customers,3,🟢 Promising Mid-Tier,1.0,0.41,1764.72,722.88,Silver
16752,373,1,207.5,1,2,1,121,Hibernating,0,❄️  Inactive / Lost,1.0,0.41,207.5,85.0,Bronze
16753,58,1,223.92,3,2,1,321,Potential Loyalists,0,❄️  Inactive / Lost,1.0,0.41,223.92,91.72,Bronze
16754,372,1,2002.4,1,2,4,124,Can't Lose Them,0,❄️  Inactive / Lost,1.0,0.41,2002.4,820.24,Silver
16755,114,3,1496.83,2,4,4,244,At Risk,3,🟢 Promising Mid-Tier,0.9991,2.16,498.94,7151.7,Gold
16756,215,1,239.4,1,2,1,121,Hibernating,0,❄️  Inactive / Lost,1.0,0.41,239.4,98.06,Bronze
16757,319,1,106.83,1,2,1,121,Hibernating,0,❄️  Inactive / Lost,1.0,0.41,106.83,43.76,Bronze
16758,65,1,369.34,3,2,2,322,Potential Loyalists,0,❄️  Inactive / Lost,1.0,0.41,369.34,151.29,Bronze
16759,8,3,789.79,5,4,3,543,Loyal Customers,1,🟢 Promising Mid-Tier,0.9996,2.16,263.26,3816.05,Gold
16761,97,1,316.62,2,2,2,222,Hibernating,0,❄️  Inactive / Lost,1.0,0.41,316.62,129.7,Bronze
16762,20,3,1501.38,4,4,4,444,Champions,3,🟢 Promising Mid-Tier,0.9996,2.16,500.46,7176.24,Gold
16763,199,1,611.85,1,2,3,123,Need Attention,0,❄️  Inactive / Lost,1.0,0.41,611.85,250.63,Bronze
16764,4,13,2799.25,5,5,5,555,Champions,2,🏆 High Value Active,0.9999,10.92,215.33,15459.93,Platinum
16765,294,1,34.0,1,2,1,121,Hibernating,0,❄️  Inactive / Lost,1.0,0.41,34.0,13.93,Bronze
16766,273,2,1145.6,1,3,4,134,At Risk,0,❄️  Inactive / Lost,0.9937,1.28,572.8,4912.25,Gold
16767,31,11,5580.6,4,5,5,455,Champions,2,🏆 High Value Active,0.9999,9.17,507.33,30511.29,Platinum
16768,48,3,478.09,3,4,2,342,Potential Loyalists,3,🟢 Promising Mid-Tier,0.9995,2.16,159.36,2343.8,Silver
16769,260,1,380.39,1,2,2,122,Hibernating,0,❄️  Inactive / Lost,1.0,0.41,380.39,155.82,Bronze
16770,58,5,770.1,3,4,3,343,Loyal Customers,3,🟢 Promising Mid-Tier,0.9997,3.91,154.02,4024.19,Gold
16771,33,5,2234.81,4,4,5,445,Champions,3,🟢 Promising Mid-Tier,0.9998,3.91,446.96,11530.57,Platinum
16773,57,1,171.59,3,2,1,321,Potential Loyalists,0,❄️  Inactive / Lost,1.0,0.41,171.59,70.29,Bronze
16774,68,4,661.52,3,4,3,343,Loyal Customers,3,🟢 Promising Mid-Tier,0.9996,3.04,165.38,3370.55,Gold
16775,10,11,1695.66,5,5,4,554,Champions,2,🏆 High Value Active,0.9999,9.17,154.15,9322.28,Gold
16776,60,1,388.28,3,2,2,322,Potential Loyalists,0,❄️  Inactive / Lost,1.0,0.41,388.28,159.05,Bronze
16777,80,2,226.35,2,3,1,231,Need Attention,0,❄️  Inactive / Lost,0.9982,1.28,113.18,1057.45,Silver
16778,74,2,245.94,2,3,1,231,Need Attention,0,❄️  Inactive / Lost,0.9982,1.28,122.97,1140.12,Silver
16779,2,22,10629.72,5,5,5,555,Champions,2,🏆 High Value Active,1.0,18.8,483.17,59514.41,Platinum
16780,100,2,425.19,2,3,2,232,Need Attention,0,❄️  Inactive / Lost,0.998,1.28,212.6,1895.74,Silver
16781,372,1,311.25,1,2,2,122,Hibernating,0,❄️  Inactive / Lost,1.0,0.41,311.25,127.5,Bronze
16782,10,13,2279.9,5,5,5,555,Champions,2,🏆 High Value Active,0.9999,10.92,175.38,12604.95,Platinum
16784,20,1,107.6,4,2,1,421,New Customers,1,🟢 Promising Mid-Tier,1.0,0.41,107.6,44.08,Bronze
16788,123,2,595.83,2,3,3,233,At Risk,0,❄️  Inactive / Lost,0.9978,1.28,297.92,2614.68,Silver
16789,8,1,80.8,5,2,1,521,New Customers,1,🟢 Promising Mid-Tier,1.0,0.41,80.8,33.1,Bronze
16790,4,6,1545.62,5,5,4,554,Champions,2,🏆 High Value Active,0.9999,4.79,257.6,8153.3,Gold
16791,29,7,1709.03,4,5,4,454,Champions,3,🟢 Promising Mid-Tier,0.9998,5.66,244.15,9128.59,Gold
16792,282,2,110.38,1,3,1,131,Need Attention,0,❄️  Inactive / Lost,0.9931,1.28,55.19,565.44,Silver
16793,57,1,243.84,3,2,1,321,Potential Loyalists,0,❄️  Inactive / Lost,1.0,0.41,243.84,99.88,Bronze
16794,1,10,1220.69,5,5,4,554,Champions,2,🏆 High Value Active,0.9999,8.29,122.07,6698.43,Gold
16795,365,1,414.88,1,2,2,122,Hibernating,0,❄️  Inactive / Lost,1.0,0.41,414.88,169.95,Bronze
16796,89,1,305.62,2,2,2,222,Hibernating,0,❄️  Inactive / Lost,1.0,0.41,305.62,125.19,Bronze
16800,11,1,1201.49,5,2,4,524,New Customers,1,🟢 Promising Mid-Tier,1.0,0.41,1201.49,492.16,Bronze
16801,163,4,1619.73,2,4,4,244,At Risk,3,🟢 Promising Mid-Tier,0.9987,3.03,404.93,8128.58,Gold
16803,65,1,332.3,3,2,2,322,Potential Loyalists,0,❄️  Inactive / Lost,1.0,0.41,332.3,136.12,Bronze
16804,23,3,536.99,4,4,3,443,Loyal Customers,1,🟢 Promising Mid-Tier,0.9995,2.16,179.0,2622.12,Silver
16805,174,2,460.59,2,3,2,232,Need Attention,0,❄️  Inactive / Lost,0.9971,1.28,230.3,2043.08,Silver
16806,103,4,775.54,2,4,3,243,At Risk,3,🟢 Promising Mid-Tier,0.9994,3.04,193.88,3936.81,Gold
16807,143,3,1121.59,2,4,4,244,At Risk,3,🟢 Promising Mid-Tier,0.9989,2.16,373.86,5379.15,Gold
16808,99,2,288.42,2,3,2,232,Need Attention,0,❄️  Inactive / Lost,0.998,1.28,144.21,1319.02,Silver
16809,23,5,914.69,4,4,3,443,Loyal Customers,3,🟢 Promising Mid-Tier,0.9998,3.91,182.94,4765.62,Gold
16810,192,1,309.54,1,2,2,122,Hibernating,0,❄️  Inactive / Lost,1.0,0.41,309.54,126.8,Bronze
16811,5,2,547.07,5,3,3,533,Loyal Customers,1,🟢 Promising Mid-Tier,0.9987,1.28,273.54,2411.21,Silver
16812,361,1,479.35,1,2,2,122,Hibernating,0,❄️  Inactive / Lost,1.0,0.41,479.35,196.36,Bronze
16813,8,10,1692.98,5,5,4,554,Champions,2,🏆 High Value Active,0.9999,8.29,169.3,9261.52,Gold
16814,14,21,6499.2,4,5,5,455,Champions,2,🏆 High Value Active,0.9999,17.93,309.49,36372.47,Platinum
16816,103,4,417.06,2,4,2,242,Need Attention,3,🟢 Promising Mid-Tier,0.9994,3.04,104.26,2154.44,Silver
16817,3,9,1604.75,5,5,4,554,Champions,2,🏆 High Value Active,0.9999,7.42,178.31,8729.31,Gold
16818,11,11,3349.57,5,5,5,555,Champions,2,🏆 High Value Active,0.9999,9.17,304.51,18343.65,Platinum
16820,96,1,497.61,2,2,3,223,Need Attention,0,❄️  Inactive / Lost,1.0,0.41,497.61,203.83,Bronze
16823,227,1,358.38,1,2,2,122,Hibernating,0,❄️  Inactive / Lost,1.0,0.41,358.38,146.8,Bronze
16824,16,2,460.64,4,3,2,432,Need Attention,1,🟢 Promising Mid-Tier,0.9986,1.28,230.32,2046.41,Silver
16825,39,2,775.18,3,3,3,333,Loyal Customers,1,🟢 Promising Mid-Tier,0.9985,1.28,387.59,3373.09,Gold
16826,51,1,341.7,3,2,2,322,Potential Loyalists,0,❄️  Inactive / Lost,1.0,0.41,341.7,139.97,Bronze
16828,112,1,113.5,2,2,1,221,Hibernating,0,❄️  Inactive / Lost,1.0,0.41,113.5,46.49,Bronze
16829,157,1,197.22,2,2,1,221,Hibernating,0,❄️  Inactive / Lost,1.0,0.41,197.22,80.79,Bronze
16830,39,1,325.91,3,2,2,322,Potential Loyalists,1,🟢 Promising Mid-Tier,1.0,0.41,325.91,133.5,Bronze
16832,184,3,199.15,1,4,1,141,Need Attention,0,❄️  Inactive / Lost,0.9983,2.16,66.38,1025.52,Silver
16833,1,4,1106.53,5,4,4,544,Champions,1,🟢 Promising Mid-Tier,0.9998,3.04,276.63,5584.68,Gold
16834,228,1,413.46,1,2,2,122,Hibernating,0,❄️  Inactive / Lost,1.0,0.41,413.46,169.36,Bronze
16835,128,2,180.85,2,3,1,231,Need Attention,0,❄️  Inactive / Lost,0.9977,1.28,90.42,865.16,Silver
16836,40,2,251.87,3,3,2,332,Potential Loyalists,1,🟢 Promising Mid-Tier,0.9985,1.28,125.94,1165.4,Silver
16837,31,11,3170.98,4,5,5,455,Champions,2,🏆 High Value Active,0.9999,9.17,288.27,17368.55,Platinum
16838,197,2,588.85,1,3,3,133,At Risk,0,❄️  Inactive / Lost,0.9966,1.28,294.42,2582.22,Silver
16839,9,34,16594.35,5,5,5,555,Champions,2,🏆 High Value Active,1.0,29.32,488.07,93672.84,Platinum
16841,37,6,1869.82,3,5,4,354,Loyal Customers,3,🟢 Promising Mid-Tier,0.9998,4.79,311.64,9846.68,Gold
16842,101,3,1264.19,2,4,4,244,At Risk,3,🟢 Promising Mid-Tier,0.9992,2.16,421.4,6054.11,Gold
16843,43,16,10196.57,3,5,5,355,Loyal Customers,2,🏆 High Value Active,0.9998,13.55,637.29,56557.43,Platinum
16846,50,1,214.32,3,2,1,321,Potential Loyalists,0,❄️  Inactive / Lost,1.0,0.41,214.32,87.79,Bronze
16847,43,1,193.44,3,2,1,321,Potential Loyalists,0,❄️  Inactive / Lost,1.0,0.41,193.44,79.24,Bronze
16848,53,1,281.42,3,2,2,322,Potential Loyalists,0,❄️  Inactive / Lost,1.0,0.41,281.42,115.28,Bronze
16849,187,1,124.57,1,2,1,121,Hibernating,0,❄️  Inactive / Lost,1.0,0.41,124.57,51.03,Bronze
16850,334,1,332.41,1,2,2,122,Hibernating,0,❄️  Inactive / Lost,1.0,0.41,332.41,136.16,Bronze
16851,4,3,342.45,5,4,2,542,Need Attention,1,🟢 Promising Mid-Tier,0.9996,2.16,114.15,1703.55,Silver
16852,10,2,144.91,5,3,1,531,Need Attention,1,🟢 Promising Mid-Tier,0.9986,1.28,72.46,714.29,Silver
16855,24,2,328.4,4,3,2,432,Need Attention,1,🟢 Promising Mid-Tier,0.9986,1.28,164.2,1488.39,Silver
16856,15,1,35.4,4,2,1,421,New Customers,1,🟢 Promising Mid-Tier,1.0,0.41,35.4,14.5,Bronze
16858,369,1,375.69,1,2,2,122,Hibernating,0,❄️  Inactive / Lost,1.0,0.41,375.69,153.89,Bronze
16859,145,2,747.81,2,3,3,233,At Risk,0,❄️  Inactive / Lost,0.9975,1.28,373.9,3254.53,Gold
16861,60,2,173.76,3,3,1,331,Potential Loyalists,0,❄️  Inactive / Lost,0.9983,1.28,86.88,835.78,Silver
16863,31,2,502.8,4,3,3,433,Loyal Customers,1,🟢 Promising Mid-Tier,0.9985,1.28,251.4,2224.11,Silver
16866,141,3,207.74,2,4,1,241,Need Attention,0,❄️  Inactive / Lost,0.9989,2.16,69.25,1066.65,Silver
16869,23,4,825.42,4,4,3,443,Loyal Customers,3,🟢 Promising Mid-Tier,0.9997,3.04,206.36,4186.24,Gold
16871,22,6,2812.34,4,5,5,455,Champions,3,🟢 Promising Mid-Tier,0.9998,4.79,468.72,14772.18,Platinum
16872,77,3,680.02,2,4,3,243,At Risk,3,🟢 Promising Mid-Tier,0.9993,2.16,226.67,3296.88,Gold
16873,5,6,7123.62,5,5,5,555,Champions,2,🏆 High Value Active,0.9999,4.79,1187.27,37301.88,Platinum
16875,67,5,2095.53,3,4,5,345,Loyal Customers,3,🟢 Promising Mid-Tier,0.9996,3.91,419.11,10815.48,Platinum
16877,12,6,853.72,5,5,3,553,Loyal Customers,3,🟢 Promising Mid-Tier,0.9998,4.79,142.29,4537.61,Gold
16878,84,1,13.3,2,2,1,221,Hibernating,0,❄️  Inactive / Lost,1.0,0.41,13.3,5.45,Bronze
16880,31,7,1519.08,4,5,4,454,Champions,3,🟢 Promising Mid-Tier,0.9998,5.66,217.01,8122.32,Gold
16881,67,1,432.0,3,2,2,322,Potential Loyalists,0,❄️  Inactive / Lost,1.0,0.41,432.0,176.96,Bronze
16882,67,3,705.12,3,4,3,343,Loyal Customers,3,🟢 Promising Mid-Tier,0.9994,2.16,235.04,3415.54,Gold
16883,187,2,276.73,1,3,2,132,Need Attention,0,❄️  Inactive / Lost,0.9968,1.28,138.36,1268.2,Silver
16884,38,2,429.84,3,3,2,332,Potential Loyalists,1,🟢 Promising Mid-Tier,0.9985,1.28,214.92,1916.22,Silver
16885,15,3,471.51,4,4,2,442,Need Attention,1,🟢 Promising Mid-Tier,0.9996,2.16,157.17,2312.97,Silver
16887,35,1,194.88,3,2,1,321,Potential Loyalists,1,🟢 Promising Mid-Tier,1.0,0.41,194.88,79.83,Bronze
16889,195,3,1578.67,1,4,4,144,At Risk,3,🟢 Promising Mid-Tier,0.9981,2.16,526.22,7530.37,Gold
16891,2,5,809.7,5,4,3,543,Loyal Customers,1,🟢 Promising Mid-Tier,0.9998,3.91,161.94,4227.76,Gold
16892,1,5,525.54,5,4,3,543,Loyal Customers,1,🟢 Promising Mid-Tier,0.9998,3.91,105.11,2771.46,Silver
16893,367,1,145.93,1,2,1,121,Hibernating,0,❄️  Inactive / Lost,1.0,0.41,145.93,59.78,Bronze
16895,65,1,219.14,3,2,1,321,Potential Loyalists,0,❄️  Inactive / Lost,1.0,0.41,219.14,89.77,Bronze
16897,299,2,289.78,1,3,2,132,Need Attention,0,❄️  Inactive / Lost,0.9916,1.27,144.89,1316.2,Silver
16898,26,3,508.81,4,4,3,443,Loyal Customers,1,🟢 Promising Mid-Tier,0.9995,2.16,169.6,2489.03,Silver
16899,8,6,1281.56,5,5,4,554,Champions,2,🏆 High Value Active,0.9999,4.79,213.59,6773.37,Gold
16900,17,3,882.16,4,4,3,443,Loyal Customers,1,🟢 Promising Mid-Tier,0.9996,2.16,294.05,4252.16,Gold
16902,116,1,1706.88,2,2,4,224,Can't Lose Them,3,🟢 Promising Mid-Tier,1.0,0.41,1706.88,699.19,Silver
16903,29,1,373.24,4,2,2,422,New Customers,1,🟢 Promising Mid-Tier,1.0,0.41,373.24,152.89,Bronze
16904,4,16,3750.47,5,5,5,555,Champions,2,🏆 High Value Active,1.0,13.55,234.4,20851.79,Platinum
16905,5,7,3102.43,5,5,5,555,Champions,2,🏆 High Value Active,0.9999,5.66,443.2,16510.75,Platinum
16906,82,4,579.77,2,4,3,243,At Risk,3,🟢 Promising Mid-Tier,0.9995,3.04,144.94,2963.81,Silver
16907,29,5,981.65,4,4,4,444,Champions,3,🟢 Promising Mid-Tier,0.9998,3.91,196.33,5108.69,Gold
16909,72,1,379.14,3,2,2,322,Potential Loyalists,0,❄️  Inactive / Lost,1.0,0.41,379.14,155.31,Bronze
16910,4,8,1510.06,5,5,4,554,Champions,2,🏆 High Value Active,0.9999,6.54,188.76,8155.76,Gold
16912,29,11,2575.38,4,5,5,455,Champions,2,🏆 High Value Active,0.9999,9.17,234.13,14120.08,Platinum
16913,290,1,113.44,1,2,1,121,Hibernating,0,❄️  Inactive / Lost,1.0,0.41,113.44,46.47,Bronze
16914,36,1,208.46,3,2,1,321,Potential Loyalists,1,🟢 Promising Mid-Tier,1.0,0.41,208.46,85.39,Bronze
16915,9,6,621.68,5,5,3,553,Loyal Customers,1,🟢 Promising Mid-Tier,0.9999,4.79,103.61,3325.09,Gold
16916,24,2,576.26,4,3,3,433,Loyal Customers,1,🟢 Promising Mid-Tier,0.9986,1.28,288.13,2534.13,Silver
16917,277,1,391.52,1,2,2,122,Hibernating,0,❄️  Inactive / Lost,1.0,0.41,391.52,160.38,Bronze
16918,50,6,1068.82,3,5,4,354,Loyal Customers,3,🟢 Promising Mid-Tier,0.9997,4.79,178.14,5661.01,Gold
16919,156,11,2596.45,2,5,5,255,At Risk,3,🟢 Promising Mid-Tier,0.9919,9.09,236.04,14120.99,Platinum
16921,61,1,169.79,3,2,1,321,Potential Loyalists,0,❄️  Inactive / Lost,1.0,0.41,169.79,69.55,Bronze
16923,12,19,7247.61,5,5,5,555,Champions,2,🏆 High Value Active,0.9999,16.18,381.45,40443.23,Platinum
16924,21,3,846.75,4,4,3,443,Loyal Customers,1,🟢 Promising Mid-Tier,0.9995,2.16,282.25,4084.9,Gold
16926,371,1,230.25,1,2,1,121,Hibernating,0,❄️  Inactive / Lost,1.0,0.41,230.25,94.32,Bronze
16927,116,3,543.05,2,4,3,243,At Risk,3,🟢 Promising Mid-Tier,0.9991,2.16,181.02,2649.59,Silver
16928,80,17,2839.65,2,5,5,255,At Risk,2,🏆 High Value Active,0.9988,14.41,167.04,15817.89,Platinum
16929,4,7,1295.39,5,5,4,554,Champions,2,🏆 High Value Active,0.9999,5.66,185.06,6937.8,Gold
16930,26,3,380.55,4,4,2,442,Need Attention,1,🟢 Promising Mid-Tier,0.9995,2.16,126.85,1883.36,Silver
16931,5,21,4604.22,5,5,5,555,Champions,2,🏆 High Value Active,1.0,17.93,219.25,25788.7,Platinum
16932,53,1,161.94,3,2,1,321,Potential Loyalists,0,❄️  Inactive / Lost,1.0,0.41,161.94,66.34,Bronze
16933,1,2,563.23,5,3,3,533,Loyal Customers,1,🟢 Promising Mid-Tier,0.9987,1.28,281.62,2479.44,Silver
16934,55,2,950.93,3,3,4,334,Loyal Customers,3,🟢 Promising Mid-Tier,0.9984,1.28,475.46,4114.12,Gold
16936,26,1,262.68,4,2,2,422,New Customers,1,🟢 Promising Mid-Tier,1.0,0.41,262.68,107.6,Bronze
16938,9,4,2736.38,5,4,5,545,Champions,2,🏆 High Value Active,0.9997,3.04,684.1,13691.27,Platinum
16940,52,3,3049.88,3,4,5,345,Loyal Customers,3,🟢 Promising Mid-Tier,0.9994,2.16,1016.63,14487.15,Platinum
16942,13,9,1920.59,5,5,4,554,Champions,2,🏆 High Value Active,0.9999,7.42,213.4,10432.62,Platinum
16943,212,3,816.73,1,4,3,143,At Risk,3,🟢 Promising Mid-Tier,0.9977,2.16,272.24,3935.86,Gold
16945,22,19,4345.5,4,5,5,455,Champions,2,🏆 High Value Active,0.9999,16.18,228.71,24276.73,Platinum
16947,236,1,406.48,1,2,2,122,Hibernating,0,❄️  Inactive / Lost,1.0,0.41,406.48,166.51,Bronze
16948,139,3,435.02,2,4,2,242,Need Attention,0,❄️  Inactive / Lost,0.9989,2.16,145.01,2139.26,Silver
16949,4,6,1286.27,5,5,4,554,Champions,2,🏆 High Value Active,0.9999,4.79,214.38,6798.03,Gold
16950,57,3,1178.56,3,4,4,344,Loyal Customers,3,🟢 Promising Mid-Tier,0.9994,2.16,392.85,5651.11,Gold
16951,135,3,1277.75,2,4,4,244,At Risk,3,🟢 Promising Mid-Tier,0.999,2.16,425.92,6116.55,Gold
16952,109,2,167.61,2,3,1,231,Need Attention,0,❄️  Inactive / Lost,0.9979,1.28,83.8,809.51,Silver
16953,30,1,20.8,4,2,1,421,New Customers,0,❄️  Inactive / Lost,1.0,0.41,20.8,8.52,Bronze
16954,1,9,2085.08,5,5,5,555,Champions,2,🏆 High Value Active,0.9999,7.42,231.68,11320.05,Platinum
16955,185,4,518.67,1,4,3,143,At Risk,3,🟢 Promising Mid-Tier,0.9982,3.03,129.67,2656.54,Silver
16956,18,1,308.74,4,2,2,422,New Customers,1,🟢 Promising Mid-Tier,1.0,0.41,308.74,126.47,Bronze
16957,239,2,416.64,1,3,2,132,Need Attention,0,❄️  Inactive / Lost,0.9954,1.28,208.32,1854.78,Silver
16959,87,1,117.35,2,2,1,221,Hibernating,0,❄️  Inactive / Lost,1.0,0.41,117.35,48.07,Bronze
16960,39,3,505.1,3,4,3,343,Loyal Customers,1,🟢 Promising Mid-Tier,0.9995,2.16,168.37,2471.41,Silver
16961,116,1,234.17,2,2,1,221,Hibernating,0,❄️  Inactive / Lost,1.0,0.41,234.17,95.92,Bronze
16963,187,1,110.55,1,2,1,121,Hibernating,0,❄️  Inactive / Lost,1.0,0.41,110.55,45.28,Bronze
16965,227,1,192.07,1,2,1,121,Hibernating,0,❄️  Inactive / Lost,1.0,0.41,192.07,78.68,Bronze
16966,8,7,2154.97,5,5,5,555,Champions,2,🏆 High Value Active,0.9999,5.66,307.85,11491.43,Platinum
16967,189,1,319.02,1,2,2,122,Hibernating,0,❄️  Inactive / Lost,1.0,0.41,319.02,130.68,Bronze
16968,4,2,439.43,5,3,2,532,Need Attention,1,🟢 Promising Mid-Tier,0.9987,1.28,219.72,1957.03,Silver
16969,39,3,650.41,3,4,3,343,Loyal Customers,3,🟢 Promising Mid-Tier,0.9995,2.16,216.8,3157.56,Gold
16971,38,1,357.21,3,2,2,322,Potential Loyalists,1,🟢 Promising Mid-Tier,1.0,0.41,357.21,146.32,Bronze
16976,267,1,251.52,1,2,2,122,Hibernating,0,❄️  Inactive / Lost,1.0,0.41,251.52,103.03,Bronze
16978,78,1,344.33,2,2,2,222,Hibernating,0,❄️  Inactive / Lost,1.0,0.41,344.33,141.05,Bronze
16979,4,6,1852.0,5,5,4,554,Champions,2,🏆 High Value Active,0.9999,4.79,308.67,9754.33,Gold
16980,255,2,1078.96,1,3,4,134,At Risk,0,❄️  Inactive / Lost,0.9947,1.28,539.48,4637.1,Gold
16982,61,1,384.06,3,2,2,322,Potential Loyalists,0,❄️  Inactive / Lost,1.0,0.41,384.06,157.32,Bronze
16983,13,7,1931.25,5,5,4,554,Champions,2,🏆 High Value Active,0.9999,5.66,275.89,10306.16,Platinum
16984,88,2,4481.35,2,3,5,235,At Risk,3,🟢 Promising Mid-Tier,0.9981,1.28,2240.68,19001.71,Platinum
16985,17,10,5464.12,4,5,5,455,Champions,2,🏆 High Value Active,0.9999,8.29,546.41,29727.41,Platinum
16986,30,2,1873.2,4,3,4,434,Loyal Customers,3,🟢 Promising Mid-Tier,0.9985,1.28,936.6,8005.72,Gold
16987,3,7,1625.05,5,5,4,554,Champions,2,🏆 High Value Active,0.9999,5.66,232.15,8684.22,Gold
16988,5,1,126.12,5,2,1,521,New Customers,1,🟢 Promising Mid-Tier,1.0,0.41,126.12,51.66,Bronze
16989,7,6,1133.25,5,5,4,554,Champions,2,🏆 High Value Active,0.9999,4.79,188.88,5998.37,Gold
16990,219,1,179.0,1,2,1,121,Hibernating,0,❄️  Inactive / Lost,1.0,0.41,179.0,73.32,Bronze
16992,11,5,1614.31,5,4,4,544,Champions,3,🟢 Promising Mid-Tier,0.9998,3.91,322.86,8351.2,Gold
16996,30,6,1456.96,4,5,4,454,Champions,3,🟢 Promising Mid-Tier,0.9998,4.79,242.83,7689.55,Gold
16997,288,3,702.0,1,4,3,143,At Risk,0,❄️  Inactive / Lost,0.9928,2.15,234.0,3378.41,Gold
16998,150,4,295.0,2,4,2,242,Need Attention,0,❄️  Inactive / Lost,0.9989,3.03,73.75,1546.82,Silver
16999,23,2,484.82,4,3,2,432,Need Attention,1,🟢 Promising Mid-Tier,0.9986,1.28,242.41,2148.35,Silver
17001,1,11,3989.57,5,5,5,555,Champions,2,🏆 High Value Active,0.9999,9.17,362.69,21834.98,Platinum
17002,86,3,1493.73,2,4,4,244,At Risk,3,🟢 Promising Mid-Tier,0.9993,2.16,497.91,7138.3,Gold
17004,46,2,1412.94,3,3,4,334,Loyal Customers,3,🟢 Promising Mid-Tier,0.9984,1.28,706.47,6063.35,Gold
17006,5,4,781.78,5,4,3,543,Loyal Customers,1,🟢 Promising Mid-Tier,0.9998,3.04,195.44,3969.35,Gold
17007,51,6,889.93,3,5,3,353,Loyal Customers,3,🟢 Promising Mid-Tier,0.9997,4.79,148.32,4726.3,Gold
17010,18,1,195.36,4,2,1,421,New Customers,1,🟢 Promising Mid-Tier,1.0,0.41,195.36,80.02,Bronze
17011,30,1,270.9,4,2,2,422,New Customers,1,🟢 Promising Mid-Tier,1.0,0.41,270.9,110.97,Bronze
17014,8,3,586.33,5,4,3,543,Loyal Customers,1,🟢 Promising Mid-Tier,0.9996,2.16,195.44,2855.23,Silver
17015,29,3,1842.56,4,4,4,444,Champions,3,🟢 Promising Mid-Tier,0.9995,2.16,614.19,8787.15,Gold
17017,3,20,8694.26,5,5,5,555,Champions,2,🏆 High Value Active,1.0,17.05,434.71,48571.57,Platinum
17018,41,2,920.1,3,3,3,333,Loyal Customers,3,🟢 Promising Mid-Tier,0.9985,1.28,460.05,3984.42,Gold
17019,11,4,1272.61,5,4,4,544,Champions,3,🟢 Promising Mid-Tier,0.9997,3.04,318.15,6410.62,Gold
17022,31,1,71.0,4,2,1,421,New Customers,1,🟢 Promising Mid-Tier,1.0,0.41,71.0,29.08,Bronze
17024,45,3,95.85,3,4,1,341,Potential Loyalists,1,🟢 Promising Mid-Tier,0.9995,2.16,31.95,538.93,Silver
17025,61,3,357.77,3,4,2,342,Potential Loyalists,0,❄️  Inactive / Lost,0.9994,2.16,119.26,1775.58,Silver
17026,185,2,154.83,1,3,1,131,Need Attention,0,❄️  Inactive / Lost,0.9969,1.28,77.42,754.82,Silver
17027,79,6,890.29,2,5,3,253,At Risk,3,🟢 Promising Mid-Tier,0.9996,4.79,148.38,4727.5,Gold
17029,111,2,716.0,2,3,3,233,At Risk,0,❄️  Inactive / Lost,0.9979,1.28,358.0,3121.69,Gold
17030,64,1,146.87,3,2,1,321,Potential Loyalists,0,❄️  Inactive / Lost,1.0,0.41,146.87,60.16,Bronze
17031,12,2,380.35,5,3,2,532,Need Attention,1,🟢 Promising Mid-Tier,0.9986,1.28,190.18,1707.68,Silver
17033,86,3,1030.14,2,4,4,244,At Risk,3,🟢 Promising Mid-Tier,0.9993,2.16,343.38,4949.67,Gold
17034,16,3,745.52,4,4,3,443,Loyal Customers,1,🟢 Promising Mid-Tier,0.9996,2.16,248.51,3606.92,Gold
17035,246,2,433.53,1,3,2,132,Need Attention,0,❄️  Inactive / Lost,0.9951,1.28,216.76,1925.27,Silver
17037,88,1,1267.32,2,2,4,224,Can't Lose Them,0,❄️  Inactive / Lost,1.0,0.41,1267.32,519.13,Silver
17038,30,1,112.4,4,2,1,421,New Customers,1,🟢 Promising Mid-Tier,1.0,0.41,112.4,46.04,Bronze
17040,138,1,449.73,2,2,2,222,Hibernating,0,❄️  Inactive / Lost,1.0,0.41,449.73,184.22,Bronze
17041,27,3,1081.57,4,4,4,444,Champions,3,🟢 Promising Mid-Tier,0.9995,2.16,360.52,5193.69,Gold
17042,3,5,1044.38,5,4,4,544,Champions,2,🏆 High Value Active,0.9998,3.91,208.88,5430.48,Gold
17043,32,4,1735.18,4,4,4,444,Champions,3,🟢 Promising Mid-Tier,0.9997,3.04,433.8,8710.93,Gold
17044,25,1,948.48,4,2,4,424,New Customers,1,🟢 Promising Mid-Tier,1.0,0.41,948.48,388.52,Bronze
17045,113,3,339.44,2,4,2,242,Need Attention,0,❄️  Inactive / Lost,0.9991,2.16,113.15,1688.56,Silver
17046,157,1,642.02,2,2,3,223,Need Attention,0,❄️  Inactive / Lost,1.0,0.41,642.02,262.99,Bronze
17047,85,3,1100.9,2,4,4,244,At Risk,3,🟢 Promising Mid-Tier,0.9993,2.16,366.97,5283.75,Gold
17048,118,3,925.35,2,4,3,243,At Risk,3,🟢 Promising Mid-Tier,0.9991,2.16,308.45,4454.05,Gold
17049,3,9,5659.98,5,5,5,555,Champions,2,🏆 High Value Active,0.9999,7.42,628.89,30601.52,Platinum
17050,96,6,3228.84,2,5,5,255,At Risk,3,🟢 Promising Mid-Tier,0.9995,4.79,538.14,16942.38,Platinum
17051,194,1,247.14,1,2,1,121,Hibernating,0,❄️  Inactive / Lost,1.0,0.41,247.14,101.24,Bronze
17052,28,1,413.75,4,2,2,422,New Customers,1,🟢 Promising Mid-Tier,1.0,0.41,413.75,169.48,Bronze
17053,131,1,498.48,2,2,3,223,Need Attention,0,❄️  Inactive / Lost,1.0,0.41,498.48,204.19,Bronze
17054,28,5,1356.33,4,4,4,444,Champions,3,🟢 Promising Mid-Tier,0.9998,3.91,271.27,7028.82,Gold
17058,82,3,1179.89,2,4,4,244,At Risk,3,🟢 Promising Mid-Tier,0.9993,2.16,393.3,5656.76,Gold
17059,30,5,3095.04,4,4,5,445,Champions,3,🟢 Promising Mid-Tier,0.9998,3.91,619.01,15939.03,Platinum
17060,266,1,234.24,1,2,1,121,Hibernating,0,❄️  Inactive / Lost,1.0,0.41,234.24,95.95,Bronze
17061,74,11,5232.23,2,5,5,255,At Risk,2,🏆 High Value Active,0.9995,9.17,475.66,28601.68,Platinum
17062,314,4,533.33,1,4,3,143,At Risk,0,❄️  Inactive / Lost,0.9706,2.95,133.33,2653.99,Silver
17063,21,7,1461.14,4,5,4,454,Champions,3,🟢 Promising Mid-Tier,0.9999,5.66,208.73,7815.6,Gold
17064,59,3,859.35,3,4,3,343,Loyal Customers,3,🟢 Promising Mid-Tier,0.9994,2.16,286.45,4143.87,Gold
17068,12,21,4545.89,5,5,5,555,Champions,2,🏆 High Value Active,0.9999,17.93,216.47,25462.49,Platinum
17069,28,9,2709.7,4,5,5,455,Champions,2,🏆 High Value Active,0.9999,7.42,301.08,14688.12,Platinum
17070,114,1,312.14,2,2,2,222,Hibernating,0,❄️  Inactive / Lost,1.0,0.41,312.14,127.86,Bronze
17071,28,9,2429.03,4,5,5,455,Champions,2,🏆 High Value Active,0.9999,7.42,269.89,13174.38,Platinum
17073,18,4,1444.84,4,4,4,444,Champions,3,🟢 Promising Mid-Tier,0.9997,3.04,361.21,7267.15,Gold
17075,18,4,834.12,4,4,3,443,Loyal Customers,3,🟢 Promising Mid-Tier,0.9997,3.04,208.53,4229.57,Gold
17076,36,3,841.08,3,4,3,343,Loyal Customers,3,🟢 Promising Mid-Tier,0.9995,2.16,280.36,4057.94,Gold
17078,36,2,375.86,3,3,2,332,Potential Loyalists,1,🟢 Promising Mid-Tier,0.9985,1.28,187.93,1688.51,Silver
17079,78,1,118.8,2,2,1,221,Hibernating,0,❄️  Inactive / Lost,1.0,0.41,118.8,48.66,Bronze
17080,22,2,287.62,4,3,2,432,Need Attention,1,🟢 Promising Mid-Tier,0.9986,1.28,143.81,1316.35,Silver
17081,25,2,290.16,4,3,2,432,Need Attention,1,🟢 Promising Mid-Tier,0.9986,1.28,145.08,1327.05,Silver
17082,33,2,2003.85,4,3,4,434,Loyal Customers,3,🟢 Promising Mid-Tier,0.9985,1.28,1001.92,8556.77,Gold
17083,109,3,1405.78,2,4,4,244,At Risk,3,🟢 Promising Mid-Tier,0.9992,2.16,468.59,6722.16,Gold
17084,35,2,2949.75,3,3,5,335,Loyal Customers,3,🟢 Promising Mid-Tier,0.9985,1.28,1474.88,12547.23,Platinum
17085,123,5,1566.65,2,4,4,244,At Risk,3,🟢 Promising Mid-Tier,0.9992,3.91,313.33,8102.05,Gold
17086,7,6,2050.08,5,5,5,555,Champions,2,🏆 High Value Active,0.9999,4.79,341.68,10789.37,Platinum
17088,28,4,1991.01,4,4,4,444,Champions,3,🟢 Promising Mid-Tier,0.9997,3.04,497.75,9983.43,Gold
17090,4,7,2043.95,5,5,5,555,Champions,2,🏆 High Value Active,0.9999,5.66,291.99,10903.37,Platinum
17091,3,9,3827.76,5,5,5,555,Champions,2,🏆 High Value Active,0.9999,7.42,425.31,20719.29,Platinum
17092,50,4,1777.78,3,4,4,344,Loyal Customers,3,🟢 Promising Mid-Tier,0.9996,3.04,444.44,8922.3,Gold
17094,322,1,302.0,1,2,2,122,Hibernating,0,❄️  Inactive / Lost,1.0,0.41,302.0,123.71,Bronze
17095,23,3,1324.16,4,4,4,444,Champions,3,🟢 Promising Mid-Tier,0.9995,2.16,441.39,6339.31,Gold
17096,15,4,1022.13,4,4,4,444,Champions,3,🟢 Promising Mid-Tier,0.9997,3.04,255.53,5164.72,Gold
17097,2,8,954.42,5,5,4,554,Champions,2,🏆 High Value Active,0.9999,6.54,119.3,5182.23,Gold
17100,18,2,971.74,4,3,4,434,Loyal Customers,1,🟢 Promising Mid-Tier,0.9986,1.28,485.87,4202.81,Gold
17101,10,4,1621.73,5,4,4,544,Champions,3,🟢 Promising Mid-Tier,0.9997,3.04,405.43,8147.11,Gold
17102,262,1,25.5,1,2,1,121,Hibernating,0,❄️  Inactive / Lost,1.0,0.41,25.5,10.45,Bronze
17105,159,2,665.78,2,3,3,233,At Risk,0,❄️  Inactive / Lost,0.9973,1.28,332.89,2908.22,Silver
17107,33,6,10815.43,4,5,5,455,Champions,2,🏆 High Value Active,0.9998,4.79,1802.57,56590.29,Platinum
17109,29,6,885.04,4,5,3,453,Loyal Customers,3,🟢 Promising Mid-Tier,0.9998,4.79,147.51,4701.08,Gold
17110,165,1,163.3,2,2,1,221,Hibernating,0,❄️  Inactive / Lost,1.0,0.41,163.3,66.89,Bronze
17111,47,1,248.61,3,2,2,322,Potential Loyalists,0,❄️  Inactive / Lost,1.0,0.41,248.61,101.84,Bronze
17114,6,8,808.62,5,5,3,553,Loyal Customers,2,🏆 High Value Active,0.9999,6.54,101.08,4401.93,Gold
17115,8,3,837.5,5,4,3,543,Loyal Customers,1,🟢 Promising Mid-Tier,0.9996,2.16,279.17,4041.36,Gold
17117,288,1,116.2,1,2,1,121,Hibernating,0,❄️  Inactive / Lost,1.0,0.41,116.2,47.6,Bronze
17118,318,1,157.02,1,2,1,121,Hibernating,0,❄️  Inactive / Lost,1.0,0.41,157.02,64.32,Bronze
17119,3,2,606.91,5,3,3,533,Loyal Customers,1,🟢 Promising Mid-Tier,0.9987,1.28,303.46,2663.72,Silver
17120,233,1,307.46,1,2,2,122,Hibernating,0,❄️  Inactive / Lost,1.0,0.41,307.46,125.94,Bronze
17122,119,1,138.32,2,2,1,221,Hibernating,0,❄️  Inactive / Lost,1.0,0.41,138.32,56.66,Bronze
17123,162,1,345.3,2,2,2,222,Hibernating,0,❄️  Inactive / Lost,1.0,0.41,345.3,141.44,Bronze
17124,185,1,298.89,1,2,2,122,Hibernating,0,❄️  Inactive / Lost,1.0,0.41,298.89,122.43,Bronze
17125,50,1,259.35,3,2,2,322,Potential Loyalists,0,❄️  Inactive / Lost,1.0,0.41,259.35,106.24,Bronze
17126,152,5,1004.75,2,4,4,244,At Risk,3,🟢 Promising Mid-Tier,0.9987,3.91,200.95,5221.68,Gold
17128,335,1,157.09,1,2,1,121,Hibernating,0,❄️  Inactive / Lost,1.0,0.41,157.09,64.35,Bronze
17131,5,5,2463.17,5,4,5,545,Champions,2,🏆 High Value Active,0.9998,3.91,492.63,12701.65,Platinum
17133,16,7,4892.24,4,5,5,455,Champions,2,🏆 High Value Active,0.9999,5.66,698.89,25991.87,Platinum
17134,107,2,425.0,2,3,2,232,Need Attention,0,❄️  Inactive / Lost,0.998,1.28,212.5,1894.81,Silver
17135,16,7,1139.73,4,5,4,454,Champions,3,🟢 Promising Mid-Tier,0.9999,5.66,162.82,6113.03,Gold
17138,276,1,380.5,1,2,2,122,Hibernating,0,❄️  Inactive / Lost,1.0,0.41,380.5,155.86,Bronze
17139,16,12,10668.47,4,5,5,455,Champions,2,🏆 High Value Active,0.9999,10.04,889.04,58508.64,Platinum
17140,247,1,465.32,1,2,2,122,Hibernating,0,❄️  Inactive / Lost,1.0,0.41,465.32,190.61,Bronze
17142,239,1,579.0,1,2,3,123,Need Attention,0,❄️  Inactive / Lost,1.0,0.41,579.0,237.17,Bronze
17144,1,2,984.57,5,3,4,534,Loyal Customers,1,🟢 Promising Mid-Tier,0.9987,1.28,492.28,4257.3,Gold
17146,106,3,749.78,2,4,3,243,At Risk,3,🟢 Promising Mid-Tier,0.9992,2.16,249.93,3625.65,Gold
17147,23,4,1714.59,4,4,4,444,Champions,3,🟢 Promising Mid-Tier,0.9997,3.04,428.65,8608.73,Gold
17148,52,1,124.88,3,2,1,321,Potential Loyalists,0,❄️  Inactive / Lost,1.0,0.41,124.88,51.15,Bronze
17152,195,3,1689.5,1,4,4,144,At Risk,3,🟢 Promising Mid-Tier,0.9981,2.16,563.17,8052.99,Gold
17153,24,1,213.78,4,2,1,421,New Customers,1,🟢 Promising Mid-Tier,1.0,0.41,213.78,87.57,Bronze
17154,75,1,329.34,2,2,2,222,Hibernating,0,❄️  Inactive / Lost,1.0,0.41,329.34,134.91,Bronze
17155,18,2,251.7,4,3,2,432,Need Attention,1,🟢 Promising Mid-Tier,0.9986,1.28,125.85,1164.83,Silver
17157,8,2,319.0,5,3,2,532,Need Attention,1,🟢 Promising Mid-Tier,0.9986,1.28,159.5,1448.85,Silver
17158,32,3,1266.97,4,4,4,444,Champions,3,🟢 Promising Mid-Tier,0.9995,2.16,422.32,6069.08,Gold
17159,22,3,1538.88,4,4,4,444,Champions,3,🟢 Promising Mid-Tier,0.9995,2.16,512.96,7353.29,Gold
17160,31,6,3518.03,4,5,5,455,Champions,3,🟢 Promising Mid-Tier,0.9998,4.79,586.34,18459.3,Platinum
17162,29,10,1715.46,4,5,4,454,Champions,2,🏆 High Value Active,0.9999,8.29,171.55,9383.03,Gold
17163,22,2,293.1,4,3,2,432,Need Attention,1,🟢 Promising Mid-Tier,0.9986,1.28,146.55,1339.47,Silver
17164,33,7,2467.35,4,5,5,455,Champions,3,🟢 Promising Mid-Tier,0.9998,5.66,352.48,13145.49,Platinum
17165,284,1,158.68,1,2,1,121,Hibernating,0,❄️  Inactive / Lost,1.0,0.41,158.68,65.0,Bronze
17166,39,2,206.34,3,3,1,331,Potential Loyalists,1,🟢 Promising Mid-Tier,0.9985,1.28,103.17,973.33,Silver
17169,58,2,835.78,3,3,3,333,Loyal Customers,3,🟢 Promising Mid-Tier,0.9984,1.28,417.89,3628.31,Gold
17171,289,1,224.91,1,2,1,121,Hibernating,0,❄️  Inactive / Lost,1.0,0.41,224.91,92.13,Bronze
17172,79,1,317.76,2,2,2,222,Hibernating,0,❄️  Inactive / Lost,1.0,0.41,317.76,130.16,Bronze
17173,5,8,3766.6,5,5,5,555,Champions,2,🏆 High Value Active,0.9999,6.54,470.82,20231.78,Platinum
17174,218,1,59.9,1,2,1,121,Hibernating,0,❄️  Inactive / Lost,1.0,0.41,59.9,24.54,Bronze
17175,44,4,1443.69,3,4,4,344,Loyal Customers,3,🟢 Promising Mid-Tier,0.9997,3.04,360.92,7260.91,Gold
17176,202,1,306.13,1,2,2,122,Hibernating,0,❄️  Inactive / Lost,1.0,0.41,306.13,125.4,Bronze
17179,178,3,711.79,2,4,3,243,At Risk,3,🟢 Promising Mid-Tier,0.9984,2.16,237.26,3443.72,Gold
17180,56,4,796.03,3,4,3,343,Loyal Customers,3,🟢 Promising Mid-Tier,0.9996,3.04,199.01,4039.66,Gold
17181,57,2,239.92,3,3,1,331,Potential Loyalists,0,❄️  Inactive / Lost,0.9984,1.28,119.96,1114.87,Silver
17183,8,6,3347.31,5,5,5,555,Champions,2,🏆 High Value Active,0.9999,4.79,557.88,17568.16,Platinum
17186,47,2,144.0,3,3,1,331,Potential Loyalists,0,❄️  Inactive / Lost,0.9984,1.28,72.0,710.3,Silver
17187,227,1,203.95,1,2,1,121,Hibernating,0,❄️  Inactive / Lost,1.0,0.41,203.95,83.54,Bronze
17188,11,7,2474.23,5,5,5,555,Champions,2,🏆 High Value Active,0.9999,5.66,353.46,13182.65,Platinum
17189,106,2,384.4,2,3,2,232,Need Attention,0,❄️  Inactive / Lost,0.998,1.28,192.2,1723.64,Silver
17190,59,2,444.74,3,3,2,332,Potential Loyalists,0,❄️  Inactive / Lost,0.9983,1.28,222.37,1978.82,Silver
17191,28,7,2095.13,4,5,5,455,Champions,3,🟢 Promising Mid-Tier,0.9998,5.66,299.3,11173.91,Platinum
17193,36,7,1699.3,3,5,4,354,Loyal Customers,3,🟢 Promising Mid-Tier,0.9998,5.66,242.76,9076.86,Gold
17194,361,1,226.78,1,2,1,121,Hibernating,0,❄️  Inactive / Lost,1.0,0.41,226.78,92.9,Bronze
17197,30,1,1013.01,4,2,4,424,New Customers,1,🟢 Promising Mid-Tier,1.0,0.41,1013.01,414.96,Bronze
17198,24,3,692.22,4,4,3,443,Loyal Customers,1,🟢 Promising Mid-Tier,0.9995,2.16,230.74,3355.14,Gold
17201,54,1,342.63,3,2,2,322,Potential Loyalists,0,❄️  Inactive / Lost,1.0,0.41,342.63,140.35,Bronze
17203,36,6,3563.85,3,5,5,355,Loyal Customers,3,🟢 Promising Mid-Tier,0.9998,4.79,593.98,18698.45,Platinum
17204,175,4,1564.56,2,4,4,244,At Risk,3,🟢 Promising Mid-Tier,0.9985,3.03,391.14,7852.58,Gold
17205,54,1,384.08,3,2,2,322,Potential Loyalists,0,❄️  Inactive / Lost,1.0,0.41,384.08,157.33,Bronze
17206,53,1,204.24,3,2,1,321,Potential Loyalists,0,❄️  Inactive / Lost,1.0,0.41,204.24,83.66,Bronze
17211,27,8,2317.22,4,5,5,455,Champions,2,🏆 High Value Active,0.9999,6.54,289.65,12474.71,Platinum
17212,253,1,226.85,1,2,1,121,Hibernating,0,❄️  Inactive / Lost,1.0,0.41,226.85,92.92,Bronze
17213,40,7,2781.23,3,5,5,355,Loyal Customers,3,🟢 Promising Mid-Tier,0.9998,5.66,397.32,14807.86,Platinum
17214,60,6,1069.12,3,5,4,354,Loyal Customers,3,🟢 Promising Mid-Tier,0.9997,4.79,178.19,5662.34,Gold
17217,234,1,113.5,1,2,1,121,Hibernating,0,❄️  Inactive / Lost,1.0,0.41,113.5,46.49,Bronze
17218,4,10,1960.72,5,5,4,554,Champions,2,🏆 High Value Active,0.9999,8.29,196.07,10714.66,Platinum
17219,32,1,114.23,4,2,1,421,New Customers,1,🟢 Promising Mid-Tier,1.0,0.41,114.23,46.79,Bronze
17220,24,14,3198.25,4,5,5,455,Champions,2,🏆 High Value Active,0.9999,11.8,228.45,17705.27,Platinum
17221,7,2,335.13,5,3,2,532,Need Attention,1,🟢 Promising Mid-Tier,0.9986,1.28,167.56,1516.92,Silver
17222,65,1,354.15,3,2,2,322,Potential Loyalists,0,❄️  Inactive / Lost,1.0,0.41,354.15,145.07,Bronze
17223,310,2,391.79,1,3,2,132,Need Attention,0,❄️  Inactive / Lost,0.9903,1.27,195.9,1741.31,Silver
17226,309,1,393.49,1,2,2,122,Hibernating,0,❄️  Inactive / Lost,1.0,0.41,393.49,161.18,Bronze
17227,19,6,939.32,4,5,4,454,Champions,3,🟢 Promising Mid-Tier,0.9998,4.79,156.55,4984.84,Gold
17228,16,8,1906.09,4,5,4,454,Champions,2,🏆 High Value Active,0.9999,6.54,238.26,10274.91,Platinum
17229,96,2,318.76,2,3,2,232,Need Attention,0,❄️  Inactive / Lost,0.9981,1.28,159.38,1447.0,Silver
17230,264,8,3638.41,1,5,5,155,At Risk,3,🟢 Promising Mid-Tier,0.8619,5.64,454.8,16847.81,Platinum
17231,12,10,3174.32,5,5,5,555,Champions,2,🏆 High Value Active,0.9999,8.29,317.43,17300.81,Platinum
17232,3,2,421.52,5,3,2,532,Need Attention,1,🟢 Promising Mid-Tier,0.9987,1.28,210.76,1881.47,Silver
17233,35,1,190.88,3,2,1,321,Potential Loyalists,1,🟢 Promising Mid-Tier,1.0,0.41,190.88,78.19,Bronze
17234,183,1,149.89,1,2,1,121,Hibernating,0,❄️  Inactive / Lost,1.0,0.41,149.89,61.4,Bronze
17235,25,2,550.06,4,3,3,433,Loyal Customers,1,🟢 Promising Mid-Tier,0.9986,1.28,275.03,2423.57,Silver
17236,13,6,916.13,5,5,3,553,Loyal Customers,3,🟢 Promising Mid-Tier,0.9998,4.79,152.69,4863.72,Gold
17237,11,2,314.69,5,3,2,532,Need Attention,1,🟢 Promising Mid-Tier,0.9986,1.28,157.34,1430.65,Silver
17238,3,17,3744.65,5,5,5,555,Champions,2,🏆 High Value Active,1.0,14.42,220.27,20861.09,Platinum
17239,313,1,382.5,1,2,2,122,Hibernating,0,❄️  Inactive / Lost,1.0,0.41,382.5,156.68,Bronze
17242,108,2,1135.04,2,3,4,234,At Risk,3,🟢 Promising Mid-Tier,0.9979,1.28,567.52,4888.66,Gold
17243,1,26,8668.45,5,5,5,555,Champions,2,🏆 High Value Active,1.0,22.31,333.4,48729.9,Platinum
17244,53,1,954.9,3,2,4,324,Potential Loyalists,1,🟢 Promising Mid-Tier,1.0,0.41,954.9,391.15,Bronze
17245,205,1,171.45,1,2,1,121,Hibernating,0,❄️  Inactive / Lost,1.0,0.41,171.45,70.23,Bronze
17247,15,1,282.19,4,2,2,422,New Customers,1,🟢 Promising Mid-Tier,1.0,0.41,282.19,115.59,Bronze
17248,120,1,318.65,2,2,2,222,Hibernating,0,❄️  Inactive / Lost,1.0,0.41,318.65,130.53,Bronze
17250,4,2,384.52,5,3,2,532,Need Attention,1,🟢 Promising Mid-Tier,0.9987,1.28,192.26,1725.34,Silver
17251,363,1,283.28,1,2,2,122,Hibernating,0,❄️  Inactive / Lost,1.0,0.41,283.28,116.04,Bronze
17252,117,2,353.86,2,3,2,232,Need Attention,0,❄️  Inactive / Lost,0.9979,1.28,176.93,1594.69,Silver
17253,18,1,178.26,4,2,1,421,New Customers,1,🟢 Promising Mid-Tier,1.0,0.41,178.26,73.02,Bronze
17254,5,2,272.44,5,3,2,532,Need Attention,1,🟢 Promising Mid-Tier,0.9987,1.28,136.22,1252.42,Silver
17255,41,2,298.41,3,3,2,332,Potential Loyalists,1,🟢 Promising Mid-Tier,0.9985,1.28,149.21,1361.73,Silver
17256,107,2,240.0,2,3,1,231,Need Attention,0,❄️  Inactive / Lost,0.998,1.28,120.0,1114.76,Silver
17259,148,2,603.37,2,3,3,233,At Risk,0,❄️  Inactive / Lost,0.9975,1.28,301.68,2645.66,Silver
17262,52,5,1253.36,3,4,4,344,Loyal Customers,3,🟢 Promising Mid-Tier,0.9997,3.91,250.67,6500.64,Gold
17263,208,1,63.44,1,2,1,121,Hibernating,0,❄️  Inactive / Lost,1.0,0.41,63.44,25.99,Bronze
17265,139,2,562.9,2,3,3,233,At Risk,0,❄️  Inactive / Lost,0.9976,1.28,281.45,2475.39,Silver
17266,2,3,310.64,5,4,2,542,Need Attention,1,🟢 Promising Mid-Tier,0.9996,2.16,103.55,1553.34,Silver
17267,127,2,317.62,2,3,2,232,Need Attention,0,❄️  Inactive / Lost,0.9977,1.28,158.81,1441.74,Silver
17268,108,4,763.64,2,4,3,243,At Risk,3,🟢 Promising Mid-Tier,0.9993,3.04,190.91,3877.5,Gold
17272,42,4,2148.63,3,4,5,345,Loyal Customers,3,🟢 Promising Mid-Tier,0.9997,3.04,537.16,10766.94,Platinum
17274,35,1,111.98,3,2,1,321,Potential Loyalists,1,🟢 Promising Mid-Tier,1.0,0.41,111.98,45.87,Bronze
17277,228,2,1065.35,1,3,4,134,At Risk,0,❄️  Inactive / Lost,0.9958,1.28,532.67,4584.82,Gold
17278,241,1,246.04,1,2,1,121,Hibernating,0,❄️  Inactive / Lost,1.0,0.41,246.04,100.78,Bronze
17279,58,1,187.83,3,2,1,321,Potential Loyalists,0,❄️  Inactive / Lost,1.0,0.41,187.83,76.94,Bronze
17282,130,3,1703.41,2,4,4,244,At Risk,3,🟢 Promising Mid-Tier,0.999,2.16,567.8,8125.79,Gold
17284,60,6,1652.58,3,5,4,354,Loyal Customers,3,🟢 Promising Mid-Tier,0.9997,4.79,275.43,8710.79,Gold
17286,22,1,153.92,4,2,1,421,New Customers,1,🟢 Promising Mid-Tier,1.0,0.41,153.92,63.05,Bronze
17287,26,7,1064.11,4,5,4,454,Champions,3,🟢 Promising Mid-Tier,0.9998,5.66,152.02,5712.3,Gold
17288,9,7,1419.73,5,5,4,554,Champions,2,🏆 High Value Active,0.9999,5.66,202.82,7596.43,Gold
17289,32,3,944.41,4,4,4,444,Champions,3,🟢 Promising Mid-Tier,0.9995,2.16,314.8,4545.93,Gold
17290,4,2,525.24,5,3,3,533,Loyal Customers,1,🟢 Promising Mid-Tier,0.9987,1.28,262.62,2319.11,Silver
17291,308,1,550.8,1,2,3,123,Need Attention,0,❄️  Inactive / Lost,1.0,0.41,550.8,225.62,Bronze
17293,8,9,1875.11,5,5,4,554,Champions,2,🏆 High Value Active,0.9999,7.42,208.35,10187.43,Platinum
17295,29,3,556.95,4,4,3,443,Loyal Customers,1,🟢 Promising Mid-Tier,0.9995,2.16,185.65,2716.33,Silver
17297,17,1,131.78,4,2,1,421,New Customers,1,🟢 Promising Mid-Tier,1.0,0.41,131.78,53.98,Bronze
17298,101,2,498.42,2,3,3,233,At Risk,0,❄️  Inactive / Lost,0.998,1.28,249.21,2204.51,Silver
17299,12,4,669.11,5,4,3,543,Loyal Customers,1,🟢 Promising Mid-Tier,0.9997,3.04,167.28,3408.89,Gold
17301,21,1,197.63,4,2,1,421,New Customers,1,🟢 Promising Mid-Tier,1.0,0.41,197.63,80.95,Bronze
17302,15,5,1135.63,4,4,4,444,Champions,3,🟢 Promising Mid-Tier,0.9998,3.91,227.13,5897.99,Gold
17303,361,1,250.04,1,2,2,122,Hibernating,0,❄️  Inactive / Lost,1.0,0.41,250.04,102.42,Bronze
17306,11,19,8631.31,5,5,5,555,Champions,2,🏆 High Value Active,0.9999,16.18,454.28,48151.02,Platinum
17309,95,1,82.75,2,2,1,221,Hibernating,0,❄️  Inactive / Lost,1.0,0.41,82.75,33.9,Bronze
17311,78,2,1384.85,2,3,4,234,At Risk,3,🟢 Promising Mid-Tier,0.9982,1.28,692.42,5943.53,Gold
17312,139,3,644.3,2,4,3,243,At Risk,3,🟢 Promising Mid-Tier,0.9989,2.16,214.77,3126.91,Gold
17313,31,1,2328.84,4,2,5,425,New Customers,3,🟢 Promising Mid-Tier,1.0,0.41,2328.84,953.96,Silver
17314,25,8,2527.92,4,5,5,455,Champions,2,🏆 High Value Active,0.9999,6.54,315.99,13602.3,Platinum
17315,2,36,6252.18,5,5,5,555,Champions,2,🏆 High Value Active,1.0,31.07,173.67,35368.26,Platinum
17317,46,3,2600.34,3,4,5,345,Loyal Customers,3,🟢 Promising Mid-Tier,0.9995,2.16,866.78,12364.8,Platinum
17320,100,3,1200.62,2,4,4,244,At Risk,3,🟢 Promising Mid-Tier,0.9992,2.16,400.21,5754.05,Gold
17321,8,2,700.86,5,3,3,533,Loyal Customers,1,🟢 Promising Mid-Tier,0.9986,1.28,350.43,3060.07,Gold
17323,15,7,917.67,4,5,3,453,Loyal Customers,3,🟢 Promising Mid-Tier,0.9999,5.66,131.1,4936.68,Gold
17324,18,4,990.23,4,4,4,444,Champions,3,🟢 Promising Mid-Tier,0.9997,3.04,247.56,5006.02,Gold
17325,280,1,96.8,1,2,1,121,Hibernating,0,❄️  Inactive / Lost,1.0,0.41,96.8,39.65,Bronze
17329,14,2,523.11,4,3,3,433,Loyal Customers,1,🟢 Promising Mid-Tier,0.9986,1.28,261.56,2310.0,Silver
17330,23,2,363.9,4,3,2,432,Need Attention,1,🟢 Promising Mid-Tier,0.9986,1.28,181.95,1638.18,Silver
17331,124,1,175.2,2,2,1,221,Hibernating,0,❄️  Inactive / Lost,1.0,0.41,175.2,71.77,Bronze
17333,86,1,494.25,2,2,3,223,Need Attention,0,❄️  Inactive / Lost,1.0,0.41,494.25,202.46,Bronze
17334,302,2,307.02,1,3,2,132,Need Attention,0,❄️  Inactive / Lost,0.9913,1.27,153.51,1387.98,Silver
17337,151,4,2026.42,2,4,4,244,At Risk,3,🟢 Promising Mid-Tier,0.9989,3.03,506.6,10151.24,Platinum
17338,17,8,6635.14,4,5,5,455,Champions,2,🏆 High Value Active,0.9999,6.54,829.39,35582.13,Platinum
17339,94,2,243.36,2,3,1,231,Need Attention,0,❄️  Inactive / Lost,0.9981,1.28,121.68,1129.06,Silver
17340,30,11,12353.29,4,5,5,455,Champions,2,🏆 High Value Active,0.9999,9.17,1123.03,67451.68,Platinum
17341,157,3,781.36,2,4,3,243,At Risk,3,🟢 Promising Mid-Tier,0.9987,2.16,260.45,3772.99,Gold
17343,355,1,193.64,1,2,1,121,Hibernating,0,❄️  Inactive / Lost,1.0,0.41,193.64,79.32,Bronze
17344,46,1,160.57,3,2,1,321,Potential Loyalists,0,❄️  Inactive / Lost,1.0,0.41,160.57,65.77,Bronze
17345,15,4,537.74,4,4,3,443,Loyal Customers,1,🟢 Promising Mid-Tier,0.9997,3.04,134.44,2755.46,Silver
17346,4,15,2676.56,5,5,5,555,Champions,2,🏆 High Value Active,1.0,12.67,178.44,14868.14,Platinum
17347,86,1,228.96,2,2,1,221,Hibernating,0,❄️  Inactive / Lost,1.0,0.41,228.96,93.79,Bronze
17348,15,5,1159.52,4,4,4,444,Champions,3,🟢 Promising Mid-Tier,0.9998,3.91,231.9,6020.42,Gold
17349,179,1,110.75,2,2,1,221,Hibernating,0,❄️  Inactive / Lost,1.0,0.41,110.75,45.37,Bronze
17350,8,4,1286.07,5,4,4,544,Champions,1,🟢 Promising Mid-Tier,0.9997,3.04,321.52,6477.61,Gold
17351,36,3,587.15,3,4,3,343,Loyal Customers,3,🟢 Promising Mid-Tier,0.9995,2.16,195.72,2858.88,Silver
17353,129,2,1740.0,2,3,4,234,At Risk,3,🟢 Promising Mid-Tier,0.9977,1.28,870.0,7437.79,Gold
17354,51,1,1393.06,3,2,4,324,Potential Loyalists,3,🟢 Promising Mid-Tier,1.0,0.41,1393.06,570.64,Silver
17356,312,1,178.22,1,2,1,121,Hibernating,0,❄️  Inactive / Lost,1.0,0.41,178.22,73.0,Bronze
17357,24,2,388.14,4,3,2,432,Need Attention,1,🟢 Promising Mid-Tier,0.9986,1.28,194.07,1740.44,Silver
17358,303,2,365.85,1,3,2,132,Need Attention,0,❄️  Inactive / Lost,0.9912,1.27,182.92,1634.19,Silver
17359,11,1,127.86,5,2,1,521,New Customers,1,🟢 Promising Mid-Tier,1.0,0.41,127.86,52.38,Bronze
17360,17,3,585.79,4,4,3,443,Loyal Customers,1,🟢 Promising Mid-Tier,0.9996,2.16,195.26,2852.62,Silver
17361,49,3,488.2,3,4,3,343,Loyal Customers,3,🟢 Promising Mid-Tier,0.9995,2.16,162.73,2391.53,Silver
17362,239,2,312.23,1,3,2,132,Need Attention,0,❄️  Inactive / Lost,0.9954,1.28,156.12,1415.66,Silver
17364,1,11,4481.18,5,5,5,555,Champions,2,🏆 High Value Active,0.9999,9.17,407.38,24516.55,Platinum
17365,13,8,4796.52,5,5,5,555,Champions,2,🏆 High Value Active,0.9999,6.54,599.57,25743.08,Platinum
17367,238,1,168.4,1,2,1,121,Hibernating,0,❄️  Inactive / Lost,1.0,0.41,168.4,68.98,Bronze
17368,23,8,1912.67,4,5,4,454,Champions,2,🏆 High Value Active,0.9999,6.54,239.08,10309.95,Platinum
17370,73,4,446.18,2,4,2,242,Need Attention,3,🟢 Promising Mid-Tier,0.9995,3.04,111.54,2299.61,Silver
17371,17,3,423.89,4,4,2,442,Need Attention,1,🟢 Promising Mid-Tier,0.9996,2.16,141.3,2088.08,Silver
17372,41,8,1342.68,3,5,4,354,Loyal Customers,3,🟢 Promising Mid-Tier,0.9998,6.54,167.84,7259.31,Gold
17373,40,4,646.92,3,4,3,343,Loyal Customers,3,🟢 Promising Mid-Tier,0.9997,3.04,161.73,3298.28,Gold
17374,219,2,495.77,1,3,3,133,At Risk,0,❄️  Inactive / Lost,0.9961,1.28,247.88,2189.04,Silver
17375,199,3,400.1,1,4,2,142,Need Attention,0,❄️  Inactive / Lost,0.998,2.16,133.37,1972.7,Silver
17376,71,2,203.2,3,3,1,331,Potential Loyalists,0,❄️  Inactive / Lost,0.9983,1.28,101.6,959.88,Silver
17377,24,20,4100.92,4,5,5,455,Champions,2,🏆 High Value Active,0.9999,17.05,205.05,22946.68,Platinum
17379,11,1,404.66,5,2,2,522,New Customers,1,🟢 Promising Mid-Tier,1.0,0.41,404.66,165.76,Bronze
17381,9,29,20275.61,5,5,5,555,Champions,2,🏆 High Value Active,1.0,24.94,699.16,114126.57,Platinum
17382,65,1,65.4,3,2,1,321,Potential Loyalists,0,❄️  Inactive / Lost,1.0,0.41,65.4,26.79,Bronze
17383,4,1,199.29,5,2,1,521,New Customers,1,🟢 Promising Mid-Tier,1.0,0.41,199.29,81.63,Bronze
17384,19,2,336.4,4,3,2,432,Need Attention,1,🟢 Promising Mid-Tier,0.9986,1.28,168.2,1522.18,Silver
17385,15,1,261.11,4,2,2,422,New Customers,1,🟢 Promising Mid-Tier,1.0,0.41,261.11,106.96,Bronze
17386,8,6,2686.42,5,5,5,555,Champions,2,🏆 High Value Active,0.9999,4.79,447.74,14114.61,Platinum
17387,20,2,784.11,4,3,3,433,Loyal Customers,1,🟢 Promising Mid-Tier,0.9986,1.28,392.06,3411.13,Gold
17388,78,4,1259.56,2,4,4,244,At Risk,3,🟢 Promising Mid-Tier,0.9995,3.04,314.89,6344.29,Gold
17389,1,34,31833.68,5,5,5,555,Champions,2,🏆 High Value Active,1.0,29.32,936.28,179634.85,Platinum
17391,164,2,508.8,2,3,3,233,At Risk,0,❄️  Inactive / Lost,0.9972,1.28,254.4,2246.56,Silver
17392,307,2,451.91,1,3,2,132,Need Attention,0,❄️  Inactive / Lost,0.9907,1.27,225.96,1993.63,Silver
17394,219,1,203.87,1,2,1,121,Hibernating,0,❄️  Inactive / Lost,1.0,0.41,203.87,83.51,Bronze
17396,39,7,7312.8,3,5,5,355,Loyal Customers,2,🏆 High Value Active,0.9998,5.66,1044.69,38812.29,Platinum
17397,22,2,696.41,4,3,3,433,Loyal Customers,1,🟢 Promising Mid-Tier,0.9986,1.28,348.2,3041.08,Gold
17398,115,3,653.38,2,4,3,243,At Risk,3,🟢 Promising Mid-Tier,0.9991,2.16,217.79,3170.39,Gold
17400,126,5,2129.96,2,4,5,245,At Risk,3,🟢 Promising Mid-Tier,0.9992,3.91,425.99,10986.78,Platinum
17402,5,12,2598.85,5,5,5,555,Champions,2,🏆 High Value Active,0.9999,10.04,216.57,14308.18,Platinum
17403,36,1,281.62,3,2,2,322,Potential Loyalists,1,🟢 Promising Mid-Tier,1.0,0.41,281.62,115.36,Bronze
17404,4,13,31781.82,5,5,5,555,Champions,2,🏆 High Value Active,0.9999,10.92,2444.76,174775.71,Platinum
17405,1,3,1031.41,5,4,4,544,Champions,1,🟢 Promising Mid-Tier,0.9996,2.16,343.8,4957.17,Gold
17406,333,3,2200.42,1,4,5,145,At Risk,3,🟢 Promising Mid-Tier,0.9795,2.12,733.47,10266.61,Platinum
17408,163,1,32.65,2,2,1,221,Hibernating,0,❄️  Inactive / Lost,1.0,0.41,32.65,13.37,Bronze
17409,185,2,771.85,1,3,3,133,At Risk,0,❄️  Inactive / Lost,0.9969,1.28,385.92,3353.66,Gold
17410,16,5,1214.72,4,4,4,444,Champions,3,🟢 Promising Mid-Tier,0.9998,3.91,242.94,6303.29,Gold
17411,12,3,778.94,5,4,3,543,Loyal Customers,1,🟢 Promising Mid-Tier,0.9996,2.16,259.65,3764.78,Gold
17412,3,7,1258.06,5,5,4,554,Champions,2,🏆 High Value Active,0.9999,5.66,179.72,6740.05,Gold
17414,44,2,778.0,3,3,3,333,Loyal Customers,3,🟢 Promising Mid-Tier,0.9984,1.28,389.0,3384.89,Gold
17415,80,1,507.84,2,2,3,223,Need Attention,0,❄️  Inactive / Lost,1.0,0.41,507.84,208.03,Bronze
17416,30,7,6893.42,4,5,5,455,Champions,2,🏆 High Value Active,0.9998,5.66,984.77,36591.8,Platinum
17418,42,2,463.46,3,3,2,332,Potential Loyalists,1,🟢 Promising Mid-Tier,0.9985,1.28,231.73,2058.01,Silver
17419,11,12,4226.57,5,5,5,555,Champions,2,🏆 High Value Active,0.9999,10.04,352.21,23223.84,Platinum
17420,50,3,598.83,3,4,3,343,Loyal Customers,3,🟢 Promising Mid-Tier,0.9995,2.16,199.61,2913.89,Silver
17422,16,6,1979.37,4,5,4,454,Champions,3,🟢 Promising Mid-Tier,0.9998,4.79,329.9,10419.68,Platinum
17423,46,2,698.41,3,3,3,333,Loyal Customers,3,🟢 Promising Mid-Tier,0.9984,1.28,349.2,3049.09,Gold
17425,19,2,759.17,4,3,3,433,Loyal Customers,1,🟢 Promising Mid-Tier,0.9986,1.28,379.58,3305.92,Gold
17426,8,6,5037.26,5,5,5,555,Champions,2,🏆 High Value Active,0.9999,4.79,839.54,26399.18,Platinum
17427,72,1,100.8,3,2,1,321,Potential Loyalists,0,❄️  Inactive / Lost,1.0,0.41,100.8,41.29,Bronze
17428,1,28,17256.85,5,5,5,555,Champions,2,🏆 High Value Active,1.0,24.06,616.32,97082.61,Platinum
17429,128,3,524.92,2,4,3,243,At Risk,0,❄️  Inactive / Lost,0.999,2.16,174.97,2563.78,Silver
17430,33,2,265.76,4,3,2,432,Need Attention,1,🟢 Promising Mid-Tier,0.9985,1.28,132.88,1224.05,Silver
17431,313,1,403.3,1,2,2,122,Hibernating,0,❄️  Inactive / Lost,1.0,0.41,403.3,165.2,Bronze
17432,18,2,365.76,4,3,2,432,Need Attention,1,🟢 Promising Mid-Tier,0.9986,1.28,182.88,1646.07,Silver
17433,88,1,303.16,2,2,2,222,Hibernating,0,❄️  Inactive / Lost,1.0,0.41,303.16,124.18,Bronze
17434,2,7,2373.82,5,5,5,555,Champions,2,🏆 High Value Active,0.9999,5.66,339.12,12650.94,Platinum
17436,2,2,216.3,5,3,1,531,Need Attention,1,🟢 Promising Mid-Tier,0.9987,1.28,108.15,1015.55,Silver
17438,254,1,388.45,1,2,2,122,Hibernating,0,❄️  Inactive / Lost,1.0,0.41,388.45,159.12,Bronze
17440,157,3,186.42,2,4,1,241,Need Attention,0,❄️  Inactive / Lost,0.9987,2.16,62.14,965.86,Silver
17442,37,6,2248.56,3,5,5,355,Loyal Customers,3,🟢 Promising Mid-Tier,0.9998,4.79,374.76,11825.69,Platinum
17443,220,1,534.24,1,2,3,123,Need Attention,0,❄️  Inactive / Lost,1.0,0.41,534.24,218.84,Bronze
17444,152,2,2389.1,2,3,5,235,At Risk,3,🟢 Promising Mid-Tier,0.9974,1.28,1194.55,10171.07,Platinum
17446,177,2,120.9,2,3,1,231,Need Attention,0,❄️  Inactive / Lost,0.997,1.28,60.45,612.0,Silver
17447,40,2,541.53,3,3,3,333,Loyal Customers,1,🟢 Promising Mid-Tier,0.9985,1.28,270.76,2387.38,Silver
17449,2,7,2517.86,5,5,5,555,Champions,2,🏆 High Value Active,0.9999,5.66,359.69,13414.01,Platinum
17450,8,46,194550.79,5,5,5,555,Champions,2,🏆 High Value Active,1.0,39.83,4229.36,1101969.61,Platinum
17451,1,7,1721.4,5,5,4,554,Champions,2,🏆 High Value Active,0.9999,5.66,245.91,9194.68,Gold
17453,18,2,486.72,4,3,3,433,Loyal Customers,1,🟢 Promising Mid-Tier,0.9986,1.28,243.36,2156.42,Silver
17454,192,4,517.53,1,4,3,143,At Risk,3,🟢 Promising Mid-Tier,0.998,3.03,129.38,2650.35,Silver
17455,204,1,131.7,1,2,1,121,Hibernating,0,❄️  Inactive / Lost,1.0,0.41,131.7,53.95,Bronze
17456,365,1,249.86,1,2,2,122,Hibernating,0,❄️  Inactive / Lost,1.0,0.41,249.86,102.35,Bronze
17457,127,5,1737.7,2,4,4,244,At Risk,3,🟢 Promising Mid-Tier,0.9992,3.91,347.54,8977.67,Gold
17458,15,1,316.5,4,2,2,422,New Customers,1,🟢 Promising Mid-Tier,1.0,0.41,316.5,129.65,Bronze
17459,43,2,657.3,3,3,3,333,Loyal Customers,1,🟢 Promising Mid-Tier,0.9984,1.28,328.65,2875.72,Silver
17460,94,6,622.43,2,5,3,253,At Risk,3,🟢 Promising Mid-Tier,0.9995,4.79,103.74,3327.75,Gold
17461,23,3,757.46,4,4,3,443,Loyal Customers,1,🟢 Promising Mid-Tier,0.9995,2.16,252.49,3663.23,Gold
17462,60,2,675.69,3,3,3,333,Loyal Customers,3,🟢 Promising Mid-Tier,0.9983,1.28,337.84,2952.98,Silver
17463,16,5,1896.41,4,4,4,444,Champions,3,🟢 Promising Mid-Tier,0.9998,3.91,379.28,9796.82,Gold
17464,158,1,289.96,2,2,2,222,Hibernating,0,❄️  Inactive / Lost,1.0,0.41,289.96,118.78,Bronze
17466,10,2,763.28,5,3,3,533,Loyal Customers,1,🟢 Promising Mid-Tier,0.9986,1.28,381.64,3323.41,Gold
17468,10,2,137.0,5,3,1,531,Need Attention,1,🟢 Promising Mid-Tier,0.9986,1.28,68.5,680.91,Silver
17469,16,5,1870.97,4,4,4,444,Champions,3,🟢 Promising Mid-Tier,0.9998,3.91,374.19,9666.45,Gold
17470,45,5,1125.07,3,4,4,344,Loyal Customers,3,🟢 Promising Mid-Tier,0.9997,3.91,225.01,5843.39,Gold
17472,191,3,710.29,1,4,3,143,At Risk,3,🟢 Promising Mid-Tier,0.9982,2.16,236.76,3435.84,Gold
17475,79,1,194.37,2,2,1,221,Hibernating,0,❄️  Inactive / Lost,1.0,0.41,194.37,79.62,Bronze
17480,78,1,511.82,2,2,3,223,Need Attention,0,❄️  Inactive / Lost,1.0,0.41,511.82,209.66,Bronze
17481,4,4,1255.59,5,4,4,544,Champions,1,🟢 Promising Mid-Tier,0.9998,3.04,313.9,6326.06,Gold
17483,65,3,414.04,3,4,2,342,Potential Loyalists,3,🟢 Promising Mid-Tier,0.9994,2.16,138.01,2041.23,Silver
17486,261,1,396.87,1,2,2,122,Hibernating,0,❄️  Inactive / Lost,1.0,0.41,396.87,162.57,Bronze
17489,59,2,376.64,3,3,2,332,Potential Loyalists,0,❄️  Inactive / Lost,0.9983,1.28,188.32,1691.56,Silver
17490,1,7,2092.32,5,5,5,555,Champions,2,🏆 High Value Active,0.9999,5.66,298.9,11159.68,Platinum
17491,1,10,3558.87,5,5,5,555,Champions,2,🏆 High Value Active,0.9999,8.29,355.89,19388.18,Platinum
17492,248,1,374.57,1,2,2,122,Hibernating,0,❄️  Inactive / Lost,1.0,0.41,374.57,153.43,Bronze
17495,8,2,497.56,5,3,3,533,Loyal Customers,1,🟢 Promising Mid-Tier,0.9986,1.28,248.78,2202.27,Silver
17496,359,1,271.05,1,2,2,122,Hibernating,0,❄️  Inactive / Lost,1.0,0.41,271.05,111.03,Bronze
17498,76,1,272.22,2,2,2,222,Hibernating,0,❄️  Inactive / Lost,1.0,0.41,272.22,111.51,Bronze
17499,290,1,622.88,1,2,3,123,Need Attention,0,❄️  Inactive / Lost,1.0,0.41,622.88,255.15,Bronze
17500,17,3,1138.0,4,4,4,444,Champions,3,🟢 Promising Mid-Tier,0.9996,2.16,379.33,5460.32,Gold
17501,221,2,288.6,1,3,2,132,Need Attention,0,❄️  Inactive / Lost,0.996,1.28,144.3,1317.09,Silver
17502,9,4,689.1,5,4,3,543,Loyal Customers,1,🟢 Promising Mid-Tier,0.9997,3.04,172.28,3508.34,Gold
17503,3,2,558.96,5,3,3,533,Loyal Customers,1,🟢 Promising Mid-Tier,0.9987,1.28,279.48,2461.4,Silver
17504,206,9,2997.03,1,5,5,155,At Risk,3,🟢 Promising Mid-Tier,0.9759,7.24,333.0,15847.88,Platinum
17505,162,2,1145.84,2,3,4,234,At Risk,3,🟢 Promising Mid-Tier,0.9973,1.28,572.92,4930.89,Gold
17506,76,1,302.2,2,2,2,222,Hibernating,0,❄️  Inactive / Lost,1.0,0.41,302.2,123.79,Bronze
17507,262,2,605.58,1,3,3,133,At Risk,0,❄️  Inactive / Lost,0.9944,1.28,302.79,2646.64,Silver
17508,281,1,387.31,1,2,2,122,Hibernating,0,❄️  Inactive / Lost,1.0,0.41,387.31,158.65,Bronze
17509,58,8,6115.14,3,5,5,355,Loyal Customers,3,🟢 Promising Mid-Tier,0.9997,6.54,764.39,32794.45,Platinum
17510,25,1,308.48,4,2,2,422,New Customers,1,🟢 Promising Mid-Tier,1.0,0.41,308.48,126.36,Bronze
17511,3,31,91062.38,5,5,5,555,Champions,2,🏆 High Value Active,1.0,26.69,2937.5,512940.01,Platinum
17512,29,10,2924.99,4,5,5,455,Champions,2,🏆 High Value Active,0.9999,8.29,292.5,15946.96,Platinum
17513,72,1,513.2,3,2,3,323,Potential Loyalists,0,❄️  Inactive / Lost,1.0,0.41,513.2,210.22,Bronze
17514,128,1,208.65,2,2,1,221,Hibernating,0,❄️  Inactive / Lost,1.0,0.41,208.65,85.47,Bronze
17515,31,4,639.02,4,4,3,443,Loyal Customers,3,🟢 Promising Mid-Tier,0.9997,3.04,159.76,3259.07,Gold
17516,15,5,768.08,4,4,3,443,Loyal Customers,3,🟢 Promising Mid-Tier,0.9998,3.91,153.62,4014.36,Gold
17517,309,1,153.94,1,2,1,121,Hibernating,0,❄️  Inactive / Lost,1.0,0.41,153.94,63.06,Bronze
17519,17,6,1844.02,4,5,4,454,Champions,3,🟢 Promising Mid-Tier,0.9998,4.79,307.34,9712.38,Gold
17520,54,1,546.81,3,2,3,323,Potential Loyalists,0,❄️  Inactive / Lost,1.0,0.41,546.81,223.99,Bronze
17521,30,3,723.21,4,4,3,443,Loyal Customers,3,🟢 Promising Mid-Tier,0.9995,2.16,241.07,3501.42,Gold
17522,2,5,1066.15,5,4,4,544,Champions,2,🏆 High Value Active,0.9998,3.91,213.23,5542.06,Gold
17523,11,4,652.74,5,4,3,543,Loyal Customers,1,🟢 Promising Mid-Tier,0.9997,3.04,163.18,3327.48,Gold
17524,361,1,145.0,1,2,1,121,Hibernating,0,❄️  Inactive / Lost,1.0,0.41,145.0,59.4,Bronze
17525,360,1,422.7,1,2,2,122,Hibernating,0,❄️  Inactive / Lost,1.0,0.41,422.7,173.15,Bronze
17526,5,4,1195.9,5,4,4,544,Champions,1,🟢 Promising Mid-Tier,0.9998,3.04,298.98,6029.15,Gold
17527,54,4,939.37,3,4,4,344,Loyal Customers,3,🟢 Promising Mid-Tier,0.9996,3.04,234.84,4752.55,Gold
17528,1,8,3628.5,5,5,5,555,Champions,2,🏆 High Value Active,0.9999,6.54,453.56,19492.86,Platinum
17530,1,10,2380.41,5,5,5,555,Champions,2,🏆 High Value Active,0.9999,8.29,238.04,12992.45,Platinum
17531,190,1,296.7,1,2,2,122,Hibernating,0,❄️  Inactive / Lost,1.0,0.41,296.7,121.54,Bronze
17534,54,1,223.36,3,2,1,321,Potential Loyalists,0,❄️  Inactive / Lost,1.0,0.41,223.36,91.49,Bronze
17535,280,1,164.4,1,2,1,121,Hibernating,0,❄️  Inactive / Lost,1.0,0.41,164.4,67.34,Bronze
17536,177,1,76.5,2,2,1,221,Hibernating,0,❄️  Inactive / Lost,1.0,0.41,76.5,31.34,Bronze
17537,30,2,897.62,4,3,3,433,Loyal Customers,1,🟢 Promising Mid-Tier,0.9985,1.28,448.81,3889.83,Gold
17538,26,1,98.42,4,2,1,421,New Customers,1,🟢 Promising Mid-Tier,1.0,0.41,98.42,40.32,Bronze
17540,25,2,578.9,4,3,3,433,Loyal Customers,1,🟢 Promising Mid-Tier,0.9986,1.28,289.45,2545.25,Silver
17542,270,1,170.75,1,2,1,121,Hibernating,0,❄️  Inactive / Lost,1.0,0.41,170.75,69.94,Bronze
17545,43,3,645.96,3,4,3,343,Loyal Customers,3,🟢 Promising Mid-Tier,0.9995,2.16,215.32,3136.51,Gold
17548,234,1,103.3,1,2,1,121,Hibernating,0,❄️  Inactive / Lost,1.0,0.41,103.3,42.31,Bronze
17549,24,2,148.86,4,3,1,431,Need Attention,1,🟢 Promising Mid-Tier,0.9986,1.28,74.43,730.9,Silver
17550,197,3,267.16,1,4,2,142,Need Attention,0,❄️  Inactive / Lost,0.9981,2.16,89.05,1345.94,Silver
17551,359,1,306.84,1,2,2,122,Hibernating,0,❄️  Inactive / Lost,1.0,0.41,306.84,125.69,Bronze
17552,60,4,930.41,3,4,4,344,Loyal Customers,3,🟢 Promising Mid-Tier,0.9996,3.04,232.6,4707.89,Gold
17553,130,1,1487.6,2,2,4,224,Can't Lose Them,0,❄️  Inactive / Lost,1.0,0.41,1487.6,609.36,Silver
17554,1,5,1952.45,5,4,4,544,Champions,2,🏆 High Value Active,0.9998,3.91,390.49,10084.32,Platinum
17555,20,2,483.26,4,3,2,432,Need Attention,1,🟢 Promising Mid-Tier,0.9986,1.28,241.63,2141.8,Silver
17556,206,1,157.9,1,2,1,121,Hibernating,0,❄️  Inactive / Lost,1.0,0.41,157.9,64.68,Bronze
17557,14,3,541.46,4,4,3,443,Loyal Customers,1,🟢 Promising Mid-Tier,0.9996,2.16,180.49,2643.3,Silver
17560,95,4,854.95,2,4,3,243,At Risk,3,🟢 Promising Mid-Tier,0.9994,3.04,213.74,4331.86,Gold
17561,19,1,167.62,4,2,1,421,New Customers,1,🟢 Promising Mid-Tier,1.0,0.41,167.62,68.66,Bronze
17562,14,7,1122.38,4,5,4,454,Champions,3,🟢 Promising Mid-Tier,0.9999,5.66,160.34,6021.15,Gold
17564,24,3,454.01,4,4,2,442,Need Attention,1,🟢 Promising Mid-Tier,0.9995,2.16,151.34,2230.27,Silver
17566,8,2,901.21,5,3,3,533,Loyal Customers,1,🟢 Promising Mid-Tier,0.9986,1.28,450.6,3905.43,Gold
17567,7,8,4331.48,5,5,5,555,Champions,2,🏆 High Value Active,0.9999,6.54,541.43,23254.7,Platinum
17569,332,1,344.14,1,2,2,122,Hibernating,0,❄️  Inactive / Lost,1.0,0.41,344.14,140.97,Bronze
17571,50,4,1497.26,3,4,4,344,Loyal Customers,3,🟢 Promising Mid-Tier,0.9996,3.04,374.32,7527.19,Gold
17572,71,4,226.75,3,4,1,341,Potential Loyalists,0,❄️  Inactive / Lost,0.9996,3.04,56.69,1208.43,Silver
17573,29,3,380.6,4,4,2,442,Need Attention,1,🟢 Promising Mid-Tier,0.9995,2.16,126.87,1883.58,Silver
17574,243,1,185.65,1,2,1,121,Hibernating,0,❄️  Inactive / Lost,1.0,0.41,185.65,76.05,Bronze
17576,8,19,3622.68,5,5,5,555,Champions,2,🏆 High Value Active,1.0,16.18,190.67,20251.37,Platinum
17578,218,1,143.46,1,2,1,121,Hibernating,0,❄️  Inactive / Lost,1.0,0.41,143.46,58.77,Bronze
17579,5,3,448.9,5,4,2,542,Need Attention,1,🟢 Promising Mid-Tier,0.9996,2.16,149.63,2206.25,Silver
17580,253,3,212.77,1,4,1,141,Need Attention,0,❄️  Inactive / Lost,0.996,2.15,70.92,1087.24,Silver
17581,1,25,11045.04,5,5,5,555,Champions,2,🏆 High Value Active,1.0,21.43,441.8,62019.09,Platinum
17582,236,1,175.27,1,2,1,121,Hibernating,0,❄️  Inactive / Lost,1.0,0.41,175.27,71.8,Bronze
17584,7,2,1242.3,5,3,4,534,Loyal Customers,1,🟢 Promising Mid-Tier,0.9986,1.28,621.15,5344.65,Gold
17585,109,4,1133.07,2,4,4,244,At Risk,3,🟢 Promising Mid-Tier,0.9993,3.04,283.27,5714.2,Gold
17588,100,3,1240.2,2,4,4,244,At Risk,3,🟢 Promising Mid-Tier,0.9992,2.16,413.4,5940.9,Gold
17589,60,4,2402.92,3,4,5,345,Loyal Customers,3,🟢 Promising Mid-Tier,0.9996,3.04,600.73,12030.88,Platinum
17590,2,3,1477.97,5,4,4,544,Champions,1,🟢 Promising Mid-Tier,0.9996,2.16,492.66,7066.02,Gold
17591,73,7,2225.97,2,5,5,255,At Risk,3,🟢 Promising Mid-Tier,0.9996,5.66,318.0,11864.64,Platinum
17593,4,5,3927.34,5,4,5,545,Champions,2,🏆 High Value Active,0.9998,3.91,785.47,20205.45,Platinum
17594,85,2,993.18,2,3,4,234,At Risk,3,🟢 Promising Mid-Tier,0.9982,1.28,496.59,4291.39,Gold
17595,12,2,388.79,5,3,2,532,Need Attention,1,🟢 Promising Mid-Tier,0.9986,1.28,194.4,1743.29,Silver
17596,23,7,2827.93,4,5,5,455,Champions,2,🏆 High Value Active,0.9998,5.66,403.99,15055.99,Platinum
17597,214,1,2044.37,1,2,5,125,Can't Lose Them,0,❄️  Inactive / Lost,1.0,0.41,2044.37,837.43,Silver
17600,18,1,161.67,4,2,1,421,New Customers,1,🟢 Promising Mid-Tier,1.0,0.41,161.67,66.22,Bronze
17601,239,1,116.01,1,2,1,121,Hibernating,0,❄️  Inactive / Lost,1.0,0.41,116.01,47.52,Bronze
17602,2,6,5102.97,5,5,5,555,Champions,2,🏆 High Value Active,0.9999,4.79,850.5,26742.85,Platinum
17603,78,1,394.72,2,2,2,222,Hibernating,0,❄️  Inactive / Lost,1.0,0.41,394.72,161.69,Bronze
17604,217,2,309.36,1,3,2,132,Need Attention,0,❄️  Inactive / Lost,0.9961,1.28,154.68,1404.61,Silver
17608,33,2,193.42,4,3,1,431,Need Attention,1,🟢 Promising Mid-Tier,0.9985,1.28,96.71,918.86,Silver
17609,41,5,1104.72,3,4,4,344,Loyal Customers,3,🟢 Promising Mid-Tier,0.9997,3.91,220.94,5739.19,Gold
17611,7,15,3984.22,5,5,5,555,Champions,2,🏆 High Value Active,0.9999,12.67,265.61,22096.73,Platinum
17612,53,6,2048.45,3,5,5,355,Loyal Customers,3,🟢 Promising Mid-Tier,0.9997,4.79,341.41,10779.46,Platinum
17613,23,14,4559.15,4,5,5,455,Champions,2,🏆 High Value Active,0.9999,11.8,325.65,25208.4,Platinum
17614,57,1,390.07,3,2,2,322,Potential Loyalists,0,❄️  Inactive / Lost,1.0,0.41,390.07,159.78,Bronze
17615,130,3,329.6,2,4,2,242,Need Attention,0,❄️  Inactive / Lost,0.999,2.16,109.87,1641.89,Silver
17616,174,3,571.2,2,4,3,243,At Risk,0,❄️  Inactive / Lost,0.9985,2.16,190.4,2780.74,Silver
17618,6,3,971.58,5,4,4,544,Champions,1,🟢 Promising Mid-Tier,0.9996,2.16,323.86,4674.56,Gold
17619,312,1,218.52,1,2,1,121,Hibernating,0,❄️  Inactive / Lost,1.0,0.41,218.52,89.51,Bronze
17620,60,1,81.44,3,2,1,321,Potential Loyalists,0,❄️  Inactive / Lost,1.0,0.41,81.44,33.36,Bronze
17621,21,3,1379.9,4,4,4,444,Champions,3,🟢 Promising Mid-Tier,0.9995,2.16,459.97,6602.57,Gold
17623,33,1,527.05,4,2,3,423,New Customers,1,🟢 Promising Mid-Tier,1.0,0.41,527.05,215.89,Bronze
17624,15,2,843.48,4,3,3,433,Loyal Customers,1,🟢 Promising Mid-Tier,0.9986,1.28,421.74,3661.71,Gold
17625,18,4,2047.0,4,4,5,445,Champions,3,🟢 Promising Mid-Tier,0.9997,3.04,511.75,10262.17,Platinum
17628,81,1,75.75,2,2,1,221,Hibernating,0,❄️  Inactive / Lost,1.0,0.41,75.75,31.03,Bronze
17629,6,8,1814.12,5,5,4,554,Champions,2,🏆 High Value Active,0.9999,6.54,226.76,9782.93,Gold
17630,170,2,503.6,2,3,3,233,At Risk,0,❄️  Inactive / Lost,0.9971,1.28,251.8,2224.43,Silver
17631,2,3,528.33,5,4,3,543,Loyal Customers,1,🟢 Promising Mid-Tier,0.9996,2.16,176.11,2581.37,Silver
17633,31,4,1324.84,4,4,4,444,Champions,3,🟢 Promising Mid-Tier,0.9997,3.04,331.21,6670.08,Gold
17634,36,9,2361.97,3,5,5,355,Loyal Customers,3,🟢 Promising Mid-Tier,0.9998,7.42,262.44,12812.37,Platinum
17636,19,1,285.56,4,2,2,422,New Customers,1,🟢 Promising Mid-Tier,1.0,0.41,285.56,116.97,Bronze
17637,31,2,547.06,4,3,3,433,Loyal Customers,1,🟢 Promising Mid-Tier,0.9985,1.28,273.53,2410.84,Silver
17639,276,1,108.5,1,2,1,121,Hibernating,0,❄️  Inactive / Lost,1.0,0.41,108.5,44.44,Bronze
17640,87,1,621.66,2,2,3,223,Need Attention,0,❄️  Inactive / Lost,1.0,0.41,621.66,254.65,Bronze
17642,120,2,712.29,2,3,3,233,At Risk,0,❄️  Inactive / Lost,0.9978,1.28,356.14,3105.76,Gold
17643,373,1,101.55,1,2,1,121,Hibernating,0,❄️  Inactive / Lost,1.0,0.41,101.55,41.6,Bronze
17644,1,11,2895.64,5,5,5,555,Champions,2,🏆 High Value Active,0.9999,9.17,263.24,15867.94,Platinum
17646,219,3,1008.39,1,4,4,144,At Risk,3,🟢 Promising Mid-Tier,0.9975,2.16,336.13,4838.25,Gold
17647,65,1,133.06,3,2,1,321,Potential Loyalists,0,❄️  Inactive / Lost,1.0,0.41,133.06,54.51,Bronze
17648,61,4,1797.5,3,4,4,344,Loyal Customers,3,🟢 Promising Mid-Tier,0.9996,3.04,449.38,9020.01,Gold
17649,138,1,868.49,2,2,3,223,Need Attention,0,❄️  Inactive / Lost,1.0,0.41,868.49,355.76,Bronze
17650,21,1,166.08,4,2,1,421,New Customers,1,🟢 Promising Mid-Tier,1.0,0.41,166.08,68.03,Bronze
17651,12,10,3945.0,5,5,5,555,Champions,2,🏆 High Value Active,0.9999,8.29,394.5,21483.35,Platinum
17652,25,12,4867.72,4,5,5,455,Champions,2,🏆 High Value Active,0.9999,10.04,405.64,26734.75,Platinum
17653,37,4,1207.56,3,4,4,344,Loyal Customers,3,🟢 Promising Mid-Tier,0.9997,3.04,301.89,6086.67,Gold
17654,277,1,117.55,1,2,1,121,Hibernating,0,❄️  Inactive / Lost,1.0,0.41,117.55,48.15,Bronze
17655,11,7,2638.94,5,5,5,555,Champions,2,🏆 High Value Active,0.9999,5.66,376.99,14055.21,Platinum
17656,73,5,1674.69,2,4,4,244,At Risk,3,🟢 Promising Mid-Tier,0.9996,3.91,334.94,8658.86,Gold
17658,26,2,595.42,4,3,3,433,Loyal Customers,1,🟢 Promising Mid-Tier,0.9985,1.28,297.71,2614.93,Silver
17659,17,12,2999.46,4,5,5,455,Champions,2,🏆 High Value Active,0.9999,10.04,249.96,16502.13,Platinum
17660,141,1,196.0,2,2,1,221,Hibernating,0,❄️  Inactive / Lost,1.0,0.41,196.0,80.29,Bronze
17663,26,7,1802.91,4,5,4,454,Champions,3,🟢 Promising Mid-Tier,0.9998,5.66,257.56,9625.98,Gold
17664,19,2,604.64,4,3,3,433,Loyal Customers,1,🟢 Promising Mid-Tier,0.9986,1.28,302.32,2653.93,Silver
17666,4,2,728.16,5,3,3,533,Loyal Customers,1,🟢 Promising Mid-Tier,0.9987,1.28,364.08,3175.32,Gold
17667,66,5,2055.51,3,4,5,345,Loyal Customers,3,🟢 Promising Mid-Tier,0.9996,3.91,411.1,10610.47,Platinum
17668,1,2,347.75,5,3,2,532,Need Attention,1,🟢 Promising Mid-Tier,0.9987,1.28,173.88,1570.21,Silver
17669,43,7,3406.72,3,5,5,355,Loyal Customers,3,🟢 Promising Mid-Tier,0.9998,5.66,486.67,18120.97,Platinum
17670,228,1,205.7,1,2,1,121,Hibernating,0,❄️  Inactive / Lost,1.0,0.41,205.7,84.26,Bronze
17671,16,4,1572.71,4,4,4,444,Champions,3,🟢 Promising Mid-Tier,0.9997,3.04,393.18,7903.19,Gold
17672,50,2,3178.17,3,3,5,335,Loyal Customers,3,🟢 Promising Mid-Tier,0.9984,1.28,1589.08,13509.65,Platinum
17673,2,6,1629.12,5,5,4,554,Champions,2,🏆 High Value Active,0.9999,4.79,271.52,8589.67,Gold
17674,74,2,551.04,2,3,3,233,At Risk,0,❄️  Inactive / Lost,0.9982,1.28,275.52,2426.95,Silver
17675,1,31,20374.28,5,5,5,555,Champions,2,🏆 High Value Active,1.0,26.69,657.23,114820.55,Platinum
17676,4,6,1387.68,5,5,4,554,Champions,2,🏆 High Value Active,0.9999,4.79,231.28,7327.96,Gold
17677,2,30,16363.23,5,5,5,555,Champions,2,🏆 High Value Active,1.0,25.81,545.44,92176.65,Platinum
17678,264,1,298.11,1,2,2,122,Hibernating,0,❄️  Inactive / Lost,1.0,0.41,298.11,122.11,Bronze
17679,53,2,1992.11,3,3,4,334,Loyal Customers,3,🟢 Promising Mid-Tier,0.9984,1.28,996.06,8506.2,Gold
17680,24,1,184.4,4,2,1,421,New Customers,1,🟢 Promising Mid-Tier,1.0,0.41,184.4,75.54,Bronze
17682,10,6,2474.33,5,5,5,555,Champions,2,🏆 High Value Active,0.9999,4.79,412.39,13006.26,Platinum
17684,44,1,239.41,3,2,1,321,Potential Loyalists,0,❄️  Inactive / Lost,1.0,0.41,239.41,98.07,Bronze
17685,17,7,3191.53,4,5,5,455,Champions,2,🏆 High Value Active,0.9999,5.66,455.93,16982.36,Platinum
17686,7,7,5739.46,5,5,5,555,Champions,2,🏆 High Value Active,0.9999,5.66,819.92,30480.55,Platinum
17690,30,15,4757.95,4,5,5,455,Champions,2,🏆 High Value Active,0.9999,12.67,317.2,26371.99,Platinum
17691,358,2,290.4,1,3,2,132,Need Attention,0,❄️  Inactive / Lost,0.977,1.26,145.2,1299.33,Silver
17692,127,4,725.58,2,4,3,243,At Risk,3,🟢 Promising Mid-Tier,0.9992,3.04,181.4,3687.67,Gold
17693,137,1,200.47,2,2,1,221,Hibernating,0,❄️  Inactive / Lost,1.0,0.41,200.47,82.12,Bronze
17694,142,1,283.12,2,2,2,222,Hibernating,0,❄️  Inactive / Lost,1.0,0.41,283.12,115.97,Bronze
17695,132,2,765.34,2,3,3,233,At Risk,0,❄️  Inactive / Lost,0.9977,1.28,382.67,3328.96,Gold
17696,38,8,2285.71,3,5,5,355,Loyal Customers,3,🟢 Promising Mid-Tier,0.9998,6.54,285.71,12305.66,Platinum
17697,236,1,338.95,1,2,2,122,Hibernating,0,❄️  Inactive / Lost,1.0,0.41,338.95,138.84,Bronze
17698,261,1,154.95,1,2,1,121,Hibernating,0,❄️  Inactive / Lost,1.0,0.41,154.95,63.47,Bronze
17700,17,4,2534.64,4,4,5,445,Champions,3,🟢 Promising Mid-Tier,0.9997,3.04,633.66,12687.61,Platinum
17701,253,1,417.95,1,2,2,122,Hibernating,0,❄️  Inactive / Lost,1.0,0.41,417.95,171.2,Bronze
17702,30,4,1824.37,4,4,4,444,Champions,3,🟢 Promising Mid-Tier,0.9997,3.04,456.09,9154.57,Gold
17703,35,3,798.74,3,4,3,343,Loyal Customers,3,🟢 Promising Mid-Tier,0.9995,2.16,266.25,3858.02,Gold
17704,169,2,885.19,2,3,3,233,At Risk,0,❄️  Inactive / Lost,0.9972,1.28,442.6,3832.16,Gold
17705,3,9,1823.52,5,5,4,554,Champions,2,🏆 High Value Active,0.9999,7.42,202.61,9909.26,Gold
17706,4,17,10504.49,5,5,5,555,Champions,2,🏆 High Value Active,1.0,14.42,617.91,58389.61,Platinum
17707,185,2,152.4,1,3,1,131,Need Attention,0,❄️  Inactive / Lost,0.9969,1.28,76.2,744.58,Silver
17708,188,2,267.08,1,3,2,132,Need Attention,0,❄️  Inactive / Lost,0.9968,1.28,133.54,1227.53,Silver
17709,170,1,137.45,2,2,1,221,Hibernating,0,❄️  Inactive / Lost,1.0,0.41,137.45,56.3,Bronze
17711,11,2,385.1,5,3,2,532,Need Attention,1,🟢 Promising Mid-Tier,0.9986,1.28,192.55,1727.73,Silver
17712,45,1,522.91,3,2,3,323,Potential Loyalists,1,🟢 Promising Mid-Tier,1.0,0.41,522.91,214.2,Bronze
17714,321,1,153.0,1,2,1,121,Hibernating,0,❄️  Inactive / Lost,1.0,0.41,153.0,62.67,Bronze
17715,201,1,326.4,1,2,2,122,Hibernating,0,❄️  Inactive / Lost,1.0,0.41,326.4,133.7,Bronze
17716,23,11,5655.99,4,5,5,455,Champions,2,🏆 High Value Active,0.9999,9.17,514.18,30923.3,Platinum
17718,232,1,139.35,1,2,1,121,Hibernating,0,❄️  Inactive / Lost,1.0,0.41,139.35,57.08,Bronze
17719,38,15,5396.04,3,5,5,355,Loyal Customers,2,🏆 High Value Active,0.9998,12.67,359.74,29897.75,Platinum
17720,26,4,1195.94,4,4,4,444,Champions,3,🟢 Promising Mid-Tier,0.9997,3.04,298.98,6029.06,Gold
17722,96,4,2424.04,2,4,5,245,At Risk,3,🟢 Promising Mid-Tier,0.9994,3.04,606.01,12133.74,Platinum
17723,127,6,3276.4,2,5,5,255,At Risk,3,🟢 Promising Mid-Tier,0.9991,4.79,546.07,17183.93,Platinum
17724,71,3,1033.0,3,4,4,344,Loyal Customers,3,🟢 Promising Mid-Tier,0.9994,2.16,344.33,4963.53,Gold
17725,16,11,3439.08,4,5,5,455,Champions,2,🏆 High Value Active,0.9999,9.17,312.64,18831.68,Platinum
17727,15,1,1060.25,4,2,4,424,New Customers,1,🟢 Promising Mid-Tier,1.0,0.41,1060.25,434.31,Bronze
17728,4,3,2876.01,5,4,5,545,Champions,2,🏆 High Value Active,0.9996,2.16,958.67,13668.17,Platinum
17730,3,13,5298.48,5,5,5,555,Champions,2,🏆 High Value Active,0.9999,10.92,407.58,29198.12,Platinum
17731,79,4,1240.11,2,4,4,244,At Risk,3,🟢 Promising Mid-Tier,0.9995,3.04,310.03,6247.54,Gold
17732,373,1,303.97,1,2,2,122,Hibernating,0,❄️  Inactive / Lost,1.0,0.41,303.97,124.51,Bronze
17733,39,2,692.19,3,3,3,333,Loyal Customers,1,🟢 Promising Mid-Tier,0.9985,1.28,346.1,3022.98,Gold
17734,54,3,700.63,3,4,3,343,Loyal Customers,3,🟢 Promising Mid-Tier,0.9994,2.16,233.54,3394.52,Gold
17735,2,19,13110.02,5,5,5,555,Champions,2,🏆 High Value Active,1.0,16.18,690.0,73100.27,Platinum
17736,9,3,377.44,5,4,2,542,Need Attention,1,🟢 Promising Mid-Tier,0.9996,2.16,125.81,1868.77,Silver
17737,9,2,168.24,5,3,1,531,Need Attention,1,🟢 Promising Mid-Tier,0.9986,1.28,84.12,812.73,Silver
17738,19,4,1879.05,4,4,4,444,Champions,3,🟢 Promising Mid-Tier,0.9997,3.04,469.76,9426.8,Gold
17739,12,7,2791.35,5,5,5,555,Champions,2,🏆 High Value Active,0.9999,5.66,398.76,14862.58,Platinum
17742,113,2,355.11,2,3,2,232,Need Attention,0,❄️  Inactive / Lost,0.9979,1.28,177.56,1600.02,Silver
17744,4,6,2322.4,5,5,5,555,Champions,2,🏆 High Value Active,0.9999,4.79,387.07,12212.48,Platinum
17746,240,1,110.25,1,2,1,121,Hibernating,0,❄️  Inactive / Lost,1.0,0.41,110.25,45.16,Bronze
17747,113,1,71.4,2,2,1,221,Hibernating,0,❄️  Inactive / Lost,1.0,0.41,71.4,29.25,Bronze
17749,178,2,674.52,2,3,3,233,At Risk,0,❄️  Inactive / Lost,0.997,1.28,337.26,2944.11,Silver
17750,5,9,1781.28,5,5,4,554,Champions,2,🏆 High Value Active,0.9999,7.42,197.92,9681.41,Gold
17752,359,1,80.64,1,2,1,121,Hibernating,0,❄️  Inactive / Lost,1.0,0.41,80.64,33.03,Bronze
17754,1,5,1772.26,5,4,4,544,Champions,2,🏆 High Value Active,0.9998,3.91,354.45,9160.85,Gold
17757,1,30,5601.34,5,5,5,555,Champions,2,🏆 High Value Active,1.0,25.81,186.71,31599.96,Platinum
17758,19,8,3456.7,4,5,5,455,Champions,2,🏆 High Value Active,0.9999,6.54,432.09,18572.8,Platinum
17759,17,3,833.74,4,4,3,443,Loyal Customers,1,🟢 Promising Mid-Tier,0.9996,2.16,277.91,4023.51,Gold
17760,22,2,287.59,4,3,2,432,Need Attention,1,🟢 Promising Mid-Tier,0.9986,1.28,143.79,1316.23,Silver
17761,33,1,712.78,4,2,3,423,New Customers,1,🟢 Promising Mid-Tier,1.0,0.41,712.78,291.97,Bronze
17763,263,1,15.0,1,2,1,121,Hibernating,0,❄️  Inactive / Lost,1.0,0.41,15.0,6.14,Bronze
17764,51,2,818.82,3,3,3,333,Loyal Customers,3,🟢 Promising Mid-Tier,0.9984,1.28,409.41,3556.93,Gold
17765,159,3,371.88,2,4,2,242,Need Attention,0,❄️  Inactive / Lost,0.9987,2.16,123.96,1840.88,Silver
17767,15,1,271.2,4,2,2,422,New Customers,1,🟢 Promising Mid-Tier,1.0,0.41,271.2,111.09,Bronze
17768,8,3,2273.18,5,4,5,545,Champions,3,🟢 Promising Mid-Tier,0.9996,2.16,757.73,10821.23,Platinum
17769,13,10,3997.98,5,5,5,555,Champions,2,🏆 High Value Active,0.9999,8.29,399.8,21770.83,Platinum
17770,199,5,1143.27,1,4,4,144,At Risk,3,🟢 Promising Mid-Tier,0.997,3.9,228.65,5920.4,Gold
17771,57,2,245.33,3,3,1,331,Potential Loyalists,0,❄️  Inactive / Lost,0.9984,1.28,122.66,1137.69,Silver
17772,11,2,182.77,5,3,1,531,Need Attention,1,🟢 Promising Mid-Tier,0.9986,1.28,91.38,874.03,Silver
17774,97,4,1225.41,2,4,4,244,At Risk,3,🟢 Promising Mid-Tier,0.9994,3.04,306.35,6173.82,Gold
17775,255,1,56.4,1,2,1,121,Hibernating,0,❄️  Inactive / Lost,1.0,0.41,56.4,23.1,Bronze
17777,25,3,665.86,4,4,3,443,Loyal Customers,1,🟢 Promising Mid-Tier,0.9995,2.16,221.95,3230.66,Gold
17779,21,3,658.57,4,4,3,443,Loyal Customers,1,🟢 Promising Mid-Tier,0.9995,2.16,219.52,3196.27,Gold
17781,159,2,188.02,2,3,1,231,Need Attention,0,❄️  Inactive / Lost,0.9973,1.28,94.01,895.02,Silver
17783,72,2,283.47,3,3,2,332,Potential Loyalists,0,❄️  Inactive / Lost,0.9983,1.28,141.74,1298.43,Silver
17785,53,1,131.94,3,2,1,321,Potential Loyalists,0,❄️  Inactive / Lost,1.0,0.41,131.94,54.05,Bronze
17786,85,2,278.74,2,3,2,232,Need Attention,0,❄️  Inactive / Lost,0.9982,1.28,139.37,1278.35,Silver
17787,153,4,1865.19,2,4,4,244,At Risk,3,🟢 Promising Mid-Tier,0.9989,3.03,466.3,9349.72,Gold
17788,74,2,1112.95,2,3,4,234,At Risk,3,🟢 Promising Mid-Tier,0.9982,1.28,556.48,4796.92,Gold
17789,281,1,225.9,1,2,1,121,Hibernating,0,❄️  Inactive / Lost,1.0,0.41,225.9,92.53,Bronze
17790,27,14,1965.55,4,5,4,454,Champions,2,🏆 High Value Active,0.9999,11.8,140.4,10908.91,Platinum
17791,30,1,106.1,4,2,1,421,New Customers,1,🟢 Promising Mid-Tier,1.0,0.41,106.1,43.46,Bronze
17793,25,1,323.04,4,2,2,422,New Customers,1,🟢 Promising Mid-Tier,1.0,0.41,323.04,132.33,Bronze
17795,180,2,350.39,1,3,2,132,Need Attention,0,❄️  Inactive / Lost,0.997,1.28,175.2,1578.65,Silver
17796,40,4,697.9,3,4,3,343,Loyal Customers,3,🟢 Promising Mid-Tier,0.9997,3.04,174.48,3551.83,Gold
17797,22,3,780.43,4,4,3,443,Loyal Customers,1,🟢 Promising Mid-Tier,0.9995,2.16,260.14,3771.71,Gold
17799,22,10,3055.93,4,5,5,455,Champions,2,🏆 High Value Active,0.9999,8.29,305.59,16657.9,Platinum
17800,37,9,1198.01,3,5,4,354,Loyal Customers,3,🟢 Promising Mid-Tier,0.9998,7.42,133.11,6534.96,Gold
17802,82,3,1285.04,2,4,4,244,At Risk,3,🟢 Promising Mid-Tier,0.9993,2.16,428.35,6153.19,Gold
17805,74,1,512.31,2,2,3,223,Need Attention,0,❄️  Inactive / Lost,1.0,0.41,512.31,209.86,Bronze
17806,11,1,546.04,5,2,3,523,New Customers,1,🟢 Promising Mid-Tier,1.0,0.41,546.04,223.67,Bronze
17809,16,12,5411.91,4,5,5,455,Champions,2,🏆 High Value Active,0.9999,10.04,450.99,29716.2,Platinum
17811,4,39,7831.03,5,5,5,555,Champions,2,🏆 High Value Active,1.0,33.7,200.8,44332.24,Platinum
17812,13,4,732.16,5,4,3,543,Loyal Customers,1,🟢 Promising Mid-Tier,0.9997,3.04,183.04,3722.48,Gold
17813,14,5,1770.88,4,4,4,444,Champions,3,🟢 Promising Mid-Tier,0.9998,3.91,354.18,9153.55,Gold
17816,37,4,36.56,3,4,1,341,Potential Loyalists,1,🟢 Promising Mid-Tier,0.9997,3.04,9.14,262.66,Bronze
17817,4,3,387.68,5,4,2,542,Need Attention,1,🟢 Promising Mid-Tier,0.9996,2.16,129.23,1917.15,Silver
17819,72,7,3704.87,3,5,5,355,Loyal Customers,3,🟢 Promising Mid-Tier,0.9996,5.66,529.27,19697.42,Platinum
17824,51,1,298.4,3,2,2,322,Potential Loyalists,0,❄️  Inactive / Lost,1.0,0.41,298.4,122.23,Bronze
17827,5,5,1995.46,5,4,4,544,Champions,2,🏆 High Value Active,0.9998,3.91,399.09,10304.67,Platinum
17828,23,4,1165.09,4,4,4,444,Champions,3,🟢 Promising Mid-Tier,0.9997,3.04,291.27,5875.67,Gold
17829,299,1,889.24,1,2,3,123,Need Attention,0,❄️  Inactive / Lost,1.0,0.41,889.24,364.26,Bronze
17830,2,3,398.7,5,4,2,542,Need Attention,1,🟢 Promising Mid-Tier,0.9996,2.16,132.9,1969.2,Silver
17831,33,1,35.4,4,2,1,421,New Customers,0,❄️  Inactive / Lost,1.0,0.41,35.4,14.5,Bronze
17832,50,1,155.37,3,2,1,321,Potential Loyalists,0,❄️  Inactive / Lost,1.0,0.41,155.37,63.64,Bronze
17835,3,3,350.64,5,4,2,542,Need Attention,1,🟢 Promising Mid-Tier,0.9996,2.16,116.88,1742.23,Silver
17836,47,1,109.83,3,2,1,321,Potential Loyalists,0,❄️  Inactive / Lost,1.0,0.41,109.83,44.99,Bronze
17837,42,8,1587.48,3,5,4,354,Loyal Customers,3,🟢 Promising Mid-Tier,0.9998,6.54,198.44,8569.22,Gold
17838,27,5,2779.3,4,4,5,445,Champions,3,🟢 Promising Mid-Tier,0.9998,3.91,555.86,14321.09,Platinum
17839,42,1,338.8,3,2,2,322,Potential Loyalists,1,🟢 Promising Mid-Tier,1.0,0.41,338.8,138.78,Bronze
17841,2,124,40967.72,5,5,5,555,Champions,2,🏆 High Value Active,1.0,108.16,330.38,233801.94,Platinum
17843,303,1,197.73,1,2,1,121,Hibernating,0,❄️  Inactive / Lost,1.0,0.41,197.73,81.0,Bronze
17844,107,1,51.56,2,2,1,221,Hibernating,0,❄️  Inactive / Lost,1.0,0.41,51.56,21.12,Bronze
17848,81,9,901.2,2,5,3,253,At Risk,3,🟢 Promising Mid-Tier,0.9995,7.41,100.13,4932.7,Gold
17849,218,4,605.8,1,4,3,143,At Risk,3,🟢 Promising Mid-Tier,0.9969,3.03,151.45,3085.35,Gold
17850,372,34,5391.21,1,5,5,155,At Risk,2,🏆 High Value Active,0.0,0.0,158.56,0.0,Bronze
17852,12,2,114.34,5,3,1,531,Need Attention,1,🟢 Promising Mid-Tier,0.9986,1.28,57.17,585.3,Silver
17854,185,2,311.26,1,3,2,132,Need Attention,0,❄️  Inactive / Lost,0.9969,1.28,155.63,1413.69,Silver
17855,373,1,208.97,1,2,1,121,Hibernating,0,❄️  Inactive / Lost,1.0,0.41,208.97,85.6,Bronze
17856,2,4,1418.03,5,4,4,544,Champions,2,🏆 High Value Active,0.9998,3.04,354.51,7134.06,Gold
17857,4,22,25301.54,5,5,5,555,Champions,2,🏆 High Value Active,1.0,18.8,1150.07,141560.97,Platinum
17858,6,12,5155.66,5,5,5,555,Champions,2,🏆 High Value Active,0.9999,10.04,429.64,28313.2,Platinum
17859,305,1,148.21,1,2,1,121,Hibernating,0,❄️  Inactive / Lost,1.0,0.41,148.21,60.71,Bronze
17860,369,1,252.8,1,2,2,122,Hibernating,0,❄️  Inactive / Lost,1.0,0.41,252.8,103.55,Bronze
17861,3,8,2100.8,5,5,5,555,Champions,2,🏆 High Value Active,0.9999,6.54,262.6,11317.17,Platinum
17862,324,1,330.9,1,2,2,122,Hibernating,0,❄️  Inactive / Lost,1.0,0.41,330.9,135.55,Bronze
17863,59,6,3160.0,3,5,5,355,Loyal Customers,3,🟢 Promising Mid-Tier,0.9997,4.79,526.67,16586.81,Platinum
17864,13,3,597.5,5,4,3,543,Loyal Customers,1,🟢 Promising Mid-Tier,0.9996,2.16,199.17,2907.95,Silver
17865,31,20,10524.22,4,5,5,455,Champions,2,🏆 High Value Active,0.9999,17.05,526.21,58773.71,Platinum
17866,143,1,329.65,2,2,2,222,Hibernating,0,❄️  Inactive / Lost,1.0,0.41,329.65,135.03,Bronze
17867,30,6,1197.1,4,5,4,454,Champions,3,🟢 Promising Mid-Tier,0.9998,4.79,199.52,6331.69,Gold
17869,107,5,428.18,2,4,2,242,Need Attention,3,🟢 Promising Mid-Tier,0.9994,3.91,85.64,2271.45,Silver
17870,2,12,1894.35,5,5,4,554,Champions,2,🏆 High Value Active,0.9999,10.04,157.86,10449.3,Platinum
17871,205,1,155.9,1,2,1,121,Hibernating,0,❄️  Inactive / Lost,1.0,0.41,155.9,63.86,Bronze
17873,80,5,1729.78,2,4,4,244,At Risk,3,🟢 Promising Mid-Tier,0.9996,3.91,345.96,8940.8,Gold
17874,185,6,683.46,1,5,3,153,At Risk,3,🟢 Promising Mid-Tier,0.9968,4.77,113.91,3636.86,Gold
17877,170,1,237.61,2,2,1,221,Hibernating,0,❄️  Inactive / Lost,1.0,0.41,237.61,97.33,Bronze
17878,44,1,379.45,3,2,2,322,Potential Loyalists,1,🟢 Promising Mid-Tier,1.0,0.41,379.45,155.43,Bronze
17879,174,1,178.52,2,2,1,221,Hibernating,0,❄️  Inactive / Lost,1.0,0.41,178.52,73.13,Bronze
17880,365,1,458.92,1,2,2,122,Hibernating,0,❄️  Inactive / Lost,1.0,0.41,458.92,187.99,Bronze
17881,304,1,133.35,1,2,1,121,Hibernating,0,❄️  Inactive / Lost,1.0,0.41,133.35,54.62,Bronze
17883,3,4,671.77,5,4,3,543,Loyal Customers,1,🟢 Promising Mid-Tier,0.9998,3.04,167.94,3422.19,Gold
17884,4,4,717.45,5,4,3,543,Loyal Customers,1,🟢 Promising Mid-Tier,0.9998,3.04,179.36,3649.39,Gold
17885,12,1,190.19,5,2,1,521,New Customers,1,🟢 Promising Mid-Tier,1.0,0.41,190.19,77.91,Bronze
17886,32,3,899.61,4,4,3,443,Loyal Customers,3,🟢 Promising Mid-Tier,0.9995,2.16,299.87,4334.38,Gold
17887,129,1,111.35,2,2,1,221,Hibernating,0,❄️  Inactive / Lost,1.0,0.41,111.35,45.61,Bronze
17888,21,8,726.05,4,5,3,453,Loyal Customers,3,🟢 Promising Mid-Tier,0.9999,6.54,90.76,3959.93,Gold
17889,212,2,203.87,1,3,1,131,Need Attention,0,❄️  Inactive / Lost,0.9963,1.28,101.94,960.77,Silver
17890,323,2,602.09,1,3,3,133,At Risk,0,❄️  Inactive / Lost,0.9883,1.27,301.04,2615.89,Silver
17891,162,1,203.86,2,2,1,221,Hibernating,0,❄️  Inactive / Lost,1.0,0.41,203.86,83.51,Bronze
17892,56,3,244.1,3,4,1,341,Potential Loyalists,0,❄️  Inactive / Lost,0.9994,2.16,81.37,1238.9,Silver
17893,225,1,112.25,1,2,1,121,Hibernating,0,❄️  Inactive / Lost,1.0,0.41,112.25,45.98,Bronze
17894,72,8,1119.39,3,5,4,354,Loyal Customers,3,🟢 Promising Mid-Tier,0.9996,6.54,139.92,6063.42,Gold
17895,44,1,98.0,3,2,1,321,Potential Loyalists,0,❄️  Inactive / Lost,1.0,0.41,98.0,40.14,Bronze
17896,23,1,256.32,4,2,2,422,New Customers,1,🟢 Promising Mid-Tier,1.0,0.41,256.32,105.0,Bronze
17897,173,3,566.6,2,4,3,243,At Risk,0,❄️  Inactive / Lost,0.9985,2.16,188.87,2759.08,Silver
17898,85,2,152.06,2,3,1,231,Need Attention,0,❄️  Inactive / Lost,0.9982,1.28,76.03,744.1,Silver
17899,159,1,155.8,2,2,1,221,Hibernating,0,❄️  Inactive / Lost,1.0,0.41,155.8,63.82,Bronze
17900,190,2,112.2,1,3,1,131,Need Attention,0,❄️  Inactive / Lost,0.9968,1.28,56.1,575.2,Silver
17901,29,1,110.38,4,2,1,421,New Customers,1,🟢 Promising Mid-Tier,1.0,0.41,110.38,45.21,Bronze
17904,21,1,191.67,4,2,1,421,New Customers,1,🟢 Promising Mid-Tier,1.0,0.41,191.67,78.51,Bronze
17905,71,4,800.24,3,4,3,343,Loyal Customers,3,🟢 Promising Mid-Tier,0.9996,3.04,200.06,4060.34,Gold
17906,247,1,72.9,1,2,1,121,Hibernating,0,❄️  Inactive / Lost,1.0,0.41,72.9,29.86,Bronze
17908,374,1,243.28,1,2,1,121,Hibernating,0,❄️  Inactive / Lost,1.0,0.41,243.28,99.65,Bronze
17911,9,1,366.23,5,2,2,522,New Customers,1,🟢 Promising Mid-Tier,1.0,0.41,366.23,150.02,Bronze
17912,310,5,311.01,1,4,2,142,Need Attention,0,❄️  Inactive / Lost,0.9317,3.65,62.2,1558.03,Silver
17913,59,2,411.6,3,3,2,332,Potential Loyalists,0,❄️  Inactive / Lost,0.9983,1.28,205.8,1839.03,Silver
17914,4,1,336.43,5,2,2,522,New Customers,1,🟢 Promising Mid-Tier,1.0,0.41,336.43,137.81,Bronze
17917,45,3,341.28,3,4,2,342,Potential Loyalists,1,🟢 Promising Mid-Tier,0.9995,2.16,113.76,1697.82,Silver
17919,88,1,1304.04,2,2,4,224,Can't Lose Them,3,🟢 Promising Mid-Tier,1.0,0.41,1304.04,534.17,Silver
17920,4,17,4192.2,5,5,5,555,Champions,2,🏆 High Value Active,1.0,14.42,246.6,23345.71,Platinum
17921,64,4,826.52,3,4,3,343,Loyal Customers,3,🟢 Promising Mid-Tier,0.9996,3.04,206.63,4191.16,Gold
17923,282,1,207.5,1,2,1,121,Hibernating,0,❄️  Inactive / Lost,1.0,0.41,207.5,85.0,Bronze
17924,12,7,2962.5,5,5,5,555,Champions,2,🏆 High Value Active,0.9999,5.66,423.21,15769.25,Platinum
17925,373,1,244.08,1,2,1,121,Hibernating,0,❄️  Inactive / Lost,1.0,0.41,244.08,99.98,Bronze
17926,133,2,397.29,2,3,2,232,Need Attention,0,❄️  Inactive / Lost,0.9977,1.28,198.64,1777.47,Silver
17928,45,2,184.46,3,3,1,331,Potential Loyalists,1,🟢 Promising Mid-Tier,0.9984,1.28,92.23,880.99,Silver
17929,11,4,843.0,5,4,3,543,Loyal Customers,1,🟢 Promising Mid-Tier,0.9997,3.04,210.75,4273.8,Gold
17930,36,5,1740.48,3,4,4,344,Loyal Customers,3,🟢 Promising Mid-Tier,0.9998,3.91,348.1,8997.26,Gold
17931,134,2,408.36,2,3,2,232,Need Attention,0,❄️  Inactive / Lost,0.9977,1.28,204.18,1824.11,Silver
17932,29,3,1331.57,4,4,4,444,Champions,3,🟢 Promising Mid-Tier,0.9995,2.16,443.86,6374.19,Gold
17934,52,2,704.25,3,3,3,333,Loyal Customers,3,🟢 Promising Mid-Tier,0.9984,1.28,352.12,3073.61,Gold
17935,138,2,142.89,2,3,1,231,Need Attention,0,❄️  Inactive / Lost,0.9976,1.28,71.44,705.05,Silver
17936,5,1,389.84,5,2,2,522,New Customers,1,🟢 Promising Mid-Tier,1.0,0.41,389.84,159.69,Bronze
17937,9,7,4301.22,5,5,5,555,Champions,2,🏆 High Value Active,0.9999,5.66,614.46,22861.28,Platinum
17939,160,1,99.14,2,2,1,221,Hibernating,0,❄️  Inactive / Lost,1.0,0.41,99.14,40.61,Bronze
17940,49,9,2238.58,3,5,5,355,Loyal Customers,3,🟢 Promising Mid-Tier,0.9998,7.42,248.73,12146.23,Platinum
17941,131,1,304.56,2,2,2,222,Hibernating,0,❄️  Inactive / Lost,1.0,0.41,304.56,124.76,Bronze
17942,8,1,77.5,5,2,1,521,New Customers,1,🟢 Promising Mid-Tier,1.0,0.41,77.5,31.75,Bronze
17946,233,2,149.58,1,3,1,131,Need Attention,0,❄️  Inactive / Lost,0.9956,1.28,74.79,731.77,Silver
17947,37,1,176.68,3,2,1,321,Potential Loyalists,1,🟢 Promising Mid-Tier,1.0,0.41,176.68,72.37,Bronze
17948,147,1,358.56,2,2,2,222,Hibernating,0,❄️  Inactive / Lost,1.0,0.41,358.56,146.88,Bronze
17949,1,44,58030.48,5,5,5,555,Champions,2,🏆 High Value Active,1.0,38.08,1318.87,328576.3,Platinum
17950,72,3,482.2,3,4,2,342,Potential Loyalists,3,🟢 Promising Mid-Tier,0.9994,2.16,160.73,2362.97,Silver
17951,40,3,1008.54,3,4,4,344,Loyal Customers,3,🟢 Promising Mid-Tier,0.9995,2.16,336.18,4848.63,Gold
17954,5,12,2332.72,5,5,5,555,Champions,2,🏆 High Value Active,0.9999,10.04,194.39,12850.44,Platinum
17955,199,4,557.3,1,4,3,143,At Risk,3,🟢 Promising Mid-Tier,0.9978,3.03,139.32,2847.16,Silver
17956,249,1,12.75,1,2,1,121,Hibernating,0,❄️  Inactive / Lost,1.0,0.41,12.75,5.22,Bronze
17957,66,1,110.72,3,2,1,321,Potential Loyalists,0,❄️  Inactive / Lost,1.0,0.41,110.72,45.35,Bronze
17958,117,1,508.46,2,2,3,223,Need Attention,0,❄️  Inactive / Lost,1.0,0.41,508.46,208.28,Bronze
17960,171,1,73.78,2,2,1,221,Hibernating,0,❄️  Inactive / Lost,1.0,0.41,73.78,30.22,Bronze
17961,21,39,1296.44,4,5,4,454,Champions,2,🏆 High Value Active,0.9999,33.69,33.24,7397.62,Gold
17962,142,1,102.83,2,2,1,221,Hibernating,0,❄️  Inactive / Lost,1.0,0.41,102.83,42.12,Bronze
17964,32,2,471.7,4,3,2,432,Need Attention,1,🟢 Promising Mid-Tier,0.9985,1.28,235.85,2092.89,Silver
17965,38,14,2622.57,3,5,5,355,Loyal Customers,2,🏆 High Value Active,0.9998,11.8,187.33,14530.44,Platinum
17966,38,5,1098.43,3,4,4,344,Loyal Customers,3,🟢 Promising Mid-Tier,0.9997,3.91,219.69,5707.01,Gold
17967,372,1,123.07,1,2,1,121,Hibernating,0,❄️  Inactive / Lost,1.0,0.41,123.07,50.41,Bronze
17968,374,1,277.35,1,2,2,122,Hibernating,0,❄️  Inactive / Lost,1.0,0.41,277.35,113.61,Bronze
17969,166,2,228.2,2,3,1,231,Need Attention,0,❄️  Inactive / Lost,0.9972,1.28,114.1,1064.21,Silver
17970,211,1,582.59,1,2,3,123,Need Attention,0,❄️  Inactive / Lost,1.0,0.41,582.59,238.65,Bronze
17972,242,1,136.04,1,2,1,121,Hibernating,0,❄️  Inactive / Lost,1.0,0.41,136.04,55.73,Bronze
17973,52,1,337.04,3,2,2,322,Potential Loyalists,0,❄️  Inactive / Lost,1.0,0.41,337.04,138.06,Bronze
17974,25,3,740.79,4,4,3,443,Loyal Customers,1,🟢 Promising Mid-Tier,0.9995,2.16,246.93,3584.49,Gold
17975,15,13,4485.51,4,5,5,455,Champions,2,🏆 High Value Active,0.9999,10.92,345.04,24728.66,Platinum
17976,372,1,353.19,1,2,2,122,Hibernating,0,❄️  Inactive / Lost,1.0,0.41,353.19,144.68,Bronze
17977,29,1,288.14,4,2,2,422,New Customers,1,🟢 Promising Mid-Tier,1.0,0.41,288.14,118.03,Bronze
17978,365,1,300.92,1,2,2,122,Hibernating,0,❄️  Inactive / Lost,1.0,0.41,300.92,123.27,Bronze
17979,36,4,754.31,3,4,3,343,Loyal Customers,3,🟢 Promising Mid-Tier,0.9997,3.04,188.58,3832.43,Gold
17980,166,3,811.45,2,4,3,243,At Risk,3,🟢 Promising Mid-Tier,0.9986,2.16,270.48,3914.51,Gold
17984,145,1,152.68,2,2,1,221,Hibernating,0,❄️  Inactive / Lost,1.0,0.41,152.68,62.54,Bronze
17985,22,1,634.95,4,2,3,423,New Customers,1,🟢 Promising Mid-Tier,1.0,0.41,634.95,260.09,Bronze
17986,56,1,20.8,3,2,1,321,Potential Loyalists,0,❄️  Inactive / Lost,1.0,0.41,20.8,8.52,Bronze
17987,185,1,198.57,1,2,1,121,Hibernating,0,❄️  Inactive / Lost,1.0,0.41,198.57,81.34,Bronze
17988,12,7,201.12,5,5,1,551,Need Attention,1,🟢 Promising Mid-Tier,0.9999,5.66,28.73,1140.77,Silver
17990,237,3,630.84,1,4,3,143,At Risk,0,❄️  Inactive / Lost,0.9968,2.15,210.28,3056.99,Gold
17991,225,2,93.35,1,3,1,131,Need Attention,0,❄️  Inactive / Lost,0.9959,1.28,46.68,495.37,Bronze
17994,122,4,678.49,2,4,3,243,At Risk,3,🟢 Promising Mid-Tier,0.9992,3.04,169.62,3453.75,Gold
17995,282,1,76.1,1,2,1,121,Hibernating,0,❄️  Inactive / Lost,1.0,0.41,76.1,31.17,Bronze
17997,74,8,1970.67,2,5,4,254,At Risk,3,🟢 Promising Mid-Tier,0.9996,6.54,246.33,10617.71,Platinum
17999,37,2,382.06,3,3,2,332,Potential Loyalists,1,🟢 Promising Mid-Tier,0.9985,1.28,191.03,1714.66,Silver
18001,12,2,417.23,5,3,2,532,Need Attention,1,🟢 Promising Mid-Tier,0.9986,1.28,208.62,1863.29,Silver
18004,362,1,169.47,1,2,1,121,Hibernating,0,❄️  Inactive / Lost,1.0,0.41,169.47,69.42,Bronze
18005,4,2,249.72,5,3,2,532,Need Attention,1,🟢 Promising Mid-Tier,0.9987,1.28,124.86,1156.55,Silver
18006,23,1,444.68,4,2,2,422,New Customers,1,🟢 Promising Mid-Tier,1.0,0.41,444.68,182.15,Bronze
18008,70,9,2116.19,3,5,5,355,Loyal Customers,3,🟢 Promising Mid-Tier,0.9996,7.41,235.13,11484.56,Platinum
18009,235,1,257.34,1,2,2,122,Hibernating,0,❄️  Inactive / Lost,1.0,0.41,257.34,105.41,Bronze
18010,257,1,174.8,1,2,1,121,Hibernating,0,❄️  Inactive / Lost,1.0,0.41,174.8,71.6,Bronze
18011,373,1,102.79,1,2,1,121,Hibernating,0,❄️  Inactive / Lost,1.0,0.41,102.79,42.11,Bronze
18013,155,2,187.29,2,3,1,231,Need Attention,0,❄️  Inactive / Lost,0.9974,1.28,93.64,891.99,Silver
18014,28,1,158.47,4,2,1,421,New Customers,1,🟢 Promising Mid-Tier,1.0,0.41,158.47,64.91,Bronze
18015,4,1,120.03,5,2,1,521,New Customers,1,🟢 Promising Mid-Tier,1.0,0.41,120.03,49.17,Bronze
18016,32,5,1483.56,4,4,4,444,Champions,3,🟢 Promising Mid-Tier,0.9998,3.91,296.71,7680.74,Gold
18017,81,3,523.0,2,4,3,243,At Risk,3,🟢 Promising Mid-Tier,0.9993,2.16,174.33,2555.5,Silver
18018,108,2,122.14,2,3,1,231,Need Attention,0,❄️  Inactive / Lost,0.9979,1.28,61.07,617.79,Silver
18019,52,1,38.45,3,2,1,321,Potential Loyalists,0,❄️  Inactive / Lost,1.0,0.41,38.45,15.75,Bronze
18022,36,1,668.11,3,2,3,323,Potential Loyalists,1,🟢 Promising Mid-Tier,1.0,0.41,668.11,273.68,Bronze
18024,153,2,389.78,2,3,2,232,Need Attention,0,❄️  Inactive / Lost,0.9974,1.28,194.89,1745.36,Silver
18027,99,1,115.31,2,2,1,221,Hibernating,0,❄️  Inactive / Lost,1.0,0.41,115.31,47.23,Bronze
18030,4,2,230.65,5,3,1,531,Need Attention,1,🟢 Promising Mid-Tier,0.9987,1.28,115.32,1076.09,Silver
18032,334,1,73.5,1,2,1,121,Hibernating,0,❄️  Inactive / Lost,1.0,0.41,73.5,30.11,Bronze
18033,65,1,97.97,3,2,1,321,Potential Loyalists,0,❄️  Inactive / Lost,1.0,0.41,97.97,40.13,Bronze
18034,22,2,422.88,4,3,2,432,Need Attention,1,🟢 Promising Mid-Tier,0.9986,1.28,211.44,1887.03,Silver
18035,36,3,730.4,3,4,3,343,Loyal Customers,3,🟢 Promising Mid-Tier,0.9995,2.16,243.47,3535.31,Gold
18036,32,3,405.62,4,4,2,442,Need Attention,1,🟢 Promising Mid-Tier,0.9995,2.16,135.21,2001.71,Silver
18037,154,6,70.02,2,5,1,251,Need Attention,0,❄️  Inactive / Lost,0.9984,4.78,11.67,441.69,Bronze
18040,19,2,357.2,4,3,2,432,Need Attention,1,🟢 Promising Mid-Tier,0.9986,1.28,178.6,1609.94,Silver
18041,12,21,4183.39,5,5,5,555,Champions,2,🏆 High Value Active,0.9999,17.93,199.21,23437.76,Platinum
18042,54,1,165.05,3,2,1,321,Potential Loyalists,0,❄️  Inactive / Lost,1.0,0.41,165.05,67.61,Bronze
18043,25,3,559.51,4,4,3,443,Loyal Customers,1,🟢 Promising Mid-Tier,0.9995,2.16,186.5,2728.45,Silver
18044,4,10,2088.6,5,5,5,555,Champions,2,🏆 High Value Active,0.9999,8.29,208.86,11408.68,Platinum
18045,45,1,189.4,3,2,1,321,Potential Loyalists,0,❄️  Inactive / Lost,1.0,0.41,189.4,77.58,Bronze
18048,203,2,172.29,1,3,1,131,Need Attention,0,❄️  Inactive / Lost,0.9965,1.28,86.14,828.03,Silver
18050,359,1,74.4,1,2,1,121,Hibernating,0,❄️  Inactive / Lost,1.0,0.41,74.4,30.48,Bronze
18053,71,1,300.02,3,2,2,322,Potential Loyalists,0,❄️  Inactive / Lost,1.0,0.41,300.02,122.9,Bronze
18055,7,10,6784.19,5,5,5,555,Champions,2,🏆 High Value Active,0.9999,8.29,678.42,36892.24,Platinum
18056,288,1,363.65,1,2,2,122,Hibernating,0,❄️  Inactive / Lost,1.0,0.41,363.65,148.96,Bronze
18058,10,1,170.16,5,2,1,521,New Customers,1,🟢 Promising Mid-Tier,1.0,0.41,170.16,69.7,Bronze
18059,23,3,306.46,4,4,2,442,Need Attention,1,🟢 Promising Mid-Tier,0.9995,2.16,102.15,1533.51,Silver
18061,22,10,2119.41,4,5,5,455,Champions,2,🏆 High Value Active,0.9999,8.29,211.94,11575.45,Platinum
18062,173,3,720.52,2,4,3,243,At Risk,3,🟢 Promising Mid-Tier,0.9985,2.16,240.17,3485.17,Gold
18064,133,2,814.0,2,3,3,233,At Risk,0,❄️  Inactive / Lost,0.9977,1.28,407.0,3534.04,Gold
18065,6,14,2392.83,5,5,5,555,Champions,2,🏆 High Value Active,0.9999,11.8,170.92,13265.36,Platinum
18066,75,1,318.0,2,2,2,222,Hibernating,0,❄️  Inactive / Lost,1.0,0.41,318.0,130.26,Bronze
18067,40,1,396.33,3,2,2,322,Potential Loyalists,1,🟢 Promising Mid-Tier,1.0,0.41,396.33,162.35,Bronze
18068,289,1,101.7,1,2,1,121,Hibernating,0,❄️  Inactive / Lost,1.0,0.41,101.7,41.66,Bronze
18069,26,5,2036.67,4,4,4,444,Champions,3,🟢 Promising Mid-Tier,0.9998,3.91,407.33,10515.38,Platinum
18071,258,2,453.0,1,3,2,132,Need Attention,0,❄️  Inactive / Lost,0.9946,1.28,226.5,2006.02,Silver
18072,186,1,247.44,1,2,1,121,Hibernating,0,❄️  Inactive / Lost,1.0,0.41,247.44,101.36,Bronze
18073,114,12,3877.52,2,5,5,255,At Risk,3,🟢 Promising Mid-Tier,0.9979,10.02,323.13,21268.06,Platinum
18074,374,1,489.6,1,2,3,123,Need Attention,0,❄️  Inactive / Lost,1.0,0.41,489.6,200.55,Bronze
18075,23,10,2611.75,4,5,5,455,Champions,2,🏆 High Value Active,0.9999,8.29,261.18,14247.31,Platinum
18077,8,11,2633.01,5,5,5,555,Champions,2,🏆 High Value Active,0.9999,9.17,239.36,14435.2,Platinum
18078,217,2,336.13,1,3,2,132,Need Attention,0,❄️  Inactive / Lost,0.9961,1.28,168.06,1517.28,Silver
18079,45,4,3651.97,3,4,5,345,Loyal Customers,3,🟢 Promising Mid-Tier,0.9997,3.04,912.99,18243.56,Platinum
18080,19,2,1231.5,4,3,4,434,Loyal Customers,1,🟢 Promising Mid-Tier,0.9986,1.28,615.75,5298.76,Gold
18081,36,3,343.45,3,4,2,342,Potential Loyalists,1,🟢 Promising Mid-Tier,0.9995,2.16,114.48,1708.12,Silver
18082,26,1,703.37,4,2,3,423,New Customers,1,🟢 Promising Mid-Tier,1.0,0.41,703.37,288.12,Bronze
18084,16,1,90.48,4,2,1,421,New Customers,1,🟢 Promising Mid-Tier,1.0,0.41,90.48,37.06,Bronze
18085,330,2,689.95,1,3,3,133,At Risk,0,❄️  Inactive / Lost,0.9869,1.27,344.98,2978.54,Silver
18086,274,1,101.34,1,2,1,121,Hibernating,0,❄️  Inactive / Lost,1.0,0.41,101.34,41.51,Bronze
18087,291,1,3202.92,1,2,5,125,Can't Lose Them,3,🟢 Promising Mid-Tier,1.0,0.41,3202.92,1312.01,Silver
18088,61,1,167.67,3,2,1,321,Potential Loyalists,0,❄️  Inactive / Lost,1.0,0.41,167.67,68.68,Bronze
18092,2,11,9068.26,5,5,5,555,Champions,2,🏆 High Value Active,0.9999,9.17,824.39,49537.54,Platinum
18093,93,4,2106.52,2,4,5,245,At Risk,3,🟢 Promising Mid-Tier,0.9994,3.04,526.63,10555.15,Platinum
18094,82,7,3017.3,2,5,5,255,At Risk,3,🟢 Promising Mid-Tier,0.9996,5.66,431.04,16054.64,Platinum
18095,313,2,580.05,1,3,3,133,At Risk,0,❄️  Inactive / Lost,0.9899,1.27,290.02,2527.97,Silver
18096,12,3,911.15,5,4,3,543,Loyal Customers,1,🟢 Promising Mid-Tier,0.9996,2.16,303.72,4389.12,Gold
18097,8,6,2697.8,5,5,5,555,Champions,2,🏆 High Value Active,0.9999,4.79,449.63,14174.08,Platinum
18099,127,1,168.31,2,2,1,221,Hibernating,0,❄️  Inactive / Lost,1.0,0.41,168.31,68.94,Bronze
18101,11,2,223.65,5,3,1,531,Need Attention,1,🟢 Promising Mid-Tier,0.9986,1.28,111.82,1046.52,Silver
18102,1,60,259657.3,5,5,5,555,Champions,2,🏆 High Value Active,1.0,52.09,4327.62,1474729.96,Platinum
18104,37,1,754.64,3,2,3,323,Potential Loyalists,1,🟢 Promising Mid-Tier,1.0,0.41,754.64,309.12,Bronze
18105,38,1,113.48,3,2,1,321,Potential Loyalists,0,❄️  Inactive / Lost,1.0,0.41,113.48,46.48,Bronze
18106,330,1,430.7,1,2,2,122,Hibernating,0,❄️  Inactive / Lost,1.0,0.41,430.7,176.43,Bronze
18108,254,1,271.0,1,2,2,122,Hibernating,0,❄️  Inactive / Lost,1.0,0.41,271.0,111.01,Bronze
18109,2,26,8052.97,5,5,5,555,Champions,2,🏆 High Value Active,1.0,22.31,309.73,45274.94,Platinum
18110,20,1,236.3,4,2,1,421,New Customers,1,🟢 Promising Mid-Tier,1.0,0.41,236.3,96.8,Bronze
18112,12,2,352.69,5,3,2,532,Need Attention,1,🟢 Promising Mid-Tier,0.9986,1.28,176.34,1590.97,Silver
18113,369,1,76.32,1,2,1,121,Hibernating,0,❄️  Inactive / Lost,1.0,0.41,76.32,31.26,Bronze
18114,290,1,220.1,1,2,1,121,Hibernating,0,❄️  Inactive / Lost,1.0,0.41,220.1,90.16,Bronze
18116,68,8,1414.43,3,5,4,354,Loyal Customers,3,🟢 Promising Mid-Tier,0.9997,6.54,176.8,7642.16,Gold
18117,26,1,319.47,4,2,2,422,New Customers,1,🟢 Promising Mid-Tier,1.0,0.41,319.47,130.86,Bronze
18118,11,26,5651.42,5,5,5,555,Champions,2,🏆 High Value Active,1.0,22.31,217.36,31793.68,Platinum
18119,368,1,181.12,1,2,1,121,Hibernating,0,❄️  Inactive / Lost,1.0,0.41,181.12,74.19,Bronze
18120,214,1,111.15,1,2,1,121,Hibernating,0,❄️  Inactive / Lost,1.0,0.41,111.15,45.53,Bronze
18121,149,2,673.1,2,3,3,233,At Risk,0,❄️  Inactive / Lost,0.9975,1.28,336.55,2939.49,Silver
18122,8,6,1824.99,5,5,4,554,Champions,2,🏆 High Value Active,0.9999,4.79,304.17,9613.12,Gold
18123,24,2,589.44,4,3,3,433,Loyal Customers,1,🟢 Promising Mid-Tier,0.9986,1.28,294.72,2589.73,Silver
18125,30,4,1142.99,4,4,4,444,Champions,3,🟢 Promising Mid-Tier,0.9997,3.04,285.75,5765.64,Gold
18126,61,1,204.49,3,2,1,321,Potential Loyalists,0,❄️  Inactive / Lost,1.0,0.41,204.49,83.76,Bronze
18127,19,3,348.73,4,4,2,442,Need Attention,1,🟢 Promising Mid-Tier,0.9996,2.16,116.24,1733.14,Silver
18129,243,1,112.55,1,2,1,121,Hibernating,0,❄️  Inactive / Lost,1.0,0.41,112.55,46.1,Bronze
18130,15,3,1059.39,4,4,4,444,Champions,1,🟢 Promising Mid-Tier,0.9996,2.16,353.13,5089.12,Gold
18133,212,1,931.5,1,2,4,124,Can't Lose Them,0,❄️  Inactive / Lost,1.0,0.41,931.5,381.57,Bronze
18135,29,5,681.91,4,4,3,443,Loyal Customers,3,🟢 Promising Mid-Tier,0.9998,3.91,136.38,3572.63,Gold
18136,63,3,784.33,3,4,3,343,Loyal Customers,3,🟢 Promising Mid-Tier,0.9994,2.16,261.44,3789.59,Gold
18138,295,1,152.65,1,2,1,121,Hibernating,0,❄️  Inactive / Lost,1.0,0.41,152.65,62.53,Bronze
18139,18,6,8438.34,4,5,5,455,Champions,2,🏆 High Value Active,0.9998,4.79,1406.39,44170.97,Platinum
18142,157,2,1019.52,2,3,4,234,At Risk,3,🟢 Promising Mid-Tier,0.9974,1.28,509.76,4398.96,Gold
18143,117,2,1000.16,2,3,4,234,At Risk,3,🟢 Promising Mid-Tier,0.9979,1.28,500.08,4319.54,Gold
18144,8,12,2888.75,5,5,5,555,Champions,2,🏆 High Value Active,0.9999,10.04,240.73,15896.04,Platinum
18145,13,4,2861.55,5,4,5,545,Champions,3,🟢 Promising Mid-Tier,0.9997,3.04,715.39,14313.72,Platinum
18146,141,2,160.35,2,3,1,231,Need Attention,0,❄️  Inactive / Lost,0.9976,1.28,80.18,778.61,Silver
18147,46,2,179.34,3,3,1,331,Potential Loyalists,1,🟢 Promising Mid-Tier,0.9984,1.28,89.67,859.39,Silver
18149,51,3,612.08,3,4,3,343,Loyal Customers,3,🟢 Promising Mid-Tier,0.9995,2.16,204.03,2976.44,Silver
18150,32,3,566.58,4,4,3,443,Loyal Customers,1,🟢 Promising Mid-Tier,0.9995,2.16,188.86,2761.78,Silver
18151,135,2,653.35,2,3,3,233,At Risk,0,❄️  Inactive / Lost,0.9977,1.28,326.68,2856.78,Silver
18154,3,2,399.19,5,3,2,532,Need Attention,1,🟢 Promising Mid-Tier,0.9987,1.28,199.6,1787.25,Silver
18155,75,3,371.62,2,4,2,242,Need Attention,0,❄️  Inactive / Lost,0.9994,2.16,123.87,1840.86,Silver
18156,13,2,734.94,5,3,3,533,Loyal Customers,1,🟢 Promising Mid-Tier,0.9986,1.28,367.47,3203.79,Gold
18158,9,2,453.4,5,3,2,532,Need Attention,1,🟢 Promising Mid-Tier,0.9986,1.28,226.7,2015.93,Silver
18159,301,1,530.15,1,2,3,123,Need Attention,0,❄️  Inactive / Lost,1.0,0.41,530.15,217.16,Bronze
18160,57,2,638.06,3,3,3,333,Loyal Customers,3,🟢 Promising Mid-Tier,0.9984,1.28,319.03,2794.31,Silver
18161,15,5,1618.69,4,4,4,444,Champions,3,🟢 Promising Mid-Tier,0.9998,3.91,323.74,8373.58,Gold
18164,37,1,399.65,3,2,2,322,Potential Loyalists,1,🟢 Promising Mid-Tier,1.0,0.41,399.65,163.71,Bronze
18165,177,1,302.46,2,2,2,222,Hibernating,0,❄️  Inactive / Lost,1.0,0.41,302.46,123.9,Bronze
18167,23,3,1384.86,4,4,4,444,Champions,3,🟢 Promising Mid-Tier,0.9995,2.16,461.62,6625.95,Gold
18168,176,6,1169.94,2,5,4,254,At Risk,3,🟢 Promising Mid-Tier,0.9974,4.78,194.99,6174.99,Gold
18169,61,1,202.65,3,2,1,321,Potential Loyalists,0,❄️  Inactive / Lost,1.0,0.41,202.65,83.01,Bronze
18170,33,3,980.31,4,4,4,444,Champions,3,🟢 Promising Mid-Tier,0.9995,2.16,326.77,4715.44,Gold
18171,59,5,1231.31,3,4,4,344,Loyal Customers,3,🟢 Promising Mid-Tier,0.9997,3.91,246.26,6387.48,Gold
18172,15,20,7561.68,4,5,5,455,Champions,2,🏆 High Value Active,0.9999,17.05,378.08,42252.43,Platinum
18173,87,4,2106.84,2,4,5,245,At Risk,3,🟢 Promising Mid-Tier,0.9995,3.04,526.71,10557.1,Platinum
18174,7,1,104.0,5,2,1,521,New Customers,1,🟢 Promising Mid-Tier,1.0,0.41,104.0,42.6,Bronze
18176,358,1,476.35,1,2,2,122,Hibernating,0,❄️  Inactive / Lost,1.0,0.41,476.35,195.13,Bronze
18177,31,6,1341.42,4,5,4,454,Champions,3,🟢 Promising Mid-Tier,0.9998,4.79,223.57,7085.79,Gold
18178,129,4,1590.81,2,4,4,244,At Risk,3,🟢 Promising Mid-Tier,0.9992,3.04,397.7,7988.59,Gold
18179,9,6,1793.17,5,5,4,554,Champions,2,🏆 High Value Active,0.9999,4.79,298.86,9446.82,Gold
18180,5,6,1843.75,5,5,4,554,Champions,2,🏆 High Value Active,0.9999,4.79,307.29,9711.2,Gold
18181,24,1,382.8,4,2,2,422,New Customers,1,🟢 Promising Mid-Tier,1.0,0.41,382.8,156.81,Bronze
18183,227,2,632.07,1,3,3,133,At Risk,0,❄️  Inactive / Lost,0.9958,1.28,316.04,2761.97,Silver
18184,15,1,49.8,4,2,1,421,New Customers,1,🟢 Promising Mid-Tier,1.0,0.41,49.8,20.4,Bronze
18185,249,1,304.25,1,2,2,122,Hibernating,0,❄️  Inactive / Lost,1.0,0.41,304.25,124.63,Bronze
18188,15,3,2001.04,4,4,4,444,Champions,3,🟢 Promising Mid-Tier,0.9996,2.16,667.01,9535.9,Gold
18189,78,2,1090.24,2,3,4,234,At Risk,3,🟢 Promising Mid-Tier,0.9982,1.28,545.12,4700.99,Gold
18190,192,2,284.46,1,3,2,132,Need Attention,0,❄️  Inactive / Lost,0.9967,1.28,142.23,1300.62,Silver
18191,262,1,207.8,1,2,1,121,Hibernating,0,❄️  Inactive / Lost,1.0,0.41,207.8,85.12,Bronze
18192,72,1,957.97,3,2,4,324,Potential Loyalists,0,❄️  Inactive / Lost,1.0,0.41,957.97,392.41,Bronze
18193,165,1,243.76,2,2,1,221,Hibernating,0,❄️  Inactive / Lost,1.0,0.41,243.76,99.85,Bronze
18194,82,1,973.84,2,2,4,224,Can't Lose Them,0,❄️  Inactive / Lost,1.0,0.41,973.84,398.91,Bronze
18196,95,2,689.13,2,3,3,233,At Risk,0,❄️  Inactive / Lost,0.9981,1.28,344.56,3008.85,Gold
18198,4,17,5425.56,5,5,5,555,Champions,2,🏆 High Value Active,1.0,14.42,319.15,30192.95,Platinum
18200,106,1,163.8,2,2,1,221,Hibernating,0,❄️  Inactive / Lost,1.0,0.41,163.8,67.1,Bronze
18202,200,3,1396.99,1,4,4,144,At Risk,3,🟢 Promising Mid-Tier,0.998,2.16,465.66,6672.94,Gold
18203,157,1,160.42,2,2,1,221,Hibernating,0,❄️  Inactive / Lost,1.0,0.41,160.42,65.71,Bronze
18204,71,3,1993.7,3,4,4,344,Loyal Customers,3,🟢 Promising Mid-Tier,0.9994,2.16,664.57,9499.38,Gold
18205,36,2,517.36,3,3,3,333,Loyal Customers,1,🟢 Promising Mid-Tier,0.9985,1.28,258.68,2285.47,Silver
18209,29,1,139.1,4,2,1,421,New Customers,1,🟢 Promising Mid-Tier,1.0,0.41,139.1,56.98,Bronze
18210,2,6,2621.38,5,5,5,555,Champions,2,🏆 High Value Active,0.9999,4.79,436.9,13774.89,Platinum
18211,26,5,600.07,4,4,3,443,Loyal Customers,3,🟢 Promising Mid-Tier,0.9998,3.91,120.01,3153.26,Gold
18212,326,1,248.42,1,2,2,122,Hibernating,0,❄️  Inactive / Lost,1.0,0.41,248.42,101.76,Bronze
18213,237,1,232.48,1,2,1,121,Hibernating,0,❄️  Inactive / Lost,1.0,0.41,232.48,95.23,Bronze
18215,89,1,299.34,2,2,2,222,Hibernating,0,❄️  Inactive / Lost,1.0,0.41,299.34,122.62,Bronze
18216,31,1,481.75,4,2,2,422,New Customers,1,🟢 Promising Mid-Tier,1.0,0.41,481.75,197.34,Bronze
18217,29,2,621.75,4,3,3,433,Loyal Customers,1,🟢 Promising Mid-Tier,0.9985,1.28,310.88,2725.98,Silver
18218,211,2,662.08,1,3,3,133,At Risk,0,❄️  Inactive / Lost,0.9963,1.28,331.04,2889.59,Silver
18219,3,10,2069.77,5,5,5,555,Champions,2,🏆 High Value Active,0.9999,8.29,206.98,11306.51,Platinum
18220,227,1,305.28,1,2,2,122,Hibernating,0,❄️  Inactive / Lost,1.0,0.41,305.28,125.05,Bronze
18221,22,5,1041.61,4,4,4,444,Champions,3,🟢 Promising Mid-Tier,0.9998,3.91,208.32,5416.06,Gold
18222,93,1,443.0,2,2,2,222,Hibernating,0,❄️  Inactive / Lost,1.0,0.41,443.0,181.47,Bronze
18223,5,14,6484.54,5,5,5,555,Champions,2,🏆 High Value Active,0.9999,11.8,463.18,35825.27,Platinum
18224,264,1,158.95,1,2,1,121,Hibernating,0,❄️  Inactive / Lost,1.0,0.41,158.95,65.11,Bronze
18225,3,12,5509.12,5,5,5,555,Champions,2,🏆 High Value Active,0.9999,10.04,459.09,30249.45,Platinum
18226,44,11,5228.05,3,5,5,355,Loyal Customers,2,🏆 High Value Active,0.9998,9.17,475.28,28586.71,Platinum
18227,218,1,93.75,1,2,1,121,Hibernating,0,❄️  Inactive / Lost,1.0,0.41,93.75,38.4,Bronze
18228,57,2,779.9,3,3,3,333,Loyal Customers,3,🟢 Promising Mid-Tier,0.9984,1.28,389.95,3392.62,Gold
18229,12,20,7276.9,5,5,5,555,Champions,2,🏆 High Value Active,0.9999,17.05,363.84,40664.2,Platinum
18230,9,7,2810.2,5,5,5,555,Champions,2,🏆 High Value Active,0.9999,5.66,401.46,14962.52,Platinum
18231,192,5,2083.27,1,4,5,145,At Risk,3,🟢 Promising Mid-Tier,0.9974,3.9,416.65,10728.41,Platinum
18232,82,4,592.97,2,4,3,243,At Risk,3,🟢 Promising Mid-Tier,0.9995,3.04,148.24,3029.45,Gold
18233,326,1,440.0,1,2,2,122,Hibernating,0,❄️  Inactive / Lost,1.0,0.41,440.0,180.24,Bronze
18235,72,3,1796.48,3,4,4,344,Loyal Customers,3,🟢 Promising Mid-Tier,0.9994,2.16,598.83,8568.18,Gold
18236,30,6,882.24,4,5,3,453,Loyal Customers,3,🟢 Promising Mid-Tier,0.9998,4.79,147.04,4686.44,Gold
18237,3,5,987.1,5,5,4,554,Champions,2,🏆 High Value Active,0.9998,3.91,197.42,5136.92,Gold
18239,219,5,1561.61,1,5,4,154,At Risk,3,🟢 Promising Mid-Tier,0.9954,3.9,312.32,8045.2,Gold
18240,46,1,422.58,3,2,2,322,Potential Loyalists,1,🟢 Promising Mid-Tier,1.0,0.41,422.58,173.1,Bronze
18241,10,17,2073.09,5,5,5,555,Champions,2,🏆 High Value Active,0.9999,14.42,121.95,11580.92,Platinum
18242,72,4,2232.49,3,4,5,345,Loyal Customers,3,🟢 Promising Mid-Tier,0.9995,3.04,558.12,11182.75,Platinum
18245,7,7,2567.06,5,5,5,555,Champions,2,🏆 High Value Active,0.9999,5.66,366.72,13674.53,Platinum
18246,24,2,596.1,4,3,3,433,Loyal Customers,1,🟢 Promising Mid-Tier,0.9986,1.28,298.05,2617.83,Silver
18248,123,2,804.02,2,3,3,233,At Risk,0,❄️  Inactive / Lost,0.9978,1.28,402.01,3492.37,Gold
18249,17,1,95.34,4,2,1,421,New Customers,1,🟢 Promising Mid-Tier,1.0,0.41,95.34,39.05,Bronze
18250,310,1,349.27,1,2,2,122,Hibernating,0,❄️  Inactive / Lost,1.0,0.41,349.27,143.07,Bronze
18251,87,1,4314.72,2,2,5,225,Can't Lose Them,3,🟢 Promising Mid-Tier,1.0,0.41,4314.72,1767.43,Silver
18252,51,2,526.67,3,3,3,333,Loyal Customers,1,🟢 Promising Mid-Tier,0.9984,1.28,263.33,2324.53,Silver
18255,89,1,103.3,2,2,1,221,Hibernating,0,❄️  Inactive / Lost,1.0,0.41,103.3,42.31,Bronze
18257,39,8,2337.63,3,5,5,355,Loyal Customers,3,🟢 Promising Mid-Tier,0.9998,6.54,292.2,12583.45,Platinum
18259,25,3,2338.6,4,4,5,445,Champions,3,🟢 Promising Mid-Tier,0.9995,2.16,779.53,11129.65,Platinum
18260,173,6,2643.2,2,5,5,255,At Risk,3,🟢 Promising Mid-Tier,0.9976,4.78,440.53,13857.23,Platinum
18261,43,2,324.24,3,3,2,332,Potential Loyalists,1,🟢 Promising Mid-Tier,0.9984,1.28,162.12,1470.68,Silver
18262,140,1,149.48,2,2,1,221,Hibernating,0,❄️  Inactive / Lost,1.0,0.41,149.48,61.23,Bronze
18263,26,3,1213.16,4,4,4,444,Champions,3,🟢 Promising Mid-Tier,0.9995,2.16,404.39,5815.09,Gold
18265,72,2,801.51,3,3,3,333,Loyal Customers,3,🟢 Promising Mid-Tier,0.9983,1.28,400.76,3483.41,Gold
18268,134,1,25.5,2,2,1,221,Hibernating,0,❄️  Inactive / Lost,1.0,0.41,25.5,10.45,Bronze
18269,366,1,168.6,1,2,1,121,Hibernating,0,❄️  Inactive / Lost,1.0,0.41,168.6,69.06,Bronze
18270,38,2,283.15,3,3,2,332,Potential Loyalists,1,🟢 Promising Mid-Tier,0.9985,1.28,141.57,1297.38,Silver
18272,3,6,3078.58,5,5,5,555,Champions,2,🏆 High Value Active,0.9999,4.79,513.1,16164.03,Platinum
18273,2,3,204.0,5,4,1,541,Need Attention,1,🟢 Promising Mid-Tier,0.9996,2.16,68.0,1049.73,Silver
18274,30,1,175.92,4,2,1,421,New Customers,1,🟢 Promising Mid-Tier,1.0,0.41,175.92,72.06,Bronze
18276,44,1,335.86,3,2,2,322,Potential Loyalists,1,🟢 Promising Mid-Tier,1.0,0.41,335.86,137.58,Bronze
18277,58,1,110.38,3,2,1,321,Potential Loyalists,0,❄️  Inactive / Lost,1.0,0.41,110.38,45.21,Bronze
18278,74,1,173.9,2,2,1,221,Hibernating,0,❄️  Inactive / Lost,1.0,0.41,173.9,71.23,Bronze
18280,278,1,180.6,1,2,1,121,Hibernating,0,❄️  Inactive / Lost,1.0,0.41,180.6,73.98,Bronze
18281,181,1,80.82,1,2,1,121,Hibernating,0,❄️  Inactive / Lost,1.0,0.41,80.82,33.11,Bronze
18282,8,2,178.05,5,3,1,531,Need Attention,1,🟢 Promising Mid-Tier,0.9986,1.28,89.02,854.13,Silver
18283,4,16,2088.93,5,5,5,555,Champions,2,🏆 High Value Active,1.0,13.55,130.56,11645.91,Platinum
18287,43,3,1837.28,3,4,4,344,Loyal Customers,3,🟢 Promising Mid-Tier,0.9995,2.16,612.43,8761.82,Gold
